,acceleration_x,acceleration_y,acceleration_z,gps_lat,gps_long,gyro_x,gyro_y,gyro_z,speed_x,speed_y,timestamp,linear_speed,steer
0,-1.009,0.062,-0.067,40.679905,-73.95868,0.0205,-0.0413,-0.0181,11.517259,-3.102668,1489885489883,11.9278582986,0.0
1,-0.9681709,0.04365387,-0.04432223,40.679905,-73.95868,0.020590214,-0.06809345,-0.0074547925,11.528135,-3.1080449,1489885489916,11.9397587781,0.0
2,-1.0594943,-0.02012854,-0.006645752,40.679905,-73.95867,-0.03984341,-0.00090630003,-0.024060585,11.539012,-3.1134214,1489885489949,11.9516605855,0.0
3,-1.0048716,0.023028834,-0.040989894,40.679905,-73.958664,0.024697717,-0.05019636,0.025245873,11.549889,-3.118798,1489885489982,11.9635628839,0.0
4,-0.9788372,0.011214233,-0.036854323,40.679874,-73.958664,-0.03056474,-0.028530283,0.014055737,11.558548,-3.1236303,1489885490015,11.9731824558,0.0
5,-0.95860904,0.042259317,-0.059642334,40.679874,-73.95866,0.00095943024,-0.05347357,0.012764016,11.564595,-3.127822,1489885490048,11.980113855,0.0
6,-1.0162399,0.044937257,-0.033991393,40.679874,-73.95866,-0.0060301954,-0.006427777,-0.016780306,11.570643,-3.1320138,1489885490081,11.9870467538,0.0
7,-1.0052398,0.05840039,-0.046700194,40.679874,-73.95865,0.005467114,-0.059542626,0.014049707,11.576691,-3.1362052,1489885490114,11.9939800553,0.0
8,-1.0056558,0.004990088,-0.059022658,40.679874,-73.95865,-0.0136216115,-0.056960355,0.013131147,11.582739,-3.1403968,1489885490147,12.0009139153,0.0
9,-0.9872771,0.015530151,-0.022807252,40.679874,-73.95864,0.003978091,-0.08014494,0.019219197,11.588786,-3.1445887,1489885490180,12.0078473943,0.0
10,-1.044399,0.0322281,-0.09565571,40.679874,-73.95863,0.010963989,-0.010233142,-0.016681701,11.594833,-3.1487803,1489885490213,12.0147812995,0.0
11,-0.9783022,0.08883355,-0.032023046,40.679874,-73.95863,-0.015427229,-0.1116865,0.02112936,11.600882,-3.1529722,1489885490246,12.0217177172,0.0
12,-0.9592286,0.0406167,0.00083673093,40.679874,-73.958626,-0.02539007,-0.0721506,-0.018871197,11.60693,-3.1571639,1489885490279,12.0286536203,0.0
13,-0.98252547,0.05521647,-0.026938025,40.679874,-73.958626,0.006910121,-0.096014425,-0.016654432,11.612976,-3.1613555,1489885490312,12.0355880693,0.0
14,-1.0051992,0.03494014,-0.0017615234,40.679874,-73.95862,-0.01924083,-0.06266291,-0.028827813,11.619024,-3.165547,1489885490345,12.042524923,0.0
15,-1.039,0.045927733,-0.0566249,40.679874,-73.95861,0.03759179,-0.024209658,-0.023469971,11.625072,-3.1697388,1489885490378,12.0494623559,0.0
16,-0.99743956,0.032754235,-0.016902478,40.679874,-73.95861,-0.029905539,-0.06152864,0.008599992,11.631119,-3.1739304,1489885490411,12.0563992708,0.0
17,-0.96074784,0.036053248,-0.03427173,40.679874,-73.9586,0.0063114683,-0.065689474,0.007873407,11.637167,-3.178122,1489885490444,12.063337649,0.0
18,-1.0182694,0.043851905,-0.0262458,40.679874,-73.9586,-0.012296787,-0.016537037,-0.013117439,11.643213,-3.1823137,1489885490477,12.0702746219,0.0
19,-0.9732304,0.02179657,-0.022159314,40.679874,-73.958595,0.0020484875,-0.039421927,-0.012801072,11.649261,-3.1865053,1489885490510,12.0772139947,0.0
20,-1.0419888,0.033105895,-0.060071655,40.679874,-73.95859,0.012229926,-0.036985423,-0.0022442627,11.655309,-3.190697,1489885490543,12.0841538898,0.0
21,-0.95058525,0.048106786,-0.055987258,40.679874,-73.95859,-0.0065435595,-0.03318675,-0.0064584618,11.661356,-3.1948886,1489885490576,12.0910932891,0.0
22,-0.93190706,-0.006929834,-0.056686815,40.679874,-73.95858,-0.0029017383,-0.09382336,0.009518843,11.667404,-3.1990805,1489885490609,12.0980342265,0.0
23,-1.0129509,0.041008934,-0.051482875,40.679874,-73.95858,0.009368362,0.01941026,-0.024905901,11.673451,-3.203272,1489885490642,12.1049745871,0.0
24,-0.9291123,0.09415508,-0.041521385,40.679874,-73.95857,-0.01888933,-0.119754,0.022002997,11.679499,-3.2074637,1489885490676,12.1119164577,0.0
25,-1.0741398,0.045304418,-0.025338061,40.679874,-73.958565,-0.0023465015,0.002791245,-0.0511173,11.685547,-3.2116556,1489885490709,12.1188588729,0.0
26,-0.9802533,0.032392822,-0.06175989,40.679874,-73.958565,0.021458585,-0.11127831,0.00095635257,11.691593,-3.215847,1489885490742,12.1257997182,0.0
27,-1.0360887,-0.040942725,-0.0065095457,40.679874,-73.95856,-0.04192375,-0.025121197,-0.024762042,11.697641,-3.2200387,1489885490775,12.1327430614,0.0
28,-0.9990805,0.06819879,-0.092717394,40.679874,-73.95856,0.017838113,-0.04390623,-0.0062671425,11.703689,-3.2242305,1489885490808,12.1396869204,0.0
29,-1.006291,0.014152343,-0.008714844,40.679874,-73.95855,-0.038888827,-0.05177555,-0.013443008,11.709737,-3.2284222,1489885490841,12.1466312412,0.0
30,-0.99731284,0.054486036,-0.08712849,40.679874,-73.95854,0.05214063,-0.057469726,-0.005125726,11.715784,-3.2326138,1489885490874,12.153575059,0.0
31,-1.0123738,0.0054491456,0.0055640135,40.679874,-73.95854,-0.05881203,-0.08560837,-0.013616803,11.721832,-3.2368054,1489885490907,12.1605203274,0.0
32,-0.9840124,0.04226709,-0.01810974,40.679874,-73.958534,0.027827216,-0.0916825,-0.020104151,11.72788,-3.2409973,1489885490940,12.1674661616,0.0
33,-1.0453176,0.046896607,-0.069516964,40.679874,-73.958534,0.0402822,-0.050846614,-0.024898589,11.733927,-3.2451887,1489885490973,12.1744113837,0.0
34,-1.0358757,0.031234961,-0.06641459,40.679848,-73.95853,-0.0077473987,-0.06316861,-0.011523587,11.740166,-3.2484326,1489885491006,12.1812894254,0.0
35,-0.99862045,0.04807533,-0.049626283,40.679848,-73.95852,0.009273815,-0.06865139,-0.0026893504,11.747197,-3.2477741,1489885491039,12.187890464,0.0
36,-0.9981057,-2.4414063e-05,-0.012054199,40.679848,-73.95852,0.0038687012,-0.1052456,0.012329702,11.754229,-3.2471156,1489885491072,12.1944929827,0.0
37,-1.0475098,0.01733955,-0.016037744,40.679848,-73.95851,-0.00021225587,-0.030223394,-0.018462954,11.76126,-3.246457,1489885491105,12.2010950263,0.0
38,-0.995152,0.03950095,-0.04312864,40.679848,-73.95851,-0.0030069225,-0.07438831,0.009268258,11.7682905,-3.2457986,1489885491138,12.2076971557,0.0
39,-0.9420165,0.015439698,-0.022604492,40.679848,-73.9585,0.004860388,-0.057754125,-0.0023044923,11.775322,-3.2451398,1489885491171,12.2143006564,0.0
40,-1.0322165,0.055992357,-0.051472608,40.679848,-73.958496,0.013427066,-0.047410045,0.0009664087,11.782352,-3.2444813,1489885491204,12.2209033037,0.0
41,-0.9540585,0.034482934,-0.009741467,40.679848,-73.958496,-0.012640725,-0.09148973,0.010469381,11.789385,-3.2438228,1489885491237,12.2275093554,0.0
42,-1.0435566,-0.00057735597,-0.030279443,40.679848,-73.95849,-0.013643817,-0.04782737,-0.0034397375,11.796416,-3.243164,1489885491270,12.2341139105,0.0
43,-0.9759073,0.037762694,-0.02140791,40.679848,-73.95849,-0.008204639,-0.06639525,0.013265986,11.803448,-3.242506,1489885491303,12.2407201524,0.0
44,-1.0425255,-0.0029817382,-0.035575878,40.679848,-73.95848,0.0017558594,-0.042185057,0.012047022,11.810478,-3.2418475,1489885491336,12.2473248427,0.0
45,-1.0594873,0.06521239,-0.079181276,40.679848,-73.95847,-0.026459882,-0.032954685,0.0029892663,11.817511,-3.2411885,1489885491369,12.2539328025,0.0
46,-1.0180085,0.06724469,-0.07610547,40.679848,-73.95847,-0.0023779285,-0.06504721,0.018019557,11.824541,-3.2405303,1489885491402,12.2605385887,0.0
47,-1.0609934,0.041766383,0.005,40.679848,-73.958466,-0.0857499,0.0030763429,-0.033845875,11.831572,-3.2398715,1489885491436,12.2671456879,0.0
48,-1.048736,0.04363977,-0.068340406,40.679848,-73.958466,0.022312846,-0.061479405,0.00856047,11.838604,-3.239213,1489885491469,12.2737543371,0.0
49,-1.0532076,0.058743592,-0.014990783,40.679848,-73.95846,-0.036929518,-0.019847192,-0.011527056,11.845634,-3.2385545,1489885491502,12.2803615627,0.0
50,-0.90658134,0.09109411,-0.07798417,40.679848,-73.95845,0.043489758,-0.19852787,0.05146306,11.852665,-3.237896,1489885491535,12.2869702575,0.0
51,-1.0685776,-0.058044873,0.017685108,40.679848,-73.95845,-0.04556802,-0.059768725,-0.029786866,11.859696,-3.2372375,1489885491568,12.2935794561,0.0
52,-0.9592162,0.025738562,-0.039704613,40.679848,-73.95844,-0.009461605,-0.1346875,0.0039710216,11.866728,-3.236579,1489885491601,12.3001901225,0.0
53,-1.156308,0.08977973,-0.008678345,40.679848,-73.95844,0.02092026,0.09489196,-0.08806084,11.873759,-3.2359204,1489885491634,12.3068003,0.0
54,-0.94603723,0.08687136,-0.07768701,40.679848,-73.958435,0.019582262,-0.13814598,0.02654093,11.88079,-3.235262,1489885491667,12.3134110316,0.0
55,-1.0744983,-0.028447364,0.025447363,40.679848,-73.95843,-0.057292163,0.0018472461,-0.02918762,11.887821,-3.2346032,1489885491700,12.3200221586,0.0
56,-0.97030777,0.10896936,-0.03623822,40.679848,-73.95843,0.079726525,-0.09791112,0.019560132,11.894853,-3.2339447,1489885491733,12.3266348293,0.0
57,-1.0923082,-0.09320703,-0.013675781,40.679848,-73.95842,-0.060591016,-0.08577168,0.010109765,11.901884,-3.2332861,1489885491766,12.3332470077,0.0
58,-1.034207,0.10009609,-0.09824297,40.679848,-73.95842,0.066688515,-0.052558437,-0.00798875,11.908915,-3.2326274,1489885491799,12.3398596582,0.0
59,-1.0056034,-0.087837406,-0.07064038,40.679848,-73.95841,-0.024759702,-0.16882524,0.031106826,11.915947,-3.2319689,1489885491832,12.3464738236,0.0
60,-1.0585111,0.08565129,-0.038013536,40.679848,-73.958405,0.021759454,-0.059478637,0.0041807336,11.922977,-3.2313106,1489885491865,12.3530866077,0.0
61,-0.9507884,0.054225586,0.057270702,40.679848,-73.958405,-0.006879636,-0.03173955,-0.02749731,11.930009,-3.230652,1489885491898,12.3597017393,0.0
62,-0.6959019,0.11242603,0.14234416,40.679848,-73.9584,-0.09791062,-0.07095986,-0.035230216,11.937039,-3.2299933,1489885491931,12.3663154094,0.0
63,-1.0569843,0.026766296,-0.043533117,40.679848,-73.95839,0.064064026,0.019569732,-0.031312924,11.944071,-3.2293348,1489885491964,12.3729315566,0.0
64,-0.9111581,-0.013717969,0.023684839,40.679848,-73.95839,-0.02161007,-0.057798073,0.036056183,11.951102,-3.2286763,1489885491997,12.3795472318,0.0
65,-1.009939,-0.06582012,0.11963311,40.679817,-73.95838,-0.016565947,0.032424334,0.015421152,11.953377,-3.2266858,1489885492030,12.3812246146,0.0
66,-1.0646632,-0.014676758,-0.055248167,40.679817,-73.95838,0.048069216,0.0503601,0.011971662,11.955301,-3.2245975,1489885492063,12.3825381501,0.0
67,-0.9091278,0.0034689575,-0.014105517,40.679817,-73.958374,-0.01005174,-0.042470943,0.040803026,11.957227,-3.222509,1489885492096,12.3838540764,0.0
68,-1.0068908,0.07339331,0.0017115723,40.679817,-73.95837,-0.010205112,-0.011340166,-0.017897619,11.959152,-3.2204206,1489885492129,12.3851695749,0.0
69,-0.9185112,0.057396654,-0.21468447,40.679817,-73.95837,0.01720885,0.004616946,-0.07820937,11.961077,-3.2183323,1489885492162,12.3864856111,0.0
70,-1.0482956,0.020098547,-0.09670351,40.679817,-73.95836,0.0838186,-0.10445624,-0.024764052,11.963002,-3.2162442,1489885492195,12.3878022105,0.0
71,-0.98022515,0.011054615,-0.12417172,40.679817,-73.95836,-0.0049884585,-0.12581456,-0.010298523,11.964928,-3.214156,1489885492229,12.3891202608,0.0
72,-0.95574963,-0.0026461915,-0.07516797,40.679817,-73.95835,0.02349122,-0.090129025,-0.031666424,11.966853,-3.2120676,1489885492262,12.3904378046,0.0
73,-0.9833047,0.06310645,-0.082108885,40.679817,-73.95834,0.03000834,-0.08848458,-0.053555235,11.968779,-3.2099793,1489885492295,12.3917568511,0.0
74,-0.9681249,0.0042812256,-0.04424784,40.679817,-73.95834,-6.9641114e-06,-0.1580795,-0.045991406,11.970703,-3.2078907,1489885492328,12.3930743989,0.0
75,-1.1043637,0.024969922,-0.07313675,40.679817,-73.958336,0.02909789,-0.060085688,-0.07140937,11.97263,-3.205803,1489885492361,12.394395588,0.0
76,-1.0517235,-1.2207032e-07,-0.026829712,40.679817,-73.958336,-0.0076097143,-0.11743637,-0.0273037,11.974554,-3.2037144,1489885492394,12.3957141567,0.0
77,-1.1151366,0.008839954,0.008108667,40.679817,-73.95833,0.0038203674,-0.09219584,-0.018185528,11.97648,-3.2016263,1489885492427,12.397035297,0.0
78,-1.0307326,-0.019693041,0.01247749,40.679817,-73.95832,-0.007149141,-0.094863854,-0.030169092,11.978405,-3.1995378,1489885492460,12.398355878,0.0
79,-1.0136644,0.02912378,-0.02707837,40.679817,-73.95832,0.032457784,-0.054573994,-0.040442217,11.9803295,-3.1974497,1489885492493,12.399676589,0.0
80,-0.7674496,-0.0022480958,0.09152583,40.679817,-73.95831,0.06910333,-0.0868427,-0.020915786,11.982254,-3.1953611,1489885492526,12.4009976808,0.0
81,-0.9968263,-0.001636145,0.0032605592,40.679817,-73.958305,-0.0063872314,-0.01713725,-0.055919133,11.98418,-3.1932728,1489885492559,12.4023208089,0.0
82,-0.87450063,0.03991743,-0.06168152,40.679817,-73.958305,0.109475635,-0.14493518,0.0150383925,11.986105,-3.1911845,1489885492592,12.4036434802,0.0
83,-1.0483395,0.03733948,0.009961548,40.679817,-73.9583,-0.0029936328,0.033708625,-0.042520963,11.98803,-3.1890962,1489885492625,12.4049666607,0.0
84,-1.0077047,0.10272798,-0.0016097412,40.679817,-73.9583,0.00580865,0.051476832,-0.06409865,11.989956,-3.187008,1489885492658,12.4062913425,0.0
85,-0.9465122,0.0840387,-0.04522539,40.679817,-73.95829,0.054464158,-0.07521253,-0.0332042,11.99188,-3.1849196,1489885492691,12.4076145489,0.0
86,-1.0592031,-0.053353515,-0.09103613,40.679817,-73.95828,-0.0061476952,0.075736016,-0.09433342,11.993807,-3.1828315,1489885492724,12.4089412405,0.0
87,-0.8790641,0.0018894532,-0.1468707,40.679817,-73.95828,0.0432809,-0.010962539,-0.032092538,11.995731,-3.180743,1489885492757,12.4102654386,0.0
88,-0.9383815,-0.10280397,-0.1536341,40.679817,-73.958275,0.024633707,-0.055889,-0.0042769653,11.997657,-3.1786547,1489885492790,12.4115921296,0.0
89,-1.0542051,-0.044979725,-0.06202373,40.679817,-73.958275,0.016063236,-0.07189935,0.019852934,11.999582,-3.1765666,1489885492823,12.4129184134,0.0
90,-0.98425376,0.049253784,-0.09890334,40.679817,-73.95827,0.0037888403,-0.04426923,-0.008735119,12.001508,-3.1744783,1489885492856,12.4142461209,0.0
91,-1.095249,0.09266121,-0.115,40.679817,-73.95826,0.0032651979,-0.044574317,-0.035719886,12.003433,-3.17239,1489885492889,12.4155733697,0.0
92,-0.96529454,-0.010709705,-0.033447057,40.679817,-73.95826,0.0036915808,-0.11295585,-0.05436716,12.005358,-3.1703017,1489885492922,12.4169011262,0.0
93,-1.0811621,0.02041156,-0.112964235,40.679817,-73.95825,0.03849526,-0.17338544,-0.044386216,12.007282,-3.1682131,1489885492955,12.4182283469,0.0
94,-1.1487666,-0.09704746,0.010828613,40.679817,-73.958244,0.027304834,-0.00026418458,-0.107341915,12.009208,-3.1661248,1489885492989,12.4195580854,0.0
95,-1.0190487,-0.10098072,-0.07848582,40.679787,-73.958244,0.010941455,-0.15803127,0.008746893,12.014305,-3.1613255,1489885493022,12.4232646092,0.0
96,-0.9901056,-0.08444183,0.01988794,40.679787,-73.95824,-0.017356269,-0.14410537,0.03034416,12.020978,-3.155178,1489885493055,12.4281559488,0.0
97,-1.0860171,-0.027133204,0.08361467,40.679787,-73.95824,-0.010419204,0.020728389,-0.009884521,12.027651,-3.1490307,1489885493088,12.4330520359,0.0
98,-0.965939,-0.008384277,0.035997875,40.679787,-73.95823,0.0063323975,-0.14453426,0.061882738,12.034325,-3.1428833,1489885493121,12.4379537563,0.0
99,-0.99677014,-0.017079163,0.063347116,40.679787,-73.95822,-0.0044783363,0.04829505,-0.013197041,12.0409975,-3.136736,1489885493154,12.4428587362,0.0
100,-0.97893786,0.057136964,-0.05289569,40.679787,-73.95822,0.052983947,-0.090018824,0.06297745,12.04767,-3.1305883,1489885493187,12.4477682953,0.0
101,-1.0291675,-0.02705752,0.0313666,40.679787,-73.95821,-0.038506787,0.017126758,0.020070165,12.054344,-3.124441,1489885493220,12.4526840815,0.0
102,-0.9357049,0.022523437,-0.09289922,40.679787,-73.95821,0.05320169,-0.021614082,0.035298634,12.061017,-3.1182935,1489885493253,12.4576035186,0.0
103,-0.98273736,0.00910907,0.034602966,40.679787,-73.958206,-0.026066795,-0.019021854,0.036476698,12.06769,-3.112146,1489885493286,12.4625276193,0.0
104,-0.96040046,0.0707999,-0.07372705,40.679787,-73.9582,0.03317389,-0.01266062,0.012376697,12.074363,-3.1059985,1489885493319,12.467456378,0.0
105,-0.9568566,0.078282446,-0.041325368,40.679787,-73.9582,0.015068638,-0.07811883,0.01152778,12.081036,-3.0998511,1489885493352,12.4723898141,0.0
106,-0.9632358,0.0064436034,-0.07934265,40.679787,-73.95819,0.006838577,-0.0561019,-0.011392605,12.087709,-3.0937037,1489885493385,12.4773278971,0.0
107,-1.0007253,0.068516456,-0.055708375,40.679787,-73.95818,0.023291197,-0.06117445,-0.01614296,12.094382,-3.0875561,1489885493418,12.482270572,0.0
108,-0.976586,0.046929345,-0.011280518,40.679787,-73.95818,-0.025232866,-0.030368233,-0.061062597,12.101056,-3.0814085,1489885493451,12.4872188521,0.0
109,-1.0184948,0.047504444,-0.094846435,40.679787,-73.958176,0.049329106,-0.08017501,-0.037302382,12.107729,-3.075261,1489885493484,12.4921708184,0.0
110,-1.0353125,0.016836157,-0.04457666,40.679787,-73.958176,-0.0074555483,-0.05938129,-0.046314657,12.114403,-3.069114,1489885493517,12.4971285018,0.0
111,-1.0018382,0.029693298,-0.032563195,40.679787,-73.95817,0.036609463,-0.12295516,-0.025624411,12.121077,-3.0629666,1489885493550,12.5020907065,0.0
112,-1.0466471,0.026483692,-0.07531367,40.679787,-73.95816,0.0380993,-0.08058241,-0.025601484,12.1277485,-3.056819,1489885493583,12.5070550522,0.0
113,-1.0039803,0.0018081055,-0.013239868,40.679787,-73.95816,-0.021259448,-0.10421577,-0.022479108,12.134422,-3.0506716,1489885493616,12.5120259944,0.0
114,-1.0366573,0.039450597,-0.06565727,40.679787,-73.95815,0.03005677,-0.086801186,-0.036214035,12.141095,-3.0445242,1489885493649,12.5170010547,0.0
115,-1.029259,-0.016869726,-0.051092383,40.679787,-73.958145,0.003742754,-0.07681746,-0.050355468,12.147768,-3.0383766,1489885493682,12.5219806638,0.0
116,-1.052,-0.0368875,-0.053685937,40.679787,-73.958145,0.005441875,-0.08609672,-0.031978905,12.154441,-3.0322292,1489885493715,12.5269649135,0.0
117,-1.0067384,0.015385083,-0.06067533,40.679787,-73.95814,0.041420124,-0.0741,-0.022136893,12.161115,-3.0260816,1489885493749,12.5319546717,0.0
118,-1.0496874,-0.0019782227,-0.044581667,40.679787,-73.95814,-0.0015304566,-0.078024834,-0.013907318,12.167788,-3.0199342,1489885493782,12.536948089,0.0
119,-0.9986437,0.029356275,-0.049971655,40.679787,-73.95813,0.018103499,-0.08470916,-0.012380955,12.17446,-3.0137868,1489885493815,12.541945111,0.0
120,-1.0803468,-0.025201904,-0.043315917,40.679787,-73.95812,-0.0042998707,-0.057442818,-0.024690313,12.181134,-3.0076392,1489885493848,12.5469485965,0.0
121,-1.0118697,0.022038868,-0.037673146,40.679787,-73.95812,0.021392578,-0.061104193,-0.0054924865,12.187807,-3.0014918,1489885493881,12.5519557239,0.0
122,-1.0368643,0.012019873,-0.032413136,40.679787,-73.958115,0.013243438,-0.033311527,-0.018496973,12.194481,-2.9953444,1489885493914,12.5569683815,0.0
123,-0.9984763,0.019107422,-0.036134277,40.679787,-73.95811,-0.0056127394,-0.074730605,0.010291928,12.201155,-2.989197,1489885493947,12.561985593,0.0
124,-0.99993384,0.021009924,-0.038678795,40.679787,-73.95811,-0.00018151246,-0.049476862,0.0034852172,12.207828,-2.9830496,1489885493980,12.5670063815,0.0
125,-1.0183693,0.0019324829,-0.02584353,40.67976,-73.9581,-0.0014698828,-0.06879549,0.023031373,12.212452,-2.9795449,1489885494013,12.5706671129,0.0
126,-0.9845558,0.063086964,-0.052225903,40.67976,-73.9581,0.006879726,-0.070221156,0.019348448,12.214058,-2.9799364,1489885494046,12.5723201429,0.0
127,-0.9985601,0.0415199,0.000111938476,40.67976,-73.95809,0.0019482471,-0.05018502,-0.01007301,12.215662,-2.980328,1489885494079,12.5739712536,0.0
128,-0.9792272,0.0411104,-0.064572535,40.67976,-73.958084,0.016190374,-0.070588425,-0.014137866,12.217267,-2.9807198,1489885494112,12.5756233832,0.0
129,-1.0184269,0.031047437,-0.032355774,40.67976,-73.958084,0.0029880041,-0.05837307,-0.018593976,12.218873,-2.9811113,1489885494145,12.5772764132,0.0
130,-1.003104,0.0424917,-0.057895996,40.67976,-73.95808,0.016887734,-0.044315077,-0.021869425,12.220477,-2.981503,1489885494178,12.5789275476,0.0
131,-0.97271943,0.001597229,-0.08066947,40.67976,-73.95807,0.019896429,-0.14161453,0.027531702,12.222082,-2.9818945,1489885494211,12.580579606,0.0
132,-1.0606067,-0.012259729,-0.020364868,40.67976,-73.95807,-0.0062565403,-0.029301519,-0.004762053,12.223688,-2.982286,1489885494244,12.582232636,0.0
133,-0.958,0.047397096,-0.05968225,40.67976,-73.95806,0.018654058,-0.10038838,0.009124641,12.225293,-2.9826775,1489885494277,12.5838846945,0.0
134,-1.0366191,0.01883833,-0.039953467,40.67976,-73.95805,-0.03416301,-0.0022997924,-0.034320224,12.226897,-2.9830692,1489885494310,12.5855358289,0.0
135,-0.9629979,0.049680043,-0.09422809,40.67976,-73.95805,0.044604223,-0.08112215,0.011560861,12.228502,-2.983461,1489885494343,12.5871879585,0.0
136,-1.0388823,0.008008118,-0.03880785,40.67976,-73.958046,-0.015800446,-0.028799107,0.0026295057,12.230108,-2.9838524,1489885494376,12.5888409648,0.0
137,-1.0118482,0.035452735,0.0016834473,40.67976,-73.958046,-0.0146776615,-0.06142282,0.028751928,12.231712,-2.9842439,1489885494409,12.5904920518,0.0
138,-1.054239,0.05690337,-0.010169971,40.67976,-73.95804,-0.004537842,-0.002083838,-0.0013562745,12.233318,-2.9846354,1489885494442,12.5921450818,0.0
139,-0.9677607,0.05375083,0.0040599853,40.67976,-73.95803,-0.013029218,-0.07747785,0.01707938,12.234922,-2.985027,1489885494475,12.5937961924,0.0
140,-1.0414591,0.047358092,-0.0072996826,40.67976,-73.95803,-0.024395762,0.020084195,-0.034192733,12.236528,-2.9854188,1489885494508,12.5954492935,0.0
141,-0.92884177,0.042832598,-0.013220934,40.67976,-73.95802,-0.00023348324,-0.06285061,-0.0025412135,12.238133,-2.9858108,1489885494542,12.5971014705,0.0
142,-1.0432304,0.028818995,-0.022670899,40.67976,-73.958015,0.0019578845,-0.017429901,-0.012017725,12.239738,-2.9862022,1489885494575,12.5987535053,0.0
143,-0.9634374,0.010469568,-0.015907336,40.67976,-73.958015,-0.014798983,-0.023279961,0.016868062,12.241344,-2.9865937,1489885494608,12.6004065353,0.0
144,-0.99056953,0.05164043,-0.041687697,40.67976,-73.95801,0.017692558,-0.018717363,0.023058614,12.242949,-2.9869852,1489885494641,12.6020585938,0.0
145,-0.95399845,0.010053125,-0.056882422,40.67976,-73.95801,-0.028888086,-0.022879688,0.03671426,12.244554,-2.987377,1489885494674,12.6037107234,0.0
146,-0.94216925,0.08470389,0.004210718,40.67976,-73.958,-0.021756638,0.0154520115,0.013655312,12.246159,-2.9877684,1489885494707,12.6053627582,0.0
147,-0.98188347,0.03764618,-0.071883485,40.67976,-73.95799,-0.012730834,-0.030998604,0.0001603125,12.247764,-2.98816,1489885494740,12.6070148404,0.0
148,-1.0080595,0.0018375488,-0.05651626,40.67976,-73.95799,-0.011804554,-0.046118516,0.0031461425,12.249369,-2.9885516,1489885494773,12.6086669226,0.0
149,-1.0236588,0.06327646,-0.048451442,40.67976,-73.957985,-0.012619058,0.023781437,-0.01820509,12.250974,-2.988943,1489885494806,12.6103189573,0.0
150,-0.98974234,0.07204877,-0.08747382,40.67976,-73.95798,0.01710037,-0.062505126,0.005354536,12.252579,-2.9893348,1489885494839,12.6119710869,0.0
151,-0.9747896,0.0025322265,-0.026892725,40.67976,-73.95798,-0.019843018,-0.02676792,-0.0073097413,12.254184,-2.9897265,1489885494872,12.6136231928,0.0
152,-0.9595148,0.059587352,-0.06918687,40.67976,-73.95797,0.03516955,-0.09716313,0.027266113,12.255789,-2.990118,1489885494905,12.6152752513,0.0
153,-0.9667516,0.012877319,0.02236322,40.67976,-73.95796,-0.054843903,-0.061013326,-0.015900323,12.257394,-2.9905097,1489885494938,12.6169273572,0.0
154,-1.0189052,0.054649107,-0.028396277,40.67976,-73.95796,0.050525047,-0.04073412,-0.011661012,12.258999,-2.9909012,1489885494971,12.6185794157,0.0
155,-0.99870366,0.0030103517,0.019177759,40.67973,-73.957954,-0.05501538,-0.052991148,-0.007949888,12.260967,-2.9917557,1489885495004,12.6206938773,0.0
156,-1.018335,0.038689453,-0.0064228517,40.67973,-73.957954,-0.0064181127,-0.015845582,-0.020213729,12.2651615,-2.9954438,1489885495037,12.6256433571,0.0
157,-1.0139127,0.05625769,-0.013681213,40.67973,-73.95795,0.014045751,-0.031957366,-0.0020558727,12.269356,-2.9991322,1489885495070,12.6305934385,0.0
158,-1.021675,0.010336658,-0.03577943,40.67973,-73.95794,-0.031221243,-0.03779612,0.0012212427,12.273549,-3.0028203,1489885495103,12.6355425214,0.0
159,-0.97375154,0.076274805,-0.04682373,40.67973,-73.95794,0.0074486425,-0.053651564,0.011300615,12.277742,-3.0065086,1489885495136,12.6404921811,0.0
160,-1.037976,0.0457807,-0.03848883,40.67973,-73.95793,-0.037151374,-0.04096198,-0.012758963,12.281937,-3.010197,1489885495169,12.6454443358,0.0
161,-1.0181656,-0.0045165406,-0.0718609,40.67973,-73.957924,-0.020177558,-0.09114552,-0.007879248,12.28613,-3.013885,1489885495202,12.6503949808,0.0
162,-1.0444596,0.02927019,-0.07277559,40.67973,-73.957924,0.004097566,-0.0319308,-0.0136559615,12.290324,-3.0175734,1489885495235,12.6553472196,0.0
163,-1.0092491,0.0155018065,-0.083039746,40.67973,-73.95792,-0.017859485,-0.08861361,0.010627923,12.294518,-3.0212612,1489885495268,12.6602998421,0.0
164,-0.98386425,0.030222192,-0.07433329,40.67973,-73.95792,0.0028684936,-0.084623456,0.0142775895,12.298712,-3.0249496,1489885495302,12.6652531337,0.0
165,-1.0060676,0.06706763,-0.044660144,40.67973,-73.95791,-0.01826546,-0.063371256,-0.0046287416,12.302906,-3.028638,1489885495335,12.6702069509,0.0
166,-0.98439586,0.052150343,-0.03521792,40.67973,-73.9579,-0.011594243,-0.117350236,-0.0006718994,12.307099,-3.032326,1489885495368,12.6751602264,0.0
167,-0.9995986,0.05786499,-0.03215698,40.67973,-73.9579,-0.009806407,-0.06554324,-0.029010015,12.311294,-3.0360143,1489885495401,12.6801160399,0.0
168,-1.0164707,0.03503921,-0.008607996,40.67973,-73.95789,-0.0046012513,-0.082365274,-0.022837695,12.315487,-3.0397024,1489885495434,12.6850703872,0.0
169,-0.9679267,0.004732861,-0.03692317,40.67973,-73.957886,-0.024970781,-0.08526607,-0.016439963,12.319681,-3.0433908,1489885495467,12.6900263003,0.0
170,-1.021276,0.049986083,-0.012859131,40.67973,-73.957886,0.0072817383,-0.033530496,-0.017107889,12.323875,-3.047079,1489885495500,12.694982688,0.0
171,-1.004306,0.042480417,-0.04865706,40.67973,-73.95788,-0.033167694,-0.05237806,-0.016191036,12.32807,-3.0507672,1489885495533,12.6999405681,0.0
172,-1.0447191,0.07866326,-0.014847388,40.67973,-73.95787,0.012865094,-0.0066421693,-0.014607098,12.332263,-3.0544553,1489885495566,12.7048970039,0.0
173,-0.9816154,0.046641212,-0.016026173,40.67973,-73.95787,-0.012601875,-0.076659665,-0.008725352,12.336456,-3.0581436,1489885495599,12.7098540085,0.0
174,-0.97865236,0.050070312,-0.019070312,40.67973,-73.95786,-0.017155156,-0.031172812,-0.019264765,12.340651,-3.061832,1489885495632,12.7148134984,0.0
175,-0.989762,0.009489209,0.010509131,40.67973,-73.95786,-0.033452135,-0.07460427,-0.013214264,12.344845,-3.06552,1489885495665,12.7197724407,0.0
176,-0.99493974,0.058884706,-0.03654635,40.67973,-73.957855,-0.009378686,-0.008385098,-0.035304073,12.349038,-3.0692081,1489885495698,12.7247309554,0.0
177,-0.9951029,0.057439696,-0.025737548,40.67973,-73.95785,-0.00776261,-0.046246808,-0.020585967,12.353231,-3.0728965,1489885495731,12.7296900606,0.0
178,-0.9888425,0.05158904,0.019213306,40.67973,-73.95785,-0.0029507447,-0.04764296,-0.018852888,12.357425,-3.0765846,1489885495764,12.7346505814,0.0
179,-0.98726535,0.046734642,-0.02153413,40.67973,-73.95784,-0.014749265,-0.034993116,-0.010132935,12.36162,-3.0802732,1489885495797,12.7396127104,0.0
180,-0.9698816,0.08235107,-0.0060114744,40.67973,-73.95783,0.006005708,-0.05566797,-0.0103771435,12.365812,-3.083961,1489885495830,12.7445722513,0.0
181,-0.9959624,0.0031458496,-0.025134131,40.67973,-73.95783,-0.011995474,-0.03772002,-0.022397818,12.370007,-3.0876493,1489885495863,12.7495353398,0.0
182,-0.96327,0.061448913,-0.007828479,40.67973,-73.957825,-0.004383176,-0.056331545,-0.007675044,12.374201,-3.0913374,1489885495896,12.7544979246,0.0
183,-0.9896065,0.053070765,-0.0106838625,40.67973,-73.95782,-0.02444171,-0.042949393,-0.030088758,12.378394,-3.0950258,1489885495929,12.7594601266,0.0
184,-0.94324917,0.122768626,-0.033869483,40.67973,-73.95782,0.004892891,-0.05119321,-0.03310135,12.382588,-3.0987139,1489885495962,12.7644237399,0.0
185,-1.0069387,0.02224541,-0.00042946776,40.67973,-73.95781,-0.023212768,-0.024359887,-0.043485522,12.386783,-3.102402,1489885495995,12.7693888365,0.0
186,-0.96155345,0.05070274,-0.049090795,40.679703,-73.95781,0.025616359,-0.07125933,-0.011225663,12.383369,-3.1065154,1489885496028,12.767077415,0.0
187,-1.0349673,0.044995606,0.0029453125,40.679703,-73.9578,-0.017363936,-0.00906086,-0.028235761,12.378884,-3.1106884,1489885496062,12.7637436282,0.0
188,-0.9673474,0.03404209,-0.04308369,40.679703,-73.957794,-0.00069472654,-0.06611843,-0.01932795,12.3744,-3.1148615,1489885496095,12.7604129057,0.0
189,-0.96765846,0.070123635,-0.074057505,40.679703,-73.957794,-0.00736089,-0.036414087,-0.047947913,12.369916,-3.1190343,1489885496128,12.7570841814,0.0
190,-1.0403877,0.075267665,-0.044369325,40.679703,-73.95779,0.013574851,-0.05105609,-0.043729518,12.365432,-3.1232076,1489885496161,12.7537576525,0.0
191,-0.99506193,0.024728272,-0.07203696,40.679703,-73.95778,0.004078911,-0.05652802,-0.056913905,12.360948,-3.1273804,1489885496194,12.750433076,0.0
192,-1.021306,0.063118994,-0.096493065,40.679703,-73.95778,0.034759462,-0.05022173,-0.03836681,12.356463,-3.1315534,1489885496227,12.7471096554,0.0
193,-1.0149533,-0.01862722,-0.043145824,40.679703,-73.95777,-0.04086776,-0.06666825,-0.030768896,12.35198,-3.1357262,1489885496260,12.7437902024,0.0
194,-0.9934534,0.061578065,-0.11854907,40.679703,-73.95777,0.026624553,-0.038617592,-0.033578143,12.347496,-3.1398995,1489885496293,12.7404719826,0.0
195,-1.0214082,0.032424413,-0.0683417,40.679703,-73.95776,-0.021059986,-0.05601704,-0.03039436,12.343011,-3.1440725,1489885496326,12.7371548013,0.0
196,-0.93473953,0.008437305,-0.09670742,40.679703,-73.957756,0.001904878,-0.07317993,-0.036882207,12.338527,-3.1482453,1489885496359,12.7338406225,0.0
197,-1.0415937,0.01613147,-0.058219116,40.679703,-73.957756,0.017718986,-0.0332935,-0.041848242,12.334043,-3.1524186,1489885496392,12.7305286518,0.0
198,-0.93949646,0.0033038086,-0.07212666,40.679703,-73.95775,-0.013635669,-0.076595016,-0.024470532,12.329558,-3.1565914,1489885496425,12.7272176748,0.0
199,-1.0501738,0.034700245,-0.08700503,40.679703,-73.95775,0.014328894,-0.015230009,-0.02720734,12.325074,-3.1607645,1489885496458,12.7239098287,0.0
200,-0.9382249,0.03469171,-0.07551672,40.679703,-73.95774,-0.02121697,-0.06884926,-0.006096139,12.32059,-3.1649375,1489885496491,12.7206040473,0.0
201,-1.0231447,-0.015995232,-0.04606976,40.679703,-73.95773,-0.0049139443,-0.019524189,-0.011057198,12.316106,-3.1691105,1489885496524,12.7173003568,0.0
202,-0.9817725,0.026334766,-0.06207305,40.679703,-73.95773,-0.0057360353,-0.015927734,-0.005266406,12.311622,-3.1732836,1489885496557,12.7139987839,0.0
203,-0.98509413,0.004603906,-0.049789455,40.679703,-73.957726,-0.02998879,-0.044291053,-0.0062180078,12.3071375,-3.1774564,1489885496590,12.7106987462,0.0
204,-0.9692558,0.06964899,-0.059761718,40.679703,-73.95772,0.021195268,-0.0154387355,-0.026239801,12.302653,-3.1816297,1489885496623,12.7074009296,0.0
205,-0.99053943,0.021734301,-0.08343799,40.679703,-73.95772,-0.0047029555,-0.03254064,-0.012486536,12.298169,-3.1858025,1489885496656,12.7041055695,0.0
206,-0.9355588,0.009529492,-0.063088305,40.679703,-73.95771,-0.035796203,-0.08716291,0.010517285,12.293686,-3.1899755,1489885496689,12.7008133266,0.0
207,-1.0433202,0.0499469,-0.044466615,40.679703,-73.95771,0.00310411,0.047530647,-0.038017076,12.289202,-3.1941485,1489885496722,12.6975222164,0.0
208,-0.9628895,0.03,-0.082546204,40.679703,-73.9577,-0.010383536,-0.07266701,0.012151469,12.284718,-3.1983216,1489885496755,12.6942332339,0.0
209,-1.0242047,0.05763828,-0.037530616,40.679703,-73.957695,-0.044221178,-0.007161475,-0.0162,12.280233,-3.2024946,1489885496788,12.6909453626,0.0
210,-0.9167268,0.058606837,-0.022089746,40.679703,-73.957695,-0.0018075684,-0.09798291,0.003954531,12.275749,-3.2066674,1489885496821,12.6876605143,0.0
211,-1.0161246,0.0586719,-0.09428704,40.679703,-73.95769,0.004062383,-0.01578595,-0.026758973,12.271264,-3.2108407,1489885496855,12.6843769322,0.0
212,-0.96258384,0.027937878,-0.04891919,40.679703,-73.95769,-0.02145738,-0.05855151,-0.009582831,12.26678,-3.2150137,1489885496888,12.6810963509,0.0
213,-1.05558,0.03306177,-0.027216187,40.679703,-73.95768,-0.028916726,-0.03134689,-0.022132821,12.262296,-3.2191865,1489885496921,12.6778178293,0.0
214,-0.9833917,0.040366698,-0.08372473,40.679703,-73.95767,0.0055796267,-0.047089227,-0.0022224293,12.257812,-3.2233596,1489885496954,12.6745414962,0.0
215,-1.000036,-0.0061698486,-0.03065354,40.679703,-73.95767,-0.043547407,-0.033133507,-0.013611432,12.253327,-3.2275324,1489885496987,12.6712662336,0.0
216,-0.9473938,0.048466504,-0.12496055,40.679676,-73.957664,0.019483447,-0.08028121,0.007620303,12.240824,-3.22787,1489885497020,12.6592621008,0.0
217,-1.0201336,-0.0012949219,-0.06868203,40.679676,-73.95766,-0.033816874,0.0026442676,-0.016757647,12.223255,-3.2257845,1489885497053,12.6417423022,0.0
218,-0.95471174,0.006324707,-0.0806753,40.679676,-73.95766,0.016369725,-0.08710181,0.015746959,12.205686,-3.2236996,1489885497086,12.6242231381,0.0
219,-1.0717572,-0.0335974,-0.06342459,40.679676,-73.95765,-0.010973852,0.0041259704,0.013828369,12.188116,-3.2216141,1489885497119,12.6067033375,0.0
220,-0.9420583,0.04177151,-0.06303364,40.679676,-73.95765,-0.023973381,-0.04855687,0.027182864,12.1705475,-3.219529,1489885497152,12.5891855746,0.0
221,-1.0093628,0.060205933,-0.10617358,40.679676,-73.95764,0.00903895,-0.007564292,-0.00042904052,12.152979,-3.2174435,1489885497185,12.5716681968,0.0
222,-0.943198,0.01781477,-0.08119278,40.679676,-73.957634,-0.037570573,-0.021331806,-0.007441754,12.13541,-3.2153585,1489885497218,12.554150953,0.0
223,-1.0076464,0.043811206,-0.1231984,40.679676,-73.957634,0.0010544446,-0.006349962,-0.019395517,12.117842,-3.2132733,1489885497251,12.5366351162,0.0
224,-0.9810403,0.028594239,-0.11874243,40.679676,-73.95763,-0.017463917,-0.056630217,0.0041558156,12.100272,-3.2111878,1489885497284,12.5191177629,0.0
225,-0.93600816,-0.01652749,-0.07955797,40.679676,-73.95763,-0.016587127,-0.03711685,0.0090448605,12.082703,-3.2091026,1489885497317,12.5016019487,0.0
226,-1.0220371,0.022303114,-0.1151464,40.679676,-73.95762,-0.0072580115,-0.010474224,0.008613661,12.065134,-3.2070174,1489885497350,12.4840866323,0.0
227,-0.9479523,0.066016726,-0.10164917,40.679676,-73.95761,-0.03694566,-0.07335547,0.024645554,12.047565,-3.2049322,1489885497383,12.4665718157,0.0
228,-0.9876217,0.09596243,-0.12556206,40.679676,-73.95761,0.008429555,-0.024844617,-0.011590744,12.029996,-3.202847,1489885497416,12.4490575011,0.0
229,-0.98068815,0.03660514,-0.11008304,40.679676,-73.9576,-0.025865572,-0.06759239,-0.0074846875,12.012426,-3.2007618,1489885497449,12.4315427243,0.0
230,-0.9569664,0.09571295,-0.13971294,40.679676,-73.957596,0.039428774,-0.044841617,-0.024149554,11.994858,-3.1986766,1489885497482,12.4140303863,0.0
231,-1.006985,0.05152168,-0.13287383,40.679676,-73.957596,-0.03341428,-0.065950215,-0.01703457,11.977289,-3.1965914,1489885497515,12.3965175904,0.0
232,-0.9666625,0.075503126,-0.19455938,40.679676,-73.95759,0.025705313,-0.04873344,-0.028743125,11.959721,-3.194506,1489885497548,12.3790062195,0.0
233,-1.0135494,0.061764833,-0.19384746,40.679676,-73.95759,-0.016570633,-0.07522446,-0.025820863,11.942151,-3.1924207,1489885497581,12.3614934548,0.0
234,-1.0054493,0.02656787,-0.17142639,40.679676,-73.95758,-0.015248919,-0.047703348,-0.039536785,11.924582,-3.1903355,1489885497615,12.3439821969,0.0
235,-1.0099478,0.027277417,-0.22174446,40.679676,-73.95757,0.01707272,-0.064251855,-0.018252982,11.907013,-3.1882503,1489885497648,12.3264714561,0.0
236,-1.0360383,-0.015207654,-0.17993283,40.679676,-73.95757,-0.04795519,-0.02255764,-0.025022013,11.889444,-3.1861649,1489885497681,12.3089611828,0.0
237,-0.9751516,0.07272773,-0.15527306,40.679676,-73.957565,0.011392396,-0.060694758,-0.0050810487,11.871876,-3.1840796,1489885497714,12.2914524227,0.0
238,-1.0473125,0.09359756,-0.20636113,40.679676,-73.957565,-0.0057925293,0.011199126,-0.04442561,11.854306,-3.1819947,1489885497747,12.2739423582,0.0
239,-1.028205,0.06095845,-0.15311357,40.679676,-73.95756,-0.025988428,-0.08144109,-0.0051091067,11.836738,-3.1799092,1489885497780,12.2564345958,0.0
240,-0.99853617,0.061416063,-0.17499802,40.679676,-73.95755,-0.014604447,-0.015887769,-0.040016495,11.819168,-3.177824,1489885497813,12.2389255079,0.0
241,-1.0573364,0.0457478,-0.1655354,40.679676,-73.95755,0.014917622,-0.051073298,-0.018993486,11.8015995,-3.175739,1489885497846,12.221418451,0.0
242,-0.9204012,-0.09900681,-0.176616,40.679676,-73.95754,-0.07246532,-0.018621668,-0.024899084,11.78403,-3.1736536,1489885497879,12.2039108573,0.0
243,-1.0232197,0.10185913,-0.26930138,40.679676,-73.95754,0.046256047,-0.022045903,0.007219784,11.766462,-3.1715684,1489885497912,12.1864052991,0.0
244,-0.9993229,0.052000307,-0.13771002,40.679676,-73.957535,-0.06957885,0.03732101,-0.020130772,11.748893,-3.1694832,1489885497945,12.1688993126,0.0
245,-0.91564405,0.031,-0.14421591,40.679676,-73.95753,-0.058002196,-0.048779003,-0.0015332032,11.731324,-3.167398,1489885497978,12.1513938659,0.0
246,-1.016747,0.059850194,-0.19277667,40.679646,-73.95753,0.02491329,-0.01144249,0.00017238282,11.706887,-3.164143,1489885498011,12.1269536222,0.0
247,-0.9396353,0.031631935,-0.12928991,40.679646,-73.95752,-0.07663285,-0.05542319,-0.00094403565,11.669649,-3.158708,1489885498044,12.0895882483,0.0
248,-0.98422635,0.047792543,-0.2262649,40.679646,-73.95752,0.021268629,-0.020407675,-0.016950658,11.632413,-3.153273,1489885498077,12.0522264671,0.0
249,-0.99343467,0.021268262,-0.21440239,40.679646,-73.95751,-0.0036832031,-0.037188392,0.0026934447,11.595177,-3.1478386,1489885498110,12.0148665208,0.0
250,-0.9665688,0.03324895,-0.18399392,40.679646,-73.957504,-0.04871888,-0.06585072,0.0050769676,11.55794,-3.1424036,1489885498143,11.9775071459,0.0
251,-1.058318,0.06962146,-0.16149756,40.679646,-73.957504,0.0061442405,-0.01673634,-0.012476659,11.520702,-3.1369686,1489885498176,11.9401485154,0.0
252,-0.9460515,-0.0036174317,-0.19733244,40.679646,-73.9575,-0.01144615,-0.08348833,0.014627118,11.483465,-3.131534,1489885498209,11.9027926807,0.0
253,-1.0499921,0.03230708,-0.18454893,40.679646,-73.9575,-0.017294409,-0.0017376172,-0.015881192,11.446228,-3.126099,1489885498242,11.8654384827,0.0
254,-0.9506046,0.028787963,-0.18446991,40.679646,-73.95749,-0.03535356,-0.08180022,0.022104163,11.408992,-3.1206644,1489885498275,11.828087113,0.0
255,-1.0032619,0.05686008,-0.17793748,40.679646,-73.95749,-0.00036038453,-0.06015112,0.0021656824,11.371754,-3.1152294,1489885498308,11.7907354839,0.0
256,-0.98993933,0.048439868,-0.19406934,40.679646,-73.95748,-0.03443664,-0.058448266,-0.016146908,11.334517,-3.1097941,1489885498341,11.7533865319,0.0
257,-0.99759007,0.07422158,-0.19261494,40.679646,-73.95747,0.013573035,-0.08314407,-0.0037532763,11.29728,-3.1043596,1489885498375,11.7160396007,0.0
258,-1.0387067,0.043359682,-0.18245153,40.679646,-73.95747,-0.013247449,-0.02707111,-0.020965207,11.260043,-3.0989246,1489885498408,11.6786943636,0.0
259,-0.9683205,0.029370105,-0.1929889,40.679646,-73.957466,0.01504867,-0.120386794,0.020084858,11.222805,-3.0934896,1489885498441,11.6413500065,0.0
260,-1.0737861,0.063410155,-0.18280683,40.679646,-73.957466,-0.0072131446,-0.012356836,-0.0008187695,11.185569,-3.088055,1489885498474,11.6040095457,0.0
261,-0.969623,0.035757814,-0.15857422,40.679646,-73.95746,-0.021829646,-0.08636275,0.026673684,11.148332,-3.0826201,1489885498507,11.5666699211,0.0
262,-0.98745537,0.047711033,-0.17070578,40.679646,-73.95746,-0.01922224,-0.03844799,0.012623353,11.111094,-3.0771852,1489885498540,11.5293312309,0.0
263,-0.99014467,0.06458445,-0.22659656,40.679646,-73.95745,-0.0021645287,-0.042857368,0.009194968,11.073858,-3.0717502,1489885498573,11.4919963581,0.0
264,-0.9877422,0.038899463,-0.1684719,40.679646,-73.95744,-0.03284741,-0.05723811,0.009759893,11.036621,-3.0663154,1489885498606,11.4546625105,0.0
265,-0.99064916,0.04488784,-0.18776672,40.679646,-73.95744,-0.004726449,-0.058952074,0.011424724,10.999384,-3.0608807,1489885498639,11.4173306442,0.0
266,-1.0161027,0.041332945,-0.16869093,40.679646,-73.957436,-0.010265876,-0.042000603,0.0036212401,10.962147,-3.0554457,1489885498672,11.3800006711,0.0
267,-0.96374923,0.04003252,-0.17940713,40.679646,-73.957436,-0.00072302733,-0.07240473,0.010769424,10.92491,-3.0500107,1489885498705,11.3426726911,0.0
268,-1.033967,0.048408203,-0.1535918,40.679646,-73.95743,0.0042075682,-0.0136983,-0.02135085,10.887672,-3.044576,1489885498738,11.3053458417,0.0
269,-1.0105222,0.027203893,-0.16245222,40.679646,-73.95743,0.0017398377,-0.0498,-0.010867444,10.850436,-3.0391412,1489885498771,11.2680229243,0.0
270,-1.0038608,0.011647815,-0.16305655,40.679646,-73.95742,-0.010618529,-0.050968464,-0.0062761107,10.813198,-3.0337062,1489885498804,11.2307000804,0.0
271,-0.9874863,0.03696655,-0.11051367,40.679646,-73.95742,0.008453508,-0.08444775,0.011814927,10.775962,-3.0282712,1489885498837,11.1933812356,0.0
272,-1.0282537,0.016968103,-0.1100157,40.679646,-73.95741,-0.009854883,-0.049385358,-0.009003821,10.738724,-3.0228367,1489885498870,11.1560626954,0.0
273,-0.9720404,0.027963635,-0.09,40.679646,-73.957405,0.013672188,-0.10149076,0.017572187,10.701488,-3.0174017,1489885498903,11.1187480605,0.0
274,-1.0176573,0.00013183594,-0.10381543,40.679646,-73.957405,-0.0045221876,-0.049210936,-0.0041368166,10.664251,-3.011967,1489885498936,11.0814346815,0.0
275,-0.96474797,0.034942772,-0.065885544,40.679646,-73.9574,0.0048288475,-0.08781495,0.015902206,10.627013,-3.006532,1489885498969,11.0441224173,0.0
276,-1.019822,0.017741287,-0.079016514,40.67962,-73.9574,-0.016510502,-0.025034439,-0.018861078,10.592576,-3.0014534,1489885499002,11.0096043902,0.0
277,-0.92572904,0.021081006,-0.057087757,40.67962,-73.95739,0.020677919,-0.10691373,0.013721168,10.588126,-3.0001922,1489885499035,11.0049791199,0.0
278,-1.0151985,0.015510743,-0.081616946,40.67962,-73.95739,-0.014253821,-0.07031052,-0.0023885937,10.583674,-2.9989312,1489885499068,11.0003519799,0.0
279,-0.9847605,0.035785206,-0.055132058,40.67962,-73.95738,0.01319855,-0.073464364,0.009642769,10.579225,-2.99767,1489885499101,10.9957276717,0.0
280,-1.0178424,0.036201317,-0.09253385,40.67962,-73.95738,0.020207344,-0.061602894,0.0077132764,10.574774,-2.996409,1489885499134,10.9911014938,0.0
281,-0.97045237,0.037353028,-0.07338013,40.67962,-73.957375,-0.026191562,-0.07441449,0.009630137,10.570323,-2.9951477,1489885499168,10.9864752341,0.0
282,-1.0131124,0.028650293,-0.077205665,40.67962,-73.957375,0.0024595654,-0.042715497,-0.0044853026,10.565872,-2.9938865,1489885499201,10.9818490017,0.0
283,-0.95359135,0.0778401,-0.09153553,40.67962,-73.95737,-0.005645807,-0.067861244,0.0010855347,10.56142,-2.9926255,1489885499234,10.9772218616,0.0
284,-1.0145979,0.026281275,-0.045193262,40.67962,-73.95736,-0.024346437,-0.04677416,-0.005524718,10.556971,-2.9913645,1489885499267,10.972597608,0.0
285,-0.9817782,0.045579247,-0.09884722,40.67962,-73.95736,0.020795915,-0.04186645,-0.004017715,10.55252,-2.9901032,1489885499300,10.9679713483,0.0
286,-1.0108117,0.05003767,-0.06596233,40.67962,-73.95735,-0.01592096,-0.07015679,0.0014369263,10.548069,-2.9888422,1489885499333,10.9633451704,0.0
287,-1.0159514,0.051986877,-0.10010416,40.67962,-73.95735,0.017024126,-0.03507752,-0.015076285,10.543618,-2.9875808,1489885499366,10.9587188834,0.0
288,-0.98182976,0.032336183,-0.067835756,40.67962,-73.957344,0.019203333,-0.074467264,0.0063983193,10.539167,-2.9863198,1489885499399,10.9540927055,0.0
289,-1.0019473,0.03507793,-0.06807793,40.67962,-73.957344,-0.017251661,-0.04474551,-0.02012334,10.534718,-2.9850588,1489885499432,10.9494684519,0.0
290,-1.02657,0.071917005,-0.053569984,40.67962,-73.95734,0.013412421,-0.044630628,-0.021295987,10.530266,-2.9837976,1489885499465,10.9448412573,0.0
291,-0.9273471,0.001915039,-0.07543628,40.67962,-73.95734,-0.010031349,-0.07275319,-0.020956568,10.525815,-2.9825363,1489885499498,10.9402149977,0.0
292,-1.0331692,0.068485245,-0.107,40.67962,-73.95733,0.028811114,-0.043115664,-0.01832204,10.521364,-2.981275,1489885499531,10.935588738,0.0
293,-0.96849465,0.05262959,-0.06673669,40.67962,-73.95733,-0.03715994,-0.055184703,-0.025389612,10.516913,-2.9800138,1489885499564,10.9309625056,0.0
294,-1.0132233,0.057889525,-0.066111624,40.67962,-73.95732,0.0275398,-0.021751171,-0.05199244,10.512463,-2.9787526,1489885499597,10.9263372352,0.0
295,-1.0088738,0.053509828,-0.07683661,40.67962,-73.95731,0.012000412,-0.039638493,-0.04191632,10.508012,-2.9774916,1489885499630,10.9217110573,0.0
296,-1.0023588,0.0029249024,-0.074735746,40.67962,-73.95731,-0.01888081,-0.039066896,-0.045648683,10.503561,-2.9762306,1489885499663,10.9170848794,0.0
297,-0.9792712,0.05045049,-0.087900974,40.67962,-73.957306,0.025779204,-0.045150653,-0.024137944,10.49911,-2.9749694,1489885499696,10.912458647,0.0
298,-0.9962827,0.029570678,-0.07936127,40.67962,-73.957306,0.0015640454,-0.04609375,-0.03383544,10.494659,-2.9737082,1489885499729,10.9078324146,0.0
299,-0.9842629,0.017776098,-0.06958323,40.67962,-73.9573,-0.003981006,-0.03567212,-0.031685155,10.490209,-2.9724472,1489885499762,10.9032071988,0.0
300,-0.9900425,0.035787474,-0.1174072,40.67962,-73.9573,0.009183037,-0.06712278,-0.02084852,10.485758,-2.971186,1489885499795,10.8985809664,0.0
301,-0.9882214,0.03030536,-0.061778564,40.67962,-73.95729,-0.006342035,-0.035330385,-0.04663392,10.481307,-2.969925,1489885499828,10.8939547885,0.0
302,-1.0098624,0.017508265,-0.080104575,40.67962,-73.95729,0.010403983,-0.029247086,-0.031817243,10.476856,-2.9686637,1489885499861,10.8893285288,0.0
303,-1.0109742,0.0060214843,-0.058011815,40.67962,-73.95728,-0.027850518,-0.042804923,-0.032602217,10.472405,-2.9674027,1489885499894,10.8847023509,0.0
304,-1.0238167,0.031017676,-0.098417185,40.67962,-73.95728,0.021140175,-0.031731796,-0.023923466,10.467956,-2.9661415,1489885499928,10.8800780427,0.0
305,-0.99421287,0.0055743163,-0.084883474,40.67962,-73.957275,-0.014951367,-0.062263954,-0.011066688,10.463504,-2.9648805,1489885499961,10.8754509027,0.0
306,-0.997,0.028660767,-0.07911603,40.67962,-73.957275,0.00323114,-0.052987866,-0.017693378,10.459054,-2.963619,1489885499994,10.8708255506,0.0
307,-1.0044554,0.029292224,-0.07775522,40.67959,-73.95727,-0.005597615,-0.048769325,-0.026744472,10.4514675,-2.9614697,1489885500027,10.8629404715,0.0
308,-0.99991363,0.011644653,-0.067644656,40.67959,-73.95726,0.006097568,-0.06474197,-0.02401086,10.443202,-2.9591277,1489885500060,10.8543495778,0.0
309,-1.0000256,0.035464916,-0.08377068,40.67959,-73.95726,0.0015882202,-0.06711242,-0.013711523,10.434937,-2.9567857,1489885500093,10.8457591652,0.0
310,-1.0041009,-0.016575733,-0.06393042,40.67959,-73.95725,-5.8754882e-05,-0.05062063,-0.011315469,10.42667,-2.9544432,1489885500126,10.837166692,0.0
311,-0.9885783,0.011018067,-0.09291665,40.67959,-73.95725,0.0007885498,-0.069522604,0.007285781,10.418406,-2.9521012,1489885500159,10.8285772415,0.0
312,-0.98378116,-0.0027361938,-0.066891626,40.67959,-73.957245,-0.00027908327,-0.040429708,-0.0002781592,10.410139,-2.949759,1489885500192,10.8199848501,0.0
313,-0.98558545,0.017851746,-0.06602267,40.67959,-73.957245,-0.0050301147,-0.047738433,0.0009,10.401874,-2.947417,1489885500225,10.8113944375,0.0
314,-0.9908923,0.020435497,-0.079672195,40.67959,-73.95724,-0.006524407,-0.049620863,-0.0017433423,10.393608,-2.9450748,1489885500258,10.8028030083,0.0
315,-1.0018747,0.03335852,-0.07063562,40.67959,-73.95724,0.0056463648,-0.04883782,-0.0019144604,10.385342,-2.9427328,1489885500291,10.7942116335,0.0
316,-1.0197151,0.012132972,-0.05100863,40.67959,-73.95723,-0.023871716,-0.04030421,-0.004235992,10.377076,-2.9403906,1489885500324,10.7856202043,0.0
317,-1.0029557,0.059811365,-0.09681136,40.67959,-73.95723,0.019963216,-0.040472932,-0.009878832,10.368811,-2.9380484,1489885500357,10.7770297371,0.0
318,-1.0013467,-0.027991211,-0.061365236,40.67959,-73.95722,-0.0262825,-0.066162795,-0.0008743555,10.360545,-2.9357064,1489885500390,10.7684383624,0.0
319,-0.99345356,-0.0046176636,-0.081382334,40.67959,-73.95722,0.014069416,-0.053006794,-3.0157471e-05,10.35228,-2.9333644,1489885500423,10.7598479497,0.0
320,-1.0028346,0.023954932,-0.08962407,40.67959,-73.957214,0.009673919,-0.058741428,-0.004356869,10.344014,-2.9310222,1489885500456,10.7512565205,0.0
321,-1.0015996,0.026563598,-0.051176514,40.67959,-73.957214,-0.026600832,-0.061720155,-0.0057423683,10.335749,-2.92868,1489885500489,10.7426660533,0.0
322,-0.9930318,0.05562762,-0.101957336,40.67959,-73.95721,0.03213203,-0.05473397,-0.011288691,10.327482,-2.9263377,1489885500522,10.7340736347,0.0
323,-1.0163373,-0.02932191,-0.070574716,40.67959,-73.9572,-0.05158007,-0.067920074,-0.009959326,10.319216,-2.9239955,1489885500555,10.7254822054,0.0
324,-0.94503754,0.068070054,-0.11166498,40.67959,-73.9572,0.032529976,-0.06881152,0.001986217,10.31095,-2.9216533,1489885500588,10.7168907761,0.0
325,-1.0394173,0.037021484,-0.07260425,40.67959,-73.95719,-0.032574352,-0.012442686,-0.027945098,10.302685,-2.9193115,1489885500621,10.7083004181,0.0
326,-0.9378995,0.05222466,-0.14023252,40.67959,-73.95719,0.017885333,-0.13687088,0.020360732,10.294419,-2.9169693,1489885500654,10.6997089888,0.0
327,-1.0575086,0.0072575808,-0.14275824,40.67959,-73.957184,0.023137204,-0.033848703,-0.017372519,10.286154,-2.914627,1489885500688,10.6911184944,0.0
328,-0.99806166,0.036254518,-0.15525451,40.67959,-73.957184,-0.003097456,-0.0868207,0.005157588,10.277887,-2.912285,1489885500721,10.6825261575,0.0
329,-0.99929,0.042399243,-0.12083994,40.67959,-73.95718,0.0024060912,-0.08586642,0.005959675,10.269622,-2.909943,1489885500754,10.6739357449,0.0
330,-1.0159768,0.04825526,-0.14385024,40.67959,-73.95718,0.010830345,-0.05154767,-0.015512425,10.261356,-2.9076006,1489885500787,10.6653442611,0.0
331,-0.95849067,0.038306788,-0.1757945,40.67959,-73.95717,0.012585445,-0.0946914,0.007553922,10.253091,-2.9052587,1489885500820,10.6567538757,0.0
332,-1.0183158,-0.0021613282,-0.11248555,40.67959,-73.95717,-0.033834327,-0.024882568,-0.023504902,10.244825,-2.9029164,1489885500853,10.6481624192,0.0
333,-0.93113583,0.051778127,-0.14472587,40.67959,-73.95716,0.021402245,-0.06471626,-0.001704248,10.236559,-2.9005744,1489885500886,10.6395710445,0.0
334,-0.9403064,0.023207238,-0.15859444,40.67959,-73.95716,-0.009689563,-0.062541515,-0.0038544445,10.228294,-2.8982322,1489885500919,10.6309805773,0.0
335,-0.9781867,0.031869873,-0.12439038,40.67959,-73.95715,0.014064379,-0.026190866,-0.012299315,10.220028,-2.8958902,1489885500952,10.6223892026,0.0
336,-0.98309803,0.014956836,-0.14272933,40.67959,-73.95715,0.0065667112,-0.028344678,0.0024082032,10.211761,-2.893548,1489885500985,10.6137968112,0.0
337,-0.9890092,0.034986198,-0.19969785,40.679565,-73.957146,-0.00091022585,-0.03613623,0.0058582374,10.185867,-2.8851125,1489885501018,10.5865839948,0.0
338,-1.0012089,0.024477784,-0.15328722,40.679565,-73.957146,0.010436283,-0.0061810035,0.0050520594,10.146003,-2.8718483,1489885501051,10.544614243,0.0
339,-0.97303283,0.021227442,-0.23021924,40.679565,-73.95714,0.019739516,-0.036673773,0.017146967,10.106138,-2.858585,1489885501084,10.5026441184,0.0
340,-1.0177532,0.0062467773,-0.17953208,40.679565,-73.95714,-0.025030982,0.008953467,0.009534814,10.066275,-2.8453207,1489885501117,10.4606759945,0.0
341,-0.9757909,0.09844581,-0.20357853,40.679565,-73.95713,0.014689055,-0.010621598,0.01785132,10.026411,-2.832057,1489885501150,10.4187074243,0.0
342,-1.0037788,0.07809821,-0.24194752,40.679565,-73.95713,-0.025833348,-0.04994857,-0.00012643798,9.986546,-2.8187928,1489885501183,10.3767381127,0.0
343,-1.0319265,0.101,-0.2566281,40.679565,-73.95712,0.01260321,-0.03192894,-0.026141137,9.946682,-2.805529,1489885501216,10.3347702335,0.0
344,-0.9912484,0.0140991695,-0.19792536,40.679565,-73.95712,-0.0139176,-0.07933814,-0.025849793,9.906818,-2.792265,1489885501249,10.2928026657,0.0
345,-1.0094774,0.02578302,-0.23301086,40.679565,-73.957115,0.0031776563,-0.053349942,-0.019300051,9.866954,-2.7790012,1489885501282,10.2508355224,0.0
346,-0.9880336,0.06629219,-0.21521328,40.679565,-73.957115,0.0061388672,-0.084020704,-0.0102644535,9.827089,-2.7657375,1489885501315,10.2088678184,0.0
347,-1.0192761,0.032998633,-0.21004024,40.679565,-73.95711,-0.022302538,-0.054709375,-0.030929415,9.787226,-2.7524734,1489885501348,10.1669023106,0.0
348,-0.97269267,0.08415979,-0.24680261,40.679565,-73.95711,0.03204112,-0.08892885,-0.008463447,9.747361,-2.7392097,1489885501381,10.1249353699,0.0
349,-1.0392816,0.014833667,-0.17066734,40.679565,-73.9571,-0.0444153,-0.042561997,-0.030086223,9.707497,-2.7259455,1489885501414,10.0829696456,0.0
350,-0.9616262,0.089772604,-0.23019211,40.679565,-73.9571,0.017278528,-0.10359347,-0.008185744,9.667633,-2.7126818,1489885501447,10.0410044503,0.0
351,-1.0935136,0.018193066,-0.19516213,40.679565,-73.95709,-0.008948703,-0.027387207,-0.03672362,9.6277685,-2.6994176,1489885501481,9.99903903727,0.0
352,-0.96700245,0.076921694,-0.20492291,40.679565,-73.95709,0.00021332031,-0.08663471,-0.00446562,9.587905,-2.686154,1489885501514,9.95707515291,0.0
353,-1.0155051,0.0068495483,-0.21592638,40.679565,-73.957085,0.019950759,-0.051641624,-0.020268861,9.54804,-2.67289,1489885501547,9.91511012514,0.0
354,-0.9807714,0.0599646,-0.24134766,40.679565,-73.957085,0.0068611233,-0.040934257,-0.025839224,9.508177,-2.659626,1489885501580,9.87314743753,0.0
355,-0.9608602,0.052646972,-0.22714722,40.679565,-73.95708,0.016137965,-0.079876654,-0.017949782,9.468312,-2.6463623,1489885501613,9.83118332411,0.0
356,-1.005724,0.049601953,-0.21087317,40.679565,-73.95708,-0.00060814695,-0.029164096,-0.035440195,9.428448,-2.6330984,1489885501646,9.7892205447,0.0
357,-0.9621482,0.025949804,-0.2039749,40.679565,-73.95707,-0.0013892016,-0.04857135,-0.018504914,9.388584,-2.6198344,1489885501679,9.74725816876,0.0
358,-0.9784696,0.029466212,-0.22893243,40.679565,-73.95707,0.010699385,-0.034589007,-0.023075974,9.34872,-2.6065705,1489885501712,9.70529625565,0.0
359,-0.9694912,0.02846974,-0.21831316,40.679565,-73.95706,-0.00036885985,-0.05963098,-0.0030252137,9.308856,-2.5933065,1489885501745,9.6633347573,0.0
360,-0.9675038,0.0058058836,-0.19708109,40.679565,-73.95706,-0.021350086,-0.007794037,-0.01367857,9.268991,-2.5800428,1489885501778,9.62137282345,0.0
361,-0.96067595,0.07149082,-0.24665761,40.679565,-73.957054,0.02668327,-0.06447707,0.01794373,9.229127,-2.566779,1489885501811,9.57941227931,0.0
362,-0.9875176,0.021637695,-0.19675294,40.679565,-73.957054,-0.04028248,0.006361504,-0.015691856,9.189263,-2.553515,1489885501844,9.53745214082,0.0
363,-0.96419483,0.06118573,-0.26081377,40.679565,-73.95705,0.045290038,-0.0653933,0.007198187,9.149399,-2.540251,1489885501877,9.4954924677,0.0
364,-1.074243,0.0006133667,-0.1799204,40.679565,-73.95705,-0.06268509,0.0090077575,-0.03471916,9.109534,-2.526987,1489885501910,9.45353230255,0.0
365,-0.97020715,0.020585693,-0.25100768,40.679565,-73.95704,0.03206793,-0.07035088,0.0064731445,9.069671,-2.5137231,1489885501943,9.41157456921,0.0
366,-1.0280342,0.034760207,-0.24574225,40.679565,-73.95704,0.008475659,0.006892871,-0.010838037,9.029807,-2.5004594,1489885501976,9.36961640988,0.0
367,-0.949704,0.059832018,-0.21253604,40.679543,-73.95703,-0.019897856,-0.058944866,-0.0010854441,8.989268,-2.4881623,1489885502009,9.32726598779,0.0
368,-0.96657205,0.059085596,-0.2437627,40.679543,-73.95703,0.009620313,-0.061777648,-0.02283728,8.947111,-2.478185,1489885502042,9.28397523373,0.0
369,-1.0021304,0.021484619,-0.22757934,40.679543,-73.95703,-0.00860103,-0.024551226,-0.031366277,8.904953,-2.4682078,1489885502075,9.24068383163,0.0
370,-0.97046065,0.033445325,-0.24534549,40.679543,-73.95702,-0.0043288697,-0.06802816,-0.0046494505,8.862796,-2.4582305,1489885502108,9.19739365955,0.0
371,-0.99613583,0.030485926,-0.20486519,40.679543,-73.95702,-0.007798667,-0.045815308,-0.005521951,8.82064,-2.4482536,1489885502141,9.15410485517,0.0
372,-0.97403574,0.05919397,-0.24414124,40.679543,-73.957016,0.0010101416,-0.06896526,-0.0151837375,8.7784815,-2.4382763,1489885502174,9.11081383637,0.0
373,-1.0032252,0.054921802,-0.23394474,40.679543,-73.957016,-0.0057850536,-0.033165045,-0.023489902,8.736325,-2.428299,1489885502207,9.06752505037,0.0
374,-0.9529209,0.038018227,-0.23415975,40.679543,-73.95701,0.012597969,-0.071843036,-0.012794562,8.694167,-2.4183218,1489885502241,9.02423515608,0.0
375,-1.0776875,0.0325625,-0.21479687,40.679543,-73.95701,-0.0064009377,0.03207094,-0.033930626,8.652011,-2.4083447,1489885502274,8.98094753008,0.0
376,-0.8956836,0.05347344,-0.16727637,40.679543,-73.957,-0.04431,-0.07348256,-0.023437304,8.609854,-2.3983674,1489885502307,8.93765920623,0.0
377,-0.99976647,0.084640786,-0.22071488,40.679543,-73.957,0.038272604,-0.06014981,-0.029630885,8.567696,-2.38839,1489885502340,8.89437021607,0.0
378,-0.9828389,0.055064745,-0.19444707,40.679543,-73.957,0.0072462256,-0.025431542,-0.055421624,8.525538,-2.3784127,1489885502373,8.85108158142,0.0
379,-0.9936294,-0.030961327,-0.2386303,40.679543,-73.95699,-0.02093068,-0.064431496,-0.019575007,8.483381,-2.3684359,1489885502406,8.80779437791,0.0
380,-0.9834039,0.015777905,-0.25910228,40.679543,-73.95699,0.039246265,-0.060389858,0.007640686,8.441224,-2.3584585,1489885502439,8.76450735149,0.0
381,-1.0429975,0.024626257,-0.17965461,40.679543,-73.956985,-0.015754651,-0.03579609,-0.0074727833,8.399067,-2.3484812,1489885502472,8.72122069536,0.0
382,-0.98119146,0.031698473,-0.19433802,40.679543,-73.956985,-0.015624134,-0.0707635,-0.016472634,8.356911,-2.3385043,1489885502505,8.67793545857,0.0
383,-1.0201355,0.030875538,-0.24410239,40.679543,-73.95698,0.029274428,-0.04572682,-0.026639208,8.314753,-2.328527,1489885502538,8.63464854182,0.0
384,-1.0272704,0.0215912,-0.2237552,40.679543,-73.95698,-0.023502357,-0.032385122,-0.02469724,8.272596,-2.3185496,1489885502571,8.59136292022,0.0
385,-0.97860014,-0.005727417,-0.20573449,40.679543,-73.95698,-0.01893067,-0.07962098,-0.0030942077,8.230439,-2.3085725,1489885502604,8.54807774418,0.0
386,-0.99934477,0.046973582,-0.22685337,40.679543,-73.95697,0.009827669,-0.048601493,-0.013396362,8.188282,-2.2985952,1489885502637,8.50479288431,0.0
387,-0.993365,0.047286157,-0.22034016,40.679543,-73.95697,0.01779508,-0.07868101,-0.003979382,8.146124,-2.288618,1489885502670,8.46150746459,0.0
388,-1.0114974,0.0454922,-0.20603026,40.679543,-73.95696,-0.012349883,-0.0408237,-0.021142907,8.103968,-2.2786407,1489885502703,8.41822432492,0.0
389,-0.9854221,0.045675293,-0.23337659,40.679543,-73.95696,0.020856328,-0.093935244,-0.0056409827,8.06181,-2.2686634,1489885502736,8.37493964746,0.0
390,-1.036061,0.042153906,-0.22736543,40.679543,-73.95696,-0.0003097168,-0.0630835,-0.019577099,8.019653,-2.2586865,1489885502769,8.33165643469,0.0
391,-0.972689,0.018312598,-0.2106874,40.679543,-73.956955,0.0006663574,-0.064383626,-0.008562412,7.977495,-2.2487092,1489885502802,8.28837255082,0.0
392,-0.9956649,0.046474304,-0.18443261,40.679543,-73.956955,-0.023841906,-0.045531265,-0.01536603,7.9353385,-2.2387319,1489885502835,8.24509051677,0.0
393,-1.0284256,0.071617045,-0.23466699,40.679543,-73.95695,0.007875989,-0.03120298,-0.026108472,7.8931813,-2.2287548,1489885502868,8.20180827581,0.0
394,-0.988055,0.03293147,-0.2086303,40.679543,-73.95695,-0.0045592966,-0.061846785,-0.013512417,7.851024,-2.2187774,1489885502901,8.15852627619,0.0
395,-0.99159193,0.038143434,-0.20372626,40.679543,-73.95695,-0.030395156,-0.06705162,-0.016717978,7.808867,-2.2088006,1489885502934,8.11524515429,0.0
396,-1.0470421,0.026193518,-0.23494811,40.679543,-73.95694,0.012615781,-0.03958422,-0.02472208,7.76671,-2.1988232,1489885502967,8.07196430176,0.0
397,-1.0121045,0.01878125,-0.22509472,40.67952,-73.95694,-0.009170513,-0.054323617,-0.0047540707,7.724288,-2.188711,1489885503001,8.02839217705,0.0
398,-1.0202335,0.025119629,-0.20525742,40.67952,-73.95693,-0.00040932617,-0.053317007,-0.0018647363,7.673422,-2.1742978,1489885503034,7.97552356358,0.0
399,-1.011864,0.015137146,-0.17713715,40.67952,-73.95693,-0.011744922,-0.051123478,0.0058730603,7.622556,-2.159885,1489885503067,7.92265505916,0.0
400,-0.9841669,0.033092845,-0.17566614,40.67952,-73.95693,-0.015202345,-0.06405922,0.0034182435,7.5716896,-2.1454718,1489885503100,7.86978606084,0.0
401,-0.972141,0.06629407,-0.20021152,40.67952,-73.956924,0.022067798,-0.04976824,-0.00017311767,7.520824,-2.1310587,1489885503133,7.81691785948,0.0
402,-1.0195271,0.056335755,-0.17245251,40.67952,-73.956924,-0.013215352,-0.04430221,-0.0042841174,7.4699583,-2.1166456,1489885503166,7.76404956191,0.0
403,-0.959349,0.033310704,-0.18366058,40.67952,-73.956924,-0.013222169,-0.059256427,-0.0010743067,7.419092,-2.1022325,1489885503199,7.71118068706,0.0
404,-0.98616564,0.051457033,-0.21126485,40.67952,-73.95692,-0.0010369922,-0.023757188,-0.0053627733,7.368226,-2.0878193,1489885503232,7.65831207359,0.0
405,-0.9651004,0.034233008,-0.18619356,40.67952,-73.95692,-0.02057588,-0.074891135,0.008567402,7.31736,-2.0734062,1489885503265,7.60544348738,0.0
406,-1.009015,0.03858557,-0.1945976,40.67952,-73.95692,0.0017129041,-0.02772797,-0.016741762,7.2664943,-2.0589933,1489885503298,7.55257524434,0.0
407,-0.98500836,0.04214166,-0.20008165,40.67952,-73.95691,0.021258783,-0.07035864,0.004972821,7.215628,-2.0445802,1489885503331,7.49970636949,0.0
408,-1.0288285,0.026466748,-0.17940956,40.67952,-73.95691,-0.01558211,-0.04921612,-0.0018491162,7.1647625,-2.030167,1489885503364,7.44683823708,0.0
409,-0.9894329,0.044860717,-0.19266333,40.67952,-73.9569,0.007510984,-0.041520815,0.0003398584,7.1138964,-2.015754,1489885503397,7.39396958193,0.0
410,-0.9996944,0.0055864747,-0.21961573,40.67952,-73.9569,-0.016853986,-0.044059575,0.00599184,7.0630302,-2.0013409,1489885503430,7.34110080329,0.0
411,-0.9793187,0.03,-0.217,40.67952,-73.9569,-0.017280053,-0.008908374,0.0036733155,7.0121646,-1.9869277,1489885503463,7.28823257467,0.0
412,-0.9675122,0.033161864,-0.19586475,40.67952,-73.956894,-0.015602766,-0.030571202,0.008597697,6.9612985,-1.9725146,1489885503496,7.23536389225,0.0
413,-0.9981577,0.055982362,-0.22371334,40.67952,-73.956894,0.00085214846,-0.032603268,0.00941635,6.910433,-1.9581017,1489885503529,7.18249584163,0.0
414,-0.9630667,0.029626818,-0.21922655,40.67952,-73.956894,-0.009238275,-0.053414445,0.0049620485,6.8595667,-1.9436886,1489885503562,7.12962696679,0.0
415,-0.9955612,0.029071558,-0.21062331,40.67952,-73.95689,0.004011206,-0.035365973,0.0015017285,6.808701,-1.9292755,1489885503595,7.07675866921,0.0
416,-0.98654526,0.017909424,-0.20854528,40.67952,-73.95689,-0.011660984,-0.05324804,0.007175979,6.757835,-1.9148624,1489885503628,7.02389008301,0.0
417,-1.00132,0.02105537,-0.21663234,40.67952,-73.95689,0.0064973757,-0.03866098,0.0076428405,6.7069693,-1.9004493,1489885503661,6.97102178544,0.0
418,-0.98844296,0.03590978,-0.20728114,40.67952,-73.95689,-0.0038080628,-0.073255666,0.022291047,6.656103,-1.8860362,1489885503694,6.91815291059,0.0
419,-0.9933789,0.038705077,-0.19866309,40.67952,-73.95688,-0.013595576,-0.042373262,0.0024292872,6.605237,-1.871623,1489885503727,6.86528429712,0.0
420,-0.99260587,0.065305375,-0.22948779,40.67952,-73.95688,0.0057829884,-0.048933614,-0.0025708496,6.554371,-1.8572099,1489885503760,6.81241571091,0.0
421,-1.0238792,0.044010974,-0.18327472,40.67952,-73.95688,-0.024750562,-0.04332186,-0.0018876403,6.5035048,-1.8427968,1489885503794,6.75954693228,0.0
422,-0.99806434,0.056958374,-0.22192053,40.67952,-73.95687,-0.0035321093,-0.043706827,-0.006743059,6.452639,-1.8283839,1489885503827,6.70667859302,0.0
423,-0.9887627,0.044688135,-0.21018305,40.67952,-73.95687,-0.011943047,-0.06111984,-0.0048805885,6.4017725,-1.8139707,1489885503860,6.65380949849,0.0
424,-0.9796968,0.048151586,-0.22031297,40.67952,-73.95687,-0.0039116405,-0.070763424,-0.0038029773,6.350907,-1.7995577,1489885503893,6.60094142061,0.0
425,-0.99184084,0.03631826,-0.20791501,40.67952,-73.95686,0.0018809985,-0.059482455,-0.011232131,6.300041,-1.7851444,1489885503926,6.54807277987,0.0
426,-0.96982,0.06558999,-0.19320235,40.67952,-73.95686,-0.004756719,-0.06834763,-0.00596436,6.249175,-1.7707314,1489885503959,6.49520422093,0.0
427,-0.97692573,0.043443155,-0.18841535,40.67952,-73.95686,0.0012284539,-0.07406742,-0.010687947,6.198309,-1.7563183,1489885503992,6.44233563472,0.0
428,-0.977266,0.027500426,-0.21413344,40.679504,-73.956856,0.0030504272,-0.061912056,-0.015009847,6.1518593,-1.7439677,1489885504025,6.39427839444,0.0
429,-0.97976243,0.024762427,-0.20538121,40.679504,-73.956856,0.002015431,-0.06988445,-0.005015431,6.106753,-1.7322445,1489885504058,6.34768487015,0.0
430,-0.9897334,0.032374464,-0.19993615,40.679504,-73.956856,-0.008526093,-0.049529515,-0.011993875,6.0616474,-1.7205213,1489885504091,6.30109218673,0.0
431,-0.9880007,0.05753789,-0.21115342,40.679504,-73.95685,0.014416523,-0.066122495,-0.0023827467,6.016541,-1.7087982,1489885504124,6.25449893221,0.0
432,-1.0037075,0.034247924,-0.20345125,40.679504,-73.95685,-0.0151994405,-0.060814127,-0.009838642,5.9714346,-1.6970749,1489885504157,6.20790579812,0.0
433,-1.005,0.035953905,-0.21645625,40.679504,-73.95685,0.0094574215,-0.06319008,-0.005129844,5.926329,-1.6853518,1489885504190,6.16131366723,0.0
434,-1.008518,0.022843555,-0.21916914,40.679504,-73.95685,-0.010785449,-0.056038573,0.0013499024,5.8812222,-1.6736287,1489885504223,6.11472056526,0.0
435,-1.0107591,0.03265814,-0.20741722,40.679504,-73.95684,-0.006715156,-0.05871979,0.0067971605,5.836117,-1.6619055,1489885504256,6.06812916216,0.0
436,-0.9971407,0.045470215,-0.21381623,40.679504,-73.95684,0.0047548623,-0.06029529,0.010488536,5.7910104,-1.6501822,1489885504289,6.02153657683,0.0
437,-1.018452,0.014383911,-0.19544582,40.679504,-73.95684,-0.016649427,-0.053664662,0.0029101563,5.7459044,-1.6384592,1489885504322,5.97494484694,0.0
438,-0.97391504,0.0543448,-0.20697612,40.679504,-73.95683,0.007956265,-0.06394562,0.0072950344,5.700798,-1.626736,1489885504355,5.92835287837,0.0
439,-1.020046,0.07412158,-0.2014392,40.679504,-73.95683,0.012837266,-0.03791278,-0.0010627344,5.655692,-1.6150129,1489885504388,5.88176152747,0.0
440,-0.96692336,0.07545366,-0.17739932,40.679504,-73.95683,-0.01321311,-0.052635793,-0.007570776,5.610586,-1.6032898,1489885504421,5.83517038707,0.0
441,-0.99355483,0.058333788,-0.19700171,40.679504,-73.956825,-0.00392083,-0.043185372,-0.018415313,5.56548,-1.5915666,1489885504454,5.78857943477,0.0
442,-0.97471017,0.042159423,-0.19451691,40.679504,-73.956825,-0.005704978,-0.055382922,-0.01598256,5.5203743,-1.5798435,1489885504487,5.7419890192,0.0
443,-0.97988176,0.04748277,-0.19,40.679504,-73.956825,-0.0033103016,-0.047611177,-0.021013644,5.475268,-1.5681202,1489885504520,5.69539819797,0.0
444,-0.9848437,0.05529458,-0.2043527,40.679504,-73.956825,0.0002907593,-0.064436205,-0.015524878,5.4301615,-1.5563972,1489885504554,5.64880749895,0.0
445,-0.98890847,0.04089695,-0.18761832,40.679504,-73.95682,-0.004402346,-0.06655117,-0.015201878,5.3850555,-1.5446739,1489885504587,5.60221743557,0.0
446,-0.98012453,0.04679669,-0.21414526,40.679504,-73.95682,0.0033366017,-0.064190194,-0.019709805,5.3399496,-1.5329509,1489885504620,5.55562779462,0.0
447,-1.0055193,0.04296332,-0.20355599,40.679504,-73.95682,-0.0030957104,-0.04430429,-0.023486907,5.2948437,-1.5212277,1489885504653,5.50903834827,0.0
448,-1.0006431,0.022762109,-0.1976542,40.679504,-73.95681,-0.015971348,-0.053710733,-0.014280635,5.2497377,-1.5095046,1489885504686,5.46244908958,0.0
449,-1.0135019,0.03252057,-0.20942321,40.679504,-73.95681,0.0040495424,-0.047796745,-0.008455906,5.204632,-1.4977815,1489885504719,5.41586038199,0.0
450,-1.0114523,0.035,-0.21254231,40.679504,-73.95681,-0.0024511097,-0.0541,-0.0027511097,5.1595254,-1.4860582,1489885504752,5.3692710238,0.0
451,-1.0051112,0.04396821,-0.21184106,40.679504,-73.95681,-0.001752483,-0.062325988,-0.002052483,5.1144195,-1.4743352,1489885504785,5.32268269803,0.0
452,-1.0140041,0.042,-0.21202064,40.679504,-73.9568,-0.00029406982,-0.04253555,-0.0048577343,5.069313,-1.4626119,1489885504818,5.2760939967,0.0
453,-1.0013902,0.03984214,-0.21292107,40.679504,-73.9568,0.00092982175,-0.045156237,0.007933711,5.024207,-1.4508889,1489885504851,5.22950615058,0.0
454,-0.9756679,0.05480629,-0.19755347,40.679504,-73.9568,-0.004176099,-0.049776897,0.0010158875,4.979101,-1.4391657,1489885504884,5.18291854849,0.0
455,-0.99851936,0.062240332,-0.21510513,40.679504,-73.9568,-0.004323247,-0.045039136,-0.0062998584,4.933995,-1.4274426,1489885504917,5.13633128179,0.0
456,-0.96893626,0.05444678,-0.19619116,40.679504,-73.956795,-0.00862896,-0.06301584,-0.0043761963,4.8888884,-1.4157192,1489885504950,5.08974367143,0.0
457,-0.9935037,0.07157495,-0.17635626,40.679504,-73.956795,0.00090610964,-0.038737267,-0.015927361,4.8437824,-1.4039961,1489885504983,5.04315704568,0.0
458,-0.9785367,0.053630885,-0.19747646,40.67949,-73.956795,-0.0038776563,-0.048261173,-0.0102611715,4.80189,-1.3925223,1489885505016,4.99972658533,0.0
459,-0.9658679,0.06873574,-0.19026425,40.67949,-73.956795,0.0011825293,-0.04187204,-0.011272038,4.7631726,-1.3812945,1489885505049,4.95941404937,0.0
460,-0.9873144,0.05738899,-0.19412966,40.67949,-73.95679,-0.008612539,-0.027227059,-0.021673933,4.7244554,-1.3700668,1489885505082,4.91910173335,0.0
461,-0.99014246,0.04823805,-0.19419025,40.67949,-73.95679,0.0035816345,-0.047450993,-0.012420709,4.685738,-1.3588389,1489885505115,4.87878916954,0.0
462,-0.9902121,0.03960547,-0.19968985,40.67949,-73.95679,-0.0117846485,-0.04480199,-0.019970898,4.6470213,-1.3476112,1489885505148,4.83847733373,0.0
463,-1.020084,0.036458008,-0.1868916,40.67949,-73.95679,-0.004650137,-0.044595078,-0.014860215,4.608304,-1.3363835,1489885505181,4.79816492166,0.0
464,-0.9872624,0.03993141,-0.20633101,40.67949,-73.95679,-0.0022067323,-0.06295229,-0.009539179,4.5695868,-1.3251557,1489885505214,4.75785257779,0.0
465,-1.0247728,0.027608227,-0.16981488,40.67949,-73.95678,-0.008418985,-0.034603328,-0.02076218,4.5308695,-1.3139279,1489885505247,4.71754013787,0.0
466,-0.98167175,0.034480225,-0.21617627,40.67949,-73.95678,-0.00050053466,-0.06176927,-0.00903565,4.4921527,-1.3027,1489885505280,4.67722815032,0.0
467,-1.0089959,0.016002856,-0.18400286,40.67949,-73.95678,-0.00891543,-0.056755554,-0.0059327944,4.453436,-1.2914724,1489885505314,4.63691634236,0.0
468,-1.0082446,0.021583093,-0.16876154,40.67949,-73.95678,-0.006195155,-0.032822147,-0.011775314,4.4147186,-1.2802446,1489885505347,4.5966038064,0.0
469,-0.97864455,0.029177735,-0.20839551,40.67949,-73.95677,0.0035569873,-0.06667985,0.011399868,4.3760014,-1.2690169,1489885505380,4.55629149038,0.0
470,-1.0061543,0.027237939,-0.17775884,40.67949,-73.95677,-0.017574502,-0.03662463,-0.00038768555,4.337284,-1.2577891,1489885505413,4.51597895442,0.0
471,-0.98497856,0.05956509,-0.18208729,40.67949,-73.95677,0.016756428,-0.071354195,0.005999662,4.2985673,-1.2465613,1489885505446,4.47566709076,0.0
472,-0.9983261,0.046869483,-0.18034773,40.67949,-73.95677,-0.002686167,-0.049654804,-0.003871964,4.2598495,-1.2353334,1489885505479,4.43535414277,0.0
473,-0.98238903,0.04955615,-0.18181372,40.67949,-73.95677,0.0014179345,-0.052244313,-0.0021983595,4.2211328,-1.2241058,1489885505512,4.39504233482,0.0
474,-0.96857584,0.05815742,-0.16684839,40.67949,-73.956764,-0.005584385,-0.0673809,-9.6516116e-05,4.182416,-1.212878,1489885505545,4.35473037511,0.0
475,-0.9944843,0.059345946,-0.16106918,40.67949,-73.956764,0.0021498401,-0.063341945,-0.0031048644,4.1436987,-1.2016503,1489885505578,4.31441796305,0.0
476,-0.9670667,0.079547204,-0.19125834,40.67949,-73.956764,0.012957195,-0.07582913,-0.0044758506,4.1049814,-1.1904225,1489885505611,4.27410552313,0.0
477,-0.97599787,0.06635361,-0.19050108,40.67949,-73.956764,-0.0037353223,-0.07194531,-0.009015615,4.066264,-1.1791947,1489885505644,4.23379298717,0.0
478,-0.97240835,0.047894873,-0.18252563,40.67949,-73.956764,0.0030794921,-0.0664875,-0.011214425,4.0275474,-1.1679671,1489885505677,4.19348127526,0.0
479,-0.9942691,0.040993065,-0.19375174,40.67949,-73.95676,-0.0009484534,-0.043416962,-0.020608906,3.98883,-1.1567392,1489885505710,4.15316871144,0.0
480,-0.95586807,0.028859986,-0.19377598,40.67949,-73.95676,-0.0027658031,-0.08763971,0.0013286402,3.9501133,-1.1455115,1489885505743,4.11285687564,0.0
481,-1.017287,0.030801514,-0.17715803,40.67949,-73.95676,-0.007383911,-0.028280396,-0.013250501,3.911396,-1.1342838,1489885505776,4.07254446357,0.0
482,-0.9673354,0.048347972,-0.1846834,40.67949,-73.95676,0.008266797,-0.07785484,0.004082366,3.872679,-1.123056,1489885505809,4.03223231178,0.0
483,-1.0280194,0.039984435,-0.18778211,40.67949,-73.95676,-0.0072192186,-0.02008149,-0.023149652,3.8339615,-1.1118282,1489885505842,3.99191967978,0.0
484,-0.9896274,0.063,-0.19281714,40.67949,-73.95676,0.0053980956,-0.057394166,-0.0122620845,3.7952447,-1.1006005,1489885505875,3.95160774793,0.0
485,-1.0139292,0.03788721,-0.19106314,40.67949,-73.95675,-0.014401343,-0.032196973,-0.030310502,3.7565274,-1.0893728,1489885505908,3.91129533586,0.0
486,-0.99901086,0.042177428,-0.19565058,40.67949,-73.95675,0.0058300574,-0.060274627,-0.010737831,3.7178106,-1.078145,1489885505941,3.87098337616,0.0
487,-1.0164987,0.021477075,-0.18233694,40.67949,-73.95675,-0.013591565,-0.039973985,-0.017325414,3.6790931,-1.0669172,1489885505974,3.83067074415,0.0
488,-0.97472227,0.049048584,-0.20095141,40.679478,-73.95675,0.013584375,-0.07061045,0.0029777344,3.645917,-1.0572962,1489885506007,3.79612776727,0.0
489,-1.0106292,0.034421775,-0.18715988,40.679478,-73.95675,-0.011728295,-0.037977006,-0.0124540115,3.6303668,-1.0527868,1489885506040,3.77993692392,0.0
490,-0.9641931,0.047397707,-0.19099426,40.679478,-73.95674,0.0045,-0.056990203,-0.0052020825,3.6148164,-1.0482773,1489885506073,3.76374586063,0.0
491,-0.9964906,0.03798125,-0.18346563,40.679478,-73.95674,-0.010288281,-0.039489843,-0.015551562,3.599266,-1.0437677,1489885506107,3.74755476949,0.0
492,-0.99471116,0.029,-0.16157773,40.679478,-73.95674,-0.002139746,-0.05248279,-0.009870918,3.5837157,-1.0392582,1489885506140,3.73136380224,0.0
493,-1.0024494,0.036664918,-0.13755323,40.679478,-73.95674,0.0006360266,-0.053456835,-0.011353568,3.5681653,-1.0347487,1489885506173,3.71517273896,0.0
494,-1.0092561,0.030039977,-0.12084009,40.679478,-73.95674,0.004250619,-0.06704358,-0.0064,3.5526152,-1.0302392,1489885506206,3.6989819638,0.0
495,-1.0053216,0.020237891,-0.09553855,40.679478,-73.95673,-0.0065462524,-0.06652617,-0.010234712,3.5370646,-1.0257297,1489885506239,3.68279070842,0.0
496,-1.0118037,0.033294432,-0.08175763,40.679478,-73.95673,0.011298494,-0.05876006,-0.0061222264,3.5215144,-1.0212202,1489885506272,3.66659983722,0.0
497,-1.0053153,0.031369336,-0.07483558,40.679478,-73.95673,-0.010492265,-0.05950668,-0.007615858,3.505964,-1.0167108,1489885506305,3.65040880178,0.0
498,-0.99566895,0.027798632,-0.07236689,40.679478,-73.95673,0.0023967188,-0.07806474,-0.0015678857,3.4904137,-1.0122012,1489885506338,3.63421780669,0.0
499,-1.0057786,0.034062598,-0.07231299,40.679478,-73.95673,0.0017910401,-0.06330385,-0.008459532,3.474863,-1.0076916,1489885506371,3.61802642742,0.0
500,-0.99115413,0.04267079,-0.06615414,40.679478,-73.95673,-0.004,-0.08265391,0.0035429944,3.459313,-1.0031822,1489885506404,3.60183577615,0.0
501,-0.9911839,0.037637915,-0.051497154,40.679478,-73.956726,-0.007885285,-0.060620308,-0.006326636,3.4437625,-0.9986726,1489885506437,3.58564458897,0.0
502,-1.0161207,0.039275367,-0.050425123,40.679478,-73.956726,-0.0008,-0.045051515,-0.009525559,3.4282124,-0.99416316,1489885506470,3.56945383052,0.0
503,-0.9791273,0.043,-0.06549092,40.679478,-73.956726,0.0043731933,-0.074073195,0.00092631835,3.412662,-0.9896536,1489885506503,3.55326275052,0.0
504,-0.99480873,0.027411865,-0.050308898,40.679478,-73.956726,-0.0074217543,-0.054321755,-0.012406449,3.3971117,-0.98514414,1489885506536,3.53707179442,0.0
505,-0.9882738,0.034863085,-0.061452344,40.679478,-73.956726,0.0033009376,-0.05357466,-0.012379668,3.3815615,-0.9806346,1489885506569,3.52088091207,0.0
506,-0.9864228,0.028744629,-0.058832616,40.679478,-73.956726,-0.0033634375,-0.051529933,-0.011581182,3.3660111,-0.9761251,1489885506602,3.50468984878,0.0
507,-1.0027359,0.023829931,-0.06288662,40.679478,-73.95672,-0.0015409301,-0.04257025,-0.007726758,3.350461,-0.9716156,1489885506635,3.48849907363,0.0
508,-0.9799671,0.03,-0.07273226,40.679478,-73.95672,-0.0048931884,-0.05763261,0.002492383,3.3349104,-0.9671061,1489885506668,3.47230781825,0.0
509,-1.0070802,0.020722022,-0.061240673,40.679478,-73.95672,-0.011324158,-0.030820876,-0.0068516405,3.3193603,-0.96259654,1489885506701,3.45611702638,0.0
510,-1.0166149,0.033846434,-0.06630774,40.679478,-73.95672,0.001348523,-0.028451476,-0.0057189916,3.3038096,-0.9580871,1489885506734,3.43992569167,0.0
511,-1.0138216,0.035867237,-0.07566809,40.679478,-73.95672,0.00065671385,-0.034327675,-0.0036276733,3.2882595,-0.9535776,1489885506767,3.42373491651,0.0
512,-0.9931036,0.01504491,-0.05998618,40.679478,-73.95671,-0.010873164,-0.049560074,-0.0026910547,3.2727091,-0.94906807,1489885506800,3.40754384487,0.0
513,-1.005379,0.027269775,-0.064215824,40.679478,-73.95671,-0.0019361572,-0.03814723,-0.009098418,3.2571588,-0.94455856,1489885506833,3.39135287484,0.0
514,-0.9869025,0.032373827,-0.059585277,40.679478,-73.95671,-0.009431134,-0.05283676,-0.004913751,3.2416084,-0.94004905,1489885506867,3.37516180877,0.0
515,-1.0004356,0.03858899,-0.07082416,40.679478,-73.95671,0.008208693,-0.049236655,-0.00613093,3.2260582,-0.93553954,1489885506900,3.35897093478,0.0
516,-0.987548,0.033133667,-0.06081531,40.679478,-73.95671,-0.016398162,-0.050112043,-0.011656941,3.210508,-0.93103004,1489885506933,3.34278006358,0.0
517,-0.98828626,0.033630516,-0.061800756,40.679478,-73.95671,0.0013484936,-0.05880196,-0.013368431,3.1949575,-0.9265205,1489885506966,3.3265888931,0.0
518,-1.0140167,0.030726755,-0.06412825,40.679478,-73.9567,-0.013174521,-0.041343354,-0.020817807,3.1794074,-0.922011,1489885506999,3.31039811795,0.0
519,-0.99905765,0.026403747,-0.07089228,40.679466,-73.9567,0.0021230201,-0.056261584,-0.0053538466,3.176858,-0.92127174,1489885507032,3.30774369791,0.0
520,-1.0180547,0.015427735,-0.063945316,40.679466,-73.9567,-0.01721504,-0.041609842,-0.013747305,3.1746366,-0.92062753,1489885507065,3.30543077239,0.0
521,-0.9843672,0.02683164,-0.051841795,40.679466,-73.9567,-0.0044600978,-0.062850624,-0.0024341797,3.1724153,-0.9199833,1489885507098,3.30311793734,0.0
522,-1.0051944,0.022951392,-0.06367957,40.679466,-73.9567,-0.007905574,-0.061114237,-0.004514243,3.1701937,-0.9193391,1489885507131,3.30080482251,0.0
523,-0.98876536,0.026042968,-0.055440184,40.679466,-73.9567,0.0029186865,-0.052962627,-0.01529439,3.167972,-0.9186949,1489885507164,3.29849161164,0.0
524,-0.98689896,0.02221604,-0.038682934,40.679466,-73.956696,-0.010133858,-0.079067715,-0.0069941236,3.1657507,-0.91805077,1489885507197,3.29617880444,0.0
525,-0.9886338,0.02870747,-0.04890249,40.679466,-73.956696,0.0015139453,-0.06893558,-0.010933453,3.1635294,-0.9174065,1489885507230,3.29386595825,0.0
526,-0.9934122,0.018648827,-0.041942723,40.679466,-73.956696,0.007981175,-0.06677082,-0.0051037087,3.1613078,-0.91676223,1489885507263,3.29155282393,0.0
527,-0.98342675,0.02925542,-0.06085669,40.679466,-73.956696,-0.009185815,-0.06576787,0.00053907715,3.1590865,-0.916118,1489885507296,3.28923998887,0.0
528,-1.0042484,0.042040527,-0.05323242,40.679466,-73.956696,0.007220752,-0.05220918,-0.001098706,3.1568651,-0.9154738,1489885507329,3.28692706613,0.0
529,-0.98891324,0.018393042,-0.040734105,40.679466,-73.956696,-0.030926876,-0.049268965,-0.015797544,3.1546435,-0.9148296,1489885507362,3.28461395131,0.0
530,-0.98767936,0.049701903,-0.06804852,40.679466,-73.956696,0.0034,-0.058861524,-0.00873539,3.152422,-0.9141854,1489885507395,3.28230093253,0.0
531,-1.010619,0.024493555,-0.04674033,40.679466,-73.95669,-0.011747986,-0.04027128,-0.018820226,3.1502004,-0.9135412,1489885507428,3.2799878177,0.0
532,-0.98670423,0.03145973,-0.06436565,40.679466,-73.95669,-0.007560203,-0.050251365,-0.008981907,3.147979,-0.912897,1489885507461,3.27767489496,0.0
533,-0.9860921,0.02757942,-0.0682861,40.679466,-73.95669,-0.008252673,-0.06098521,-0.004867834,3.1457574,-0.9122528,1489885507494,3.27536178013,0.0
534,-0.99430954,0.027534962,-0.06609844,40.679466,-73.95669,-0.0055682226,-0.040270634,-0.012387305,3.143536,-0.9116086,1489885507527,3.27304885739,0.0
535,-0.9887126,0.03450918,-0.07189238,40.679466,-73.95669,-0.004257471,-0.07141142,-0.0038690919,3.1413145,-0.9109643,1489885507560,3.27073581076,0.0
536,-1.009934,0.039421607,-0.07443811,40.679466,-73.95669,0.010462855,-0.049111336,-0.010897948,3.1390932,-0.9103201,1489885507593,3.26842298406,0.0
537,-0.9826029,0.020398377,-0.05759949,40.679466,-73.95668,-0.015149094,-0.059372462,-0.008925453,3.1368716,-0.9096759,1489885507627,3.26610986924,0.0
538,-0.9993733,0.035642236,-0.06306001,40.679466,-73.95668,0.0052506593,-0.063895985,-0.0041484497,3.1346502,-0.9090317,1489885507660,3.2637969465,0.0
539,-1.0084268,0.011,-0.04388689,40.679466,-73.95668,0.0016780053,-0.040244564,-0.007467173,3.1324286,-0.9083875,1489885507693,3.26148383167,0.0
540,-0.9835473,0.030748658,-0.060531188,40.679466,-73.95668,-0.009850495,-0.055076804,-0.003307213,3.130207,-0.9077433,1489885507726,3.25917071685,0.0
541,-1.0175586,0.036190405,-0.05519906,40.679466,-73.95668,0.022024203,-0.058971968,-0.009618062,3.1279857,-0.907099,1489885507759,3.2568578623,0.0
542,-0.9855021,0.024960449,-0.04628203,40.679466,-73.95668,-0.018287037,-0.062440295,-0.017971216,3.1257644,-0.9064548,1489885507792,3.2545450356,0.0
543,-0.9952993,0.034700744,-0.05270758,40.679466,-73.95667,0.02281453,-0.074694924,-0.01341688,3.1235428,-0.9058106,1489885507825,3.25223192077,0.0
544,-1.0154983,0.009676367,-0.02902561,40.679466,-73.95667,-0.02009549,-0.05400532,-0.025087742,3.1213214,-0.9051664,1489885507858,3.24991899803,0.0
545,-0.99482787,0.040688477,-0.077985205,40.679466,-73.95667,0.024990989,-0.06873362,-0.008913933,3.1190999,-0.9045222,1489885507891,3.24760597925,0.0
546,-1.0239158,0.019074073,-0.049343433,40.679466,-73.95667,-0.029245688,-0.052726954,-0.012428955,3.1168785,-0.903878,1489885507924,3.24529305651,0.0
547,-1.0041944,0.055525307,-0.07362435,40.679466,-73.95667,0.02825198,-0.048834246,-0.0072749183,3.1146572,-0.90323377,1489885507957,3.24298022146,0.0
548,-1.0210733,0.033469547,-0.07103501,40.679466,-73.95667,-0.01241609,-0.05140657,-0.006408172,3.1124353,-0.90258956,1489885507990,3.24066681572,0.0
549,-0.98344374,0.024376562,-0.051997658,40.67946,-73.95667,-0.0036467188,-0.0638493,-0.008889844,3.108958,-0.9020498,1489885508023,3.23717680818,0.0
550,-1.0314234,0.061991017,-0.07763965,40.67946,-73.956665,0.013841679,-0.03269115,-0.017253945,3.104972,-0.90155244,1489885508056,3.23321015755,0.0
551,-0.9725196,0.016918287,-0.038398683,40.67946,-73.956665,-0.034949012,-0.08123646,-0.0045649754,3.1009853,-0.9010551,1489885508089,3.22924296454,0.0
552,-0.9951457,0.04694744,-0.07525083,40.67946,-73.956665,0.029665686,-0.03788341,-0.02194653,3.096999,-0.9005577,1489885508122,3.22527626368,0.0
553,-0.98424506,0.042312987,-0.06565994,40.67946,-73.956665,-0.020948516,-0.06725951,-0.006544131,3.0930128,-0.9000603,1489885508155,3.22130978402,0.0
554,-0.97572976,0.015948657,-0.043287855,40.67946,-73.956665,-0.015139708,-0.046758905,-0.013644056,3.0890265,-0.89956295,1489885508188,3.21734334797,0.0
555,-1.0207182,0.060775038,-0.072981834,40.67946,-73.95666,0.027669843,-0.016674262,-0.020554792,3.08504,-0.89906555,1489885508221,3.21337683206,0.0
556,-0.97277683,-0.008038574,-0.03309531,40.67946,-73.95666,-0.037980787,-0.070911705,-0.0052598487,3.0810537,-0.8985682,1489885508254,3.20941064875,0.0
557,-1.0166318,0.040181395,-0.08526636,40.67946,-73.95666,0.036281645,-0.022324786,-0.009808848,3.0770674,-0.8980708,1489885508287,3.20544457852,0.0
558,-1.0015341,0.006098877,-0.05450326,40.67946,-73.95666,-0.046451952,-0.056083955,0.0027233704,3.0730815,-0.8975735,1489885508320,3.20147904781,0.0
559,-1.0077273,0.03762948,-0.07583228,40.67946,-73.95666,0.011361964,-0.023084357,-0.004442357,3.0690951,-0.89707613,1489885508353,3.19751314553,0.0
560,-1.0060704,0.03221582,-0.07288098,40.67946,-73.95666,-0.016624622,-0.04233385,-0.005973362,3.0651088,-0.8965788,1489885508386,3.19354747897,0.0
561,-0.9826384,0.013754651,-0.057957605,40.67946,-73.95665,-0.0020204529,-0.040185016,-0.00820401,3.0611227,-0.8960814,1489885508420,3.18958211368,0.0
562,-1.0052464,0.028912988,-0.073405735,40.67946,-73.95665,-0.003778434,-0.042685986,-0.009620725,3.057136,-0.895584,1489885508453,3.185616302,0.0
563,-0.9975525,0.01793894,-0.06581353,40.67946,-73.95665,-0.0025078948,-0.050603855,-0.0047807875,3.05315,-0.89508665,1489885508486,3.18165130608,0.0
564,-0.98764014,0.02189209,-0.09164746,40.67946,-73.95665,-0.010334112,-0.054876924,-0.0063568945,3.0491633,-0.89458925,1489885508519,3.1776857548,0.0
565,-1.0016785,0.052161902,-0.11068083,40.67946,-73.95665,0.010404297,-0.048576277,0.0016286866,3.0451775,-0.8940919,1489885508552,3.1737212121,0.0
566,-0.9912439,0.027885364,-0.08935122,40.67946,-73.95665,-0.019470742,-0.042477444,-0.0020878026,3.0411909,-0.8935945,1489885508585,3.16975601911,0.0
567,-1.0078771,0.061684083,-0.12609936,40.67946,-73.95664,0.015369011,-0.047889583,-0.0034683764,3.0372047,-0.89309716,1489885508618,3.16579135871,0.0
568,-0.9884637,0.027283521,-0.106551684,40.67946,-73.95664,-0.008518911,-0.04684101,-0.009063576,3.0332184,-0.8925998,1489885508651,3.16182672913,0.0
569,-0.9898431,0.04494153,-0.12026277,40.67946,-73.95664,0.0014843921,-0.04342186,-0.010321432,3.029232,-0.8921025,1489885508684,3.15786215347,0.0
570,-0.9998755,0.018622559,-0.11716601,40.67946,-73.95664,0.010976987,-0.041584346,-0.0062822853,3.0252457,-0.891605,1489885508717,3.15389775062,0.0
571,-0.994,0.026467187,-0.110869095,40.67946,-73.95664,-0.0123812845,-0.042585883,-0.007797705,3.0212595,-0.8911077,1489885508750,3.14993363412,0.0
572,-1.012549,0.035901904,-0.12340117,40.67946,-73.95664,0.0075510987,-0.04593847,-0.0056271083,3.0172732,-0.89061034,1489885508783,3.14596953913,0.0
573,-0.99597716,0.037775706,-0.11079852,40.67946,-73.95664,-0.023286836,-0.06788272,-0.0067262207,3.013287,-0.89011294,1489885508816,3.14200566364,0.0
574,-0.99922407,0.030836742,-0.09669013,40.67946,-73.956635,0.0035714721,-0.055624813,-0.008161294,3.0093007,-0.8896156,1489885508849,3.13804184465,0.0
575,-1.0016888,0.050645042,-0.104423,40.67946,-73.956635,0.0018241333,-0.04671749,-0.011318738,3.005314,-0.8891182,1489885508882,3.13407776103,0.0
576,-0.98452705,0.0018631226,-0.071937695,40.67946,-73.956635,-0.012569204,-0.064913765,-0.0036282006,3.001328,-0.88862085,1489885508915,3.13011449929,0.0
577,-0.9989869,0.036213685,-0.09194189,40.67946,-73.956635,0.011541887,-0.055498324,-0.0059195543,2.9973416,-0.8881235,1489885508948,3.12615099097,0.0
578,-0.99699837,0.0032619243,-0.059757814,40.67946,-73.956635,-0.02336357,-0.058585033,-0.0058876234,2.9933555,-0.88762605,1489885508981,3.12218787936,0.0
579,-1.0034003,0.056960914,-0.09186051,40.67945,-73.956635,0.018677684,-0.057871915,-0.001428086,2.9911547,-0.8873515,1489885509014,3.1199998596,0.0
580,-0.99477655,0.022078248,-0.047631297,40.67945,-73.956635,-0.021419115,-0.060644194,-0.010695251,2.9911547,-0.8873515,1489885509047,3.1199998596,0.0
581,-0.9844659,0.061091017,-0.08382395,40.67945,-73.956635,0.030369453,-0.057011377,-0.009229941,2.9911547,-0.8873515,1489885509080,3.1199998596,0.0
582,-0.9952752,0.007762842,-0.0336593,40.67945,-73.956635,-0.0300969,-0.053632434,-0.01645354,2.9911547,-0.8873515,1489885509113,3.1199998596,0.0
583,-0.9922635,0.04452052,-0.06845789,40.67945,-73.956635,0.01843502,-0.054698747,-0.012326524,2.9911547,-0.8873515,1489885509146,3.1199998596,0.0
584,-0.99859476,0.0102007445,-0.049788088,40.67945,-73.956635,-0.03400066,-0.05745731,-0.011446884,2.9911547,-0.8873515,1489885509180,3.1199998596,0.0
585,-0.99470574,0.037439305,-0.06855659,40.67945,-73.956635,0.011623706,-0.051473413,-0.005528149,2.9911547,-0.8873515,1489885509213,3.1199998596,0.0
586,-0.99940443,0.01634409,-0.04436421,40.67945,-73.956635,-0.0232,-0.057081655,-0.008309468,2.9911547,-0.8873515,1489885509246,3.1199998596,0.0
587,-1.010057,0.042257324,-0.073057,40.67945,-73.956635,0.033047773,-0.04135374,-0.007301433,2.9911547,-0.8873515,1489885509279,3.1199998596,0.0
588,-0.9993348,0.015818128,-0.03724607,40.67945,-73.956635,-0.016668633,-0.059283093,-0.0069066174,2.9911547,-0.8873515,1489885509312,3.1199998596,0.0
589,-0.9995363,0.036153052,-0.0666145,40.67945,-73.956635,0.010113438,-0.043952674,-0.012624426,2.9911547,-0.8873515,1489885509345,3.1199998596,0.0
590,-1.0077951,0.020612488,-0.056271728,40.67945,-73.956635,-0.0047705946,-0.039159946,-0.018159945,2.9911547,-0.8873515,1489885509378,3.1199998596,0.0
591,-0.9849021,0.03640559,-0.060982507,40.67945,-73.956635,-0.004441942,-0.061140705,-0.011886542,2.9911547,-0.8873515,1489885509411,3.1199998596,0.0
592,-1.016657,0.0318791,-0.05944678,40.67945,-73.956635,0.0001290625,-0.035730947,-0.021530088,2.9911547,-0.8873515,1489885509444,3.1199998596,0.0
593,-0.9599382,0.03159961,-0.05689443,40.67945,-73.956635,-0.017248916,-0.06973606,-0.01448415,2.9911547,-0.8873515,1489885509477,3.1199998596,0.0
594,-1.0111898,0.05260779,-0.07002545,40.67945,-73.956635,0.00852066,-0.05471066,-0.018883292,2.9911547,-0.8873515,1489885509510,3.1199998596,0.0
595,-0.9967909,0.021970129,-0.035484046,40.67945,-73.956635,-0.01629068,-0.05626079,-0.018546874,2.9911547,-0.8873515,1489885509543,3.1199998596,0.0
596,-0.99837595,0.05556018,-0.065853395,40.67945,-73.956635,0.015045525,-0.062040538,-0.015216306,2.9911547,-0.8873515,1489885509576,3.1199998596,0.0
597,-1.0040711,0.015457178,-0.04471411,40.67945,-73.956635,-0.021476056,-0.06401163,-0.015639173,2.9911547,-0.8873515,1489885509609,3.1199998596,0.0
598,-1.0001279,0.03776145,-0.07933492,40.67945,-73.956635,0.020823646,-0.05421777,-0.0188454,2.9911547,-0.8873515,1489885509642,3.1199998596,0.0
599,-1.022094,0.027572803,-0.04550708,40.67945,-73.956635,-0.008787808,-0.062305093,-0.007633027,2.9911547,-0.8873515,1489885509675,3.1199998596,0.0
600,-0.98518026,0.011574951,-0.010449707,40.67945,-73.956635,-0.01992298,-0.07499226,-0.0073186867,2.9911547,-0.8873515,1489885509708,3.1199998596,0.0
601,-1.0079428,0.023765797,-0.0041486938,40.67945,-73.956635,0.010301329,-0.048486013,-0.020495271,2.9911547,-0.8873515,1489885509741,3.1199998596,0.0
602,-0.9999786,0.026160583,0.012539661,40.67945,-73.956635,-0.016839685,-0.072462715,-0.01095708,2.9911547,-0.8873515,1489885509774,3.1199998596,0.0
603,-1.017223,0.00062145997,0.045227125,40.67945,-73.956635,-0.0117650535,-0.06391021,-0.017078875,2.9911547,-0.8873515,1489885509807,3.1199998596,0.0
604,-1.0055321,0.025605468,0.009165161,40.67945,-73.956635,0.016727109,-0.07691739,-0.008925684,2.9911547,-0.8873515,1489885509840,3.1199998596,0.0
605,-1.0095657,-0.010240015,0.055208605,40.67945,-73.956635,-0.019775286,-0.07805371,-0.0063752867,2.9911547,-0.8873515,1489885509873,3.1199998596,0.0
606,-1.0155659,0.01478291,0.021836316,40.67945,-73.956635,0.0096410215,-0.059464775,-0.0030853003,2.9911547,-0.8873515,1489885509906,3.1199998596,0.0
