,acceleration_x,acceleration_y,acceleration_z,gps_lat,gps_long,gyro_x,gyro_y,gyro_z,speed_x,speed_y,timestamp,linear_speed,steer,course
0,-1.002,0.039,-0.094,40.6637,-73.795425,0.001,-0.0276,-0.0073,-0.0,0.0,1490292059690,0.0,1.0,
1,-0.9971004,0.039161574,-0.100030564,40.6637,-73.795425,0.020994604,-0.014665699,0.005837573,-0.0,0.0,1490292059723,0.0,1.0,
2,-0.99729913,0.040823143,-0.1024083,40.6637,-73.795425,0.0106,-0.020995332,0.000795332,-0.0,0.0,1490292059756,0.0,1.0,
3,-1.0034236,0.040877733,-0.10039302,40.6637,-73.795425,0.013739624,-0.015521811,-0.0042169043,-0.0,0.0,1490292059789,0.0,1.0,
4,-0.99517024,0.03446277,-0.09158511,40.6637,-73.795425,0.014486009,-0.029375102,0.008235312,-0.0,0.0,1490292059822,0.0,1.0,
5,-1.0060393,0.043,-0.10550204,40.6637,-73.795425,0.017041717,-0.0200166,0.0045009376,-0.0,0.0,1490292059856,0.0,1.0,
6,-1.0021223,0.03828595,-0.0975719,40.6637,-73.795425,0.0110880155,-0.017854134,-0.0037386364,-0.0,0.0,1490292059889,0.0,1.0,
7,-1.005166,0.038261987,-0.10060702,40.6637,-73.795425,0.009419006,-0.022219006,0.0024305603,-0.0,0.0,1490292059922,0.0,1.0,
8,-1.0033034,0.043170262,-0.10671823,40.6637,-73.795425,0.020381054,-0.012611979,0.0015711987,-0.0,0.0,1490292059955,0.0,1.0,
9,-1.0003713,0.037729308,-0.0946331,40.6637,-73.795425,0.008928416,-0.026960688,-0.0024187549,-0.0,0.0,1490292059989,0.0,1.0,
10,-1.0091901,0.041884303,-0.084504075,40.6637,-73.795425,0.011765698,-0.02559343,-0.008455398,-0.0,0.0,1490292060022,0.0,1.0,
11,-0.9991136,0.036336377,-0.096,40.6637,-73.795425,0.013499998,-0.01859093,0.0010181982,-0.0,0.0,1490292060055,0.0,1.0,
12,-1.0029281,0.042295042,-0.10443884,40.6637,-73.795425,0.013088594,-0.025138054,-0.001217649,-0.0,0.0,1490292060088,0.0,1.0,
13,-1.0008034,0.039301246,-0.09480332,40.6637,-73.795425,0.004951184,-0.015222657,-0.010732031,-0.0,0.0,1490292060122,0.0,1.0,
14,-1.0034281,0.03971404,-0.09895205,40.6637,-73.795425,0.009274575,-0.019733628,-0.0008302515,-0.0,0.0,1490292060155,0.0,1.0,
15,-0.9996305,0.03977288,-0.10056271,40.6637,-73.795425,0.015393694,-0.016481562,0.00019539063,-0.0,0.0,1490292060188,0.0,1.0,
16,-0.99689174,0.041918933,-0.10064853,40.6637,-73.795425,0.0074751102,-0.01927511,-0.007263951,-0.0,0.0,1490292060221,0.0,1.0,
17,-1.0021231,0.039606616,-0.101033084,40.6637,-73.795425,0.008896975,-0.022303402,-0.0026797736,-0.0,0.0,1490292060254,0.0,1.0,
18,-1.0000157,0.038641736,-0.09920868,40.6637,-73.795425,0.018665412,-0.013432823,0.0031325894,-0.0,0.0,1490292060288,0.0,1.0,
19,-0.99713886,0.044861145,-0.09996033,40.6637,-73.795425,0.00846682,-0.01991043,-0.00015986695,-0.0,0.0,1490292060321,0.0,1.0,
20,-1.0053629,0.040044226,-0.10345127,40.6637,-73.795425,0.01108111,-0.018874042,-0.0041243406,-0.0,0.0,1490292060354,0.0,1.0,
21,-1.0000868,0.036028944,-0.099371925,40.6637,-73.795425,0.015609662,-0.02061668,0.0030665246,-0.0,0.0,1490292060387,0.0,1.0,
22,-0.99701816,0.042986378,-0.10496821,40.6637,-73.795425,0.013609072,-0.013804546,0.0065817283,-0.0,0.0,1490292060421,0.0,1.0,
23,-1.001,0.044662792,-0.10532725,40.6637,-73.795425,0.014798574,-0.018163037,-0.004583887,-0.0,0.0,1490292060454,0.0,1.0,
24,-1.0013955,0.03494917,-0.098361574,40.6637,-73.795425,0.013122813,-0.022605455,0.0027793457,-0.0,0.0,1490292060487,0.0,1.0,
25,-1.0078496,0.042978514,-0.102914065,40.6637,-73.795425,0.021461757,-0.011471426,0.0054341992,-0.0,0.0,1490292060520,0.0,1.0,
26,-0.99223757,0.03769834,-0.10195249,40.6637,-73.795425,0.012975024,-0.022960912,-0.0003546875,-0.0,0.0,1490292060554,0.0,1.0,
27,-1.0086263,0.041062795,-0.099624805,40.6637,-73.795425,0.0106,-0.020909796,-0.0037809375,-0.0,0.0,1490292060587,0.0,1.0,
28,-0.9970521,0.03510415,-0.096130185,40.6637,-73.795425,0.016513359,-0.019149318,0.0012672828,-0.0,0.0,1490292060620,0.0,1.0,
29,-1.0023736,0.038102515,-0.096551254,40.6637,-73.795425,0.011147422,-0.023947421,0.0036159765,-0.0,0.0,1490292060653,0.0,1.0,
30,-1.0011595,0.041702893,-0.10129711,40.6637,-73.795425,0.01166256,-0.014109666,-0.0050652134,-0.0,0.0,1490292060686,0.0,1.0,
31,-1.0014132,0.036206603,-0.094330564,40.6637,-73.795425,0.00617668,-0.023824679,-0.00032467896,-0.0,0.0,1490292060720,0.0,1.0,
32,-1.0031645,0.039898742,-0.10327849,40.6637,-73.795425,0.015923114,-0.018096747,0.00064713747,-0.0,0.0,1490292060753,0.0,1.0,
33,-0.9989728,0.04143635,-0.09553641,40.6637,-73.795425,0.010854173,-0.02143033,-0.0020231823,-0.0,0.0,1490292060786,0.0,1.0,
34,-1.0058868,0.04188677,-0.10577354,40.6637,-73.795425,0.008005859,-0.015645973,-0.003976106,-0.0,0.0,1490292060819,0.0,1.0,
35,-0.9998644,0.039814867,-0.10081487,40.6637,-73.795425,0.014124141,-0.017379636,-0.003589209,-0.0,0.0,1490292060853,0.0,1.0,
36,-1.0019339,0.039867774,-0.09953513,40.6637,-73.795425,0.013561819,-0.023659509,0.0045811622,-0.0,0.0,1490292060886,0.0,1.0,
37,-1.0045686,0.042352904,-0.10577771,40.6637,-73.795425,0.014631821,-0.010502055,-0.0057758326,-0.0,0.0,1490292060919,0.0,1.0,
38,-0.9971033,0.038358692,-0.09671738,40.6637,-73.795425,0.009466687,-0.021625562,-0.0021347657,-0.0,0.0,1490292060952,0.0,1.0,
39,-1.0062413,0.03949253,-0.10672883,40.6637,-73.795425,0.017657463,-0.017911829,0.0045014475,-0.0,0.0,1490292060986,0.0,1.0,
40,-0.99461037,0.040476833,-0.10312805,40.6637,-73.795425,0.02157775,-0.012730483,0.0007966492,-0.0,0.0,1490292061019,0.0,1.0,
41,-0.9989381,0.03929751,-0.100574374,40.6637,-73.795425,0.0095,-0.027334023,-0.0031011926,-0.0,0.0,1490292061052,0.0,1.0,
42,-1.0063484,0.041528102,-0.1055843,40.6637,-73.795425,0.02003431,-0.014080157,0.00053802243,-0.0,0.0,1490292061085,0.0,1.0,
43,-0.9920248,0.03461487,-0.09740991,40.6637,-73.795425,0.017928077,-0.025347522,0.0063280775,-0.0,0.0,1490292061118,0.0,1.0,
44,-1.0060863,0.041763622,-0.10579547,40.6637,-73.795425,0.013820007,-0.018158203,-0.002396289,-0.0,0.0,1490292061152,0.0,1.0,
45,-0.9940893,0.036868665,-0.095427334,40.6637,-73.795425,0.011692266,-0.011537068,-0.003833866,-0.0,0.0,1490292061185,0.0,1.0,
46,-1.0032356,0.038177736,-0.092531055,40.6637,-73.795425,0.014336875,-0.02387543,0.006831074,-0.0,0.0,1490292061218,0.0,1.0,
47,-1.0028759,0.04135039,-0.10335039,40.6637,-73.795425,0.016957603,-0.0202,-0.0022054198,-0.0,0.0,1490292061251,0.0,1.0,
48,-1.0015355,0.037,-0.09146445,40.6637,-73.795425,0.0068568457,-0.022100508,-0.0031366993,-0.0,0.0,1490292061285,0.0,1.0,
49,-1.008472,0.037866943,-0.100133054,40.6637,-73.795425,0.010843125,-0.020873819,-0.002965049,-0.0,0.0,1490292061318,0.0,1.0,
50,-1.0016996,0.038414452,-0.1041711,40.6637,-73.795425,0.016288867,-0.01841797,0.0016736328,-0.0,0.0,1490292061351,0.0,1.0,
51,-0.9996694,0.041669384,-0.1004793,40.6637,-73.795425,0.007681494,-0.017896563,-0.0047103125,-0.0,0.0,1490292061384,0.0,1.0,
52,-1.0008131,0.04025824,-0.10251648,40.6637,-73.795425,0.012920719,-0.020834727,-0.009523835,-0.0,0.0,1490292061418,0.0,1.0,
53,-1.0039471,0.03792068,-0.09435458,40.6637,-73.795425,0.0127,-0.022689866,0.0042803236,-0.0,0.0,1490292061451,0.0,1.0,
54,-1.003,0.041776452,-0.10160166,40.6637,-73.795425,0.014101328,-0.013821472,-0.0034778637,-0.0,0.0,1490292061484,0.0,1.0,
55,-0.99881816,0.038509093,-0.09667273,40.6637,-73.795425,0.0085,-0.019499533,-0.005633202,-0.0,0.0,1490292061517,0.0,1.0,
56,-1.0055186,0.04051444,-0.10152269,40.6637,-73.795425,0.0143516725,-0.021355402,-6.9940186e-05,-0.0,0.0,1490292061550,0.0,1.0,
57,-0.99371165,0.03984049,-0.10552147,40.6637,-73.795425,0.01989828,-0.01587954,0.0022801221,-0.0,0.0,1490292061584,0.0,1.0,
58,-0.9997893,0.041463207,-0.099715725,40.6637,-73.795425,0.009271069,-0.023073334,-0.00034226317,-0.0,0.0,1490292061617,0.0,1.0,
59,-1.0064826,0.03989585,-0.09941321,40.6637,-73.795425,0.013562188,-0.016862188,-0.0016689063,-0.0,0.0,1490292061650,0.0,1.0,
60,-0.9948653,0.03415371,-0.09229793,40.6637,-73.795425,0.01449488,-0.019999849,0.008693244,-0.0,0.0,1490292061683,0.0,1.0,
61,-1.0032232,0.040194213,-0.11128101,40.6637,-73.795425,0.013849881,-0.019516999,0.003911094,-0.0,0.0,1490292061717,0.0,1.0,
62,-1.0003368,0.039206225,-0.10307566,40.6637,-73.795425,0.013842188,-0.019323096,-0.005840906,-0.0,0.0,1490292061750,0.0,1.0,
63,-1.005195,0.03912893,-0.09738679,40.6637,-73.795425,0.0144737745,-0.026015913,0.0016159131,-0.0,0.0,1490292061783,0.0,1.0,
64,-1.0072289,0.04237147,-0.10632393,40.6637,-73.795425,0.01823779,-0.01446086,0.0042042322,-0.0,0.0,1490292061816,0.0,1.0,
65,-0.9950273,0.034452062,-0.09835619,40.6637,-73.795425,0.009819609,-0.022082465,0.0011907276,-0.0,0.0,1490292061850,0.0,1.0,
66,-1.00875,0.041886363,-0.09379545,40.6637,-73.795425,0.010669999,-0.016808167,-0.0105882,-0.0,0.0,1490292061883,0.0,1.0,
67,-0.999,0.039449584,-0.101550415,40.6637,-73.795425,0.014745872,-0.014848537,0.00045640016,-0.0,0.0,1490292061916,0.0,1.0,
68,-1.0058277,0.039321862,-0.0986322,40.6637,-73.795425,0.009825324,-0.017087629,0.0051884768,-0.0,0.0,1490292061949,0.0,1.0,
69,-0.99868846,0.041098353,-0.10060659,40.6637,-73.795425,0.013104618,-0.013568797,-0.013865266,-0.0,0.0,1490292061982,0.0,1.0,
70,-1.0034802,0.038200438,-0.09320044,40.6637,-73.795425,0.013065747,-0.022665747,-0.00031515624,-0.0,0.0,1490292062016,0.0,1.0,
71,-1.0026363,0.040785156,-0.10436367,40.6637,-73.795425,0.0146225,-0.01526625,-0.00089078123,-0.0,0.0,1490292062049,0.0,1.0,
72,-0.9947475,0.04075083,-0.09691362,40.6637,-73.795425,0.010986763,-0.017713238,-0.003991743,-0.0,0.0,1490292062082,0.0,1.0,
73,-1.0007662,0.040233888,-0.103276856,40.6637,-73.795425,0.0090325875,-0.021890225,-0.002970791,-0.0,0.0,1490292062115,0.0,1.0,
74,-0.9996558,0.0398124,-0.10924961,40.6637,-73.795425,0.01980078,-0.015396045,-0.0016401123,-0.0,0.0,1490292062149,0.0,1.0,
75,-0.9956777,0.040728908,-0.103,40.6637,-73.795425,0.011831524,-0.030574277,0.00318625,-0.0,0.0,1490292062182,0.0,1.0,
76,-1.002812,0.042105336,-0.111022666,40.6637,-73.795425,0.011899065,-0.013752266,-0.0045945337,-0.0,0.0,1490292062215,0.0,1.0,
77,-0.9952182,0.03695453,-0.10451815,40.6637,-73.795425,0.012368196,-0.024663696,0.003797816,-0.0,0.0,1490292062248,0.0,1.0,
78,-1.0014752,0.042527698,-0.11810787,40.6637,-73.795425,0.018078689,-0.017026516,0.007471255,-0.0,0.0,1490292062282,0.0,1.0,
79,-0.9977124,0.0425686,-0.11413886,40.6637,-73.795425,0.02085526,-0.019930612,-0.006291366,-0.0,0.0,1490292062315,0.0,1.0,
80,-1.0034876,0.036624376,-0.0952388,40.6637,-73.795425,0.01671584,-0.023767615,-0.00021903687,-0.0,0.0,1490292062348,0.0,1.0,
81,-1.0097768,0.043776833,-0.09485122,40.6637,-73.795425,0.025295118,-0.014062625,0.0019796314,-0.0,0.0,1490292062381,0.0,1.0,
82,-0.99351865,0.038698755,-0.09659004,40.6637,-73.795425,0.0075015724,-0.017671168,0.0059119263,-0.0,0.0,1490292062414,0.0,1.0,
83,-1.0060728,0.04155869,-0.11352229,40.6637,-73.795425,0.0051930468,-0.015096421,-0.0027761254,-0.0,0.0,1490292062448,0.0,1.0,
84,-0.9902628,0.039197095,-0.121262796,40.6637,-73.795425,0.015661145,-0.025448257,-0.0028021338,-0.0,0.0,1490292062481,0.0,1.0,
85,-0.9972157,0.037747923,-0.121380985,40.6637,-73.795425,0.02215422,-0.022641908,0.00046265626,-0.0,0.0,1490292062514,0.0,1.0,
86,-1.0039009,0.040035132,-0.09685947,40.6637,-73.795425,0.024188282,-0.021370495,-0.013915564,-0.0,0.0,1490292062547,0.0,1.0,
87,-1.0019206,0.036033083,-0.07417202,40.6637,-73.795425,0.005262903,-0.023308894,-0.00081323244,-0.0,0.0,1490292062581,0.0,1.0,
88,-1.0033635,0.038327295,-0.1,40.6637,-73.795425,0.0073236655,-0.018749008,0.006659988,-0.0,0.0,1490292062614,0.0,1.0,
89,-1.004681,0.037989244,-0.09728673,40.6637,-73.795425,0.013080781,-0.024529861,-0.0022327795,-0.0,0.0,1490292062647,0.0,1.0,
90,-1.0099306,0.043965284,-0.10500868,40.6637,-73.795425,0.007238867,-0.017129093,-0.004894868,-0.0,0.0,1490292062680,0.0,1.0,
91,-0.99783474,0.037652895,-0.10640497,40.6637,-73.795425,0.010167849,-0.009287636,-0.0008755469,-0.0,0.0,1490292062714,0.0,1.0,
92,-0.99768555,0.040855348,-0.11591195,40.6637,-73.795425,0.013101666,-0.025341291,0.0028611328,-0.0,0.0,1490292062747,0.0,1.0,
93,-1.0038322,0.047664527,-0.11090415,40.6637,-73.795425,0.023945281,-0.0150739625,-0.010126641,-0.0,0.0,1490292062780,0.0,1.0,
94,-1.0000873,0.036825586,-0.0883624,40.6637,-73.795425,0.015339375,-0.027053643,-0.0036161328,-0.0,0.0,1490292062813,0.0,1.0,
95,-1.0097091,0.04120498,-0.09190581,40.6637,-73.795425,0.013294341,-0.022346513,0.0040328857,-0.0,0.0,1490292062846,0.0,1.0,
96,-0.98951036,0.044685937,-0.110057816,40.6637,-73.795425,0.011191543,-0.012931758,0.0045502344,-0.0,0.0,1490292062880,0.0,1.0,
97,-0.9995322,0.04148926,-0.111377686,40.6637,-73.795425,0.007862813,-0.022292359,-0.00087603513,-0.0,0.0,1490292062913,0.0,1.0,
98,-1.0094322,0.039135545,-0.10114834,40.6637,-73.795425,0.026643261,-0.018451562,-0.004596875,-0.0,0.0,1490292062946,0.0,1.0,
99,-0.9890908,0.035381787,-0.089545414,40.6637,-73.795425,0.0127,-0.023521855,0.0076032667,-0.0,0.0,1490292062979,0.0,1.0,
100,-1.0010351,0.043,-0.11346317,40.6637,-73.795425,0.00756974,-0.016721524,0.0032947657,-0.0,0.0,1490292063013,0.0,1.0,
101,-1.0014917,0.034491688,-0.10041732,40.6637,-73.795425,0.016838418,-0.022423383,-0.006380393,-0.0,0.0,1490292063046,0.0,1.0,
102,-1.0026286,0.03655869,-0.09118722,40.6637,-73.795425,0.015465726,-0.01860867,0.0025144373,-0.0,0.0,1490292063079,0.0,1.0,
103,-0.9968347,0.04295868,-0.10560992,40.6637,-73.795425,0.010080045,-0.013495245,0.002221781,-0.0,0.0,1490292063112,0.0,1.0,
104,-1.0091739,0.038506616,-0.09725331,40.6637,-73.795425,0.008327154,-0.027868573,-0.0015933838,-0.0,0.0,1490292063146,0.0,1.0,
105,-1.0029786,0.04,-0.11080833,40.6637,-73.795425,0.014294412,-0.012862029,-0.008216363,-0.0,0.0,1490292063179,0.0,1.0,
106,-1.0013409,0.03915288,-0.095624074,40.6637,-73.795425,0.015238438,-0.022950513,0.002498816,-0.0,0.0,1490292063212,0.0,1.0,
107,-1.0052876,0.04342981,-0.10671404,40.6637,-73.795425,0.009706814,-0.014294575,-0.0042885155,-0.0,0.0,1490292063245,0.0,1.0,
108,-0.9959959,0.03739751,-0.100903735,40.6637,-73.795425,0.011534544,-0.019213071,-0.0077644163,-0.0,0.0,1490292063278,0.0,1.0,
109,-1.005338,0.03951074,-0.09563306,40.6637,-73.795425,0.01311946,-0.02024686,0.0011042553,-0.0,0.0,1490292063312,0.0,1.0,
110,-0.9945682,0.04110908,-0.10821816,40.6637,-73.795425,0.015341797,-0.010419128,-0.0030890624,-0.0,0.0,1490292063345,0.0,1.0,
111,-1.0025041,0.036231395,-0.08608257,40.6637,-73.795425,0.010069766,-0.02448343,-0.0013435986,-0.0,0.0,1490292063378,0.0,1.0,
112,-0.998,0.041454136,-0.115637586,40.6637,-73.795425,0.010124901,-0.018038755,-0.0015719323,-0.0,0.0,1490292063411,0.0,1.0,
113,-1.007452,0.035452038,-0.08065947,40.6637,-73.795425,0.017423034,-0.021658609,0.005150155,-0.0,0.0,1490292063445,0.0,1.0,
114,-0.99648887,0.042738013,-0.118284225,40.6637,-73.795425,0.009459266,-0.021083755,0.0026674694,-0.0,0.0,1490292063478,0.0,1.0,
115,-1.0067339,0.040305786,-0.09916364,40.6637,-73.795425,0.015775703,-0.017983098,-0.0044412,-0.0,0.0,1490292063511,0.0,1.0,
116,-0.9969256,0.038231395,-0.105497964,40.6637,-73.795425,0.009097034,-0.030098516,0.004993201,-0.0,0.0,1490292063544,0.0,1.0,
117,-1.0121728,0.040122338,-0.09807181,40.6637,-73.795425,0.020415742,-0.02249644,0.0009634558,-0.0,0.0,1490292063578,0.0,1.0,
118,-0.99566376,0.038,-0.10342793,40.6637,-73.795425,0.011621626,-0.016534716,-0.0019561865,-0.0,0.0,1490292063611,0.0,1.0,
119,-1.0128777,0.036707424,-0.094877735,40.6637,-73.795425,0.009779082,-0.023539541,-0.003173955,-0.0,0.0,1490292063644,0.0,1.0,
120,-0.99545413,0.04,-0.10763755,40.6637,-73.795425,0.018401636,-0.017798364,-0.0017670947,-0.0,0.0,1490292063677,0.0,1.0,
121,-1.0045,0.039,-0.0945,40.6637,-73.795425,0.01172,-0.02153,0.002615,-0.0,0.0,1490292063711,0.0,1.0,
122,-0.996262,0.039484717,-0.10916157,40.6637,-73.795425,0.009448364,-0.015082666,-0.012932178,-0.0,0.0,1490292063744,0.0,1.0,
123,-1.0030612,0.037061132,-0.08612881,40.6637,-73.795425,0.009577813,-0.025273144,-0.0040670605,-0.0,0.0,1490292063777,0.0,1.0,
124,-1.0013013,0.040668115,-0.106698684,40.6637,-73.795425,0.015883096,-0.01380709,0.0012207519,-0.0,0.0,1490292063810,0.0,1.0,
125,-0.99746275,0.039731383,-0.08824203,40.6637,-73.795425,0.008036707,-0.027063293,-0.008383188,-0.0,0.0,1490292063843,0.0,1.0,
126,-1.0076157,0.039960753,-0.102497965,40.6637,-73.795425,0.008091448,-0.0237498,-0.0025986645,-0.0,0.0,1490292063877,0.0,1.0,
127,-1.0003884,0.03946942,-0.09528595,40.6637,-73.795425,0.015415703,-0.010426445,-0.00060723023,-0.0,0.0,1490292063910,0.0,1.0,
128,-1.0014281,0.04060702,-0.09235789,40.6637,-73.795425,0.012129267,-0.026259826,0.003878833,-0.0,0.0,1490292063943,0.0,1.0,
129,-1.0044736,0.04354796,-0.1103777,40.6637,-73.795425,0.009871367,-0.016013933,-0.004909856,-0.0,0.0,1490292063976,0.0,1.0,
130,-0.9950962,0.03727069,-0.103353456,40.6637,-73.795425,0.013564825,-0.019560687,-0.0003013855,-0.0,0.0,1490292064010,0.0,1.0,
131,-1.0100744,0.043958716,-0.10472732,40.6637,-73.795425,0.017607262,-0.024355464,0.0057035987,-0.0,0.0,1490292064043,0.0,1.0,
132,-0.9967818,0.041440893,-0.108213596,40.6637,-73.795425,0.017581796,-0.01539093,-0.0042,-0.0,0.0,1490292064076,0.0,1.0,
133,-1.0038562,0.037438843,-0.0939281,40.6637,-73.795425,0.009600249,-0.018672025,0.0009948364,-0.0,0.0,1490292064109,0.0,1.0,
134,-1.0043012,0.041100416,-0.10250208,40.6637,-73.795425,0.021281617,-0.014378943,0.0017823853,-0.0,0.0,1490292064143,0.0,1.0,
135,-0.9932842,0.038190063,-0.10547602,40.6637,-73.795425,0.013491797,-0.022616815,0.0033470655,-0.0,0.0,1490292064176,0.0,1.0,
136,-1.0062231,0.04027068,-0.09865916,40.6637,-73.795425,0.012098303,-0.011144207,-0.005166709,-0.0,0.0,1490292064209,0.0,1.0,
137,-1.0008512,0.03759584,-0.095021434,40.6637,-73.795425,0.014822736,-0.025127731,0.0017504687,-0.0,0.0,1490292064242,0.0,1.0,
138,-1.0010397,0.03653308,-0.101519845,40.6637,-73.795425,0.012003308,-0.021518573,0.0034731762,-0.0,0.0,1490292064275,0.0,1.0,
139,-0.999757,0.040674377,-0.109,40.6637,-73.795425,0.0122511545,-0.01450591,-0.006361864,-0.0,0.0,1490292064309,0.0,1.0,
140,-1.0019301,0.035628527,-0.092907876,40.6637,-73.795425,0.0055955625,-0.03143583,-0.0030801636,-0.0,0.0,1490292064342,0.0,1.0,
141,-1.0061198,0.03814873,-0.10353718,40.6637,-73.795425,0.016588533,-0.020083947,0.00083005737,-0.0,0.0,1490292064375,0.0,1.0,
142,-0.997179,0.039964903,-0.1002877,40.6637,-73.795425,0.012167435,-0.021207383,-0.0013164991,-0.0,0.0,1490292064408,0.0,1.0,
143,-1.0098547,0.04261821,-0.100781836,40.6637,-73.795425,0.005348135,-0.0255,-0.0062423293,-0.0,0.0,1490292064442,0.0,1.0,
144,-1.00289,0.038864452,-0.103445016,40.6637,-73.795425,0.014501162,-0.017773086,-0.0049239257,-0.0,0.0,1490292064475,0.0,1.0,
145,-0.9978669,0.037866943,-0.09924463,40.6637,-73.795425,0.010960454,-0.026275126,0.004026533,-0.0,0.0,1490292064508,0.0,1.0,
146,-1.0096074,0.048371874,-0.1075289,40.6637,-73.795425,0.015854882,-0.016056934,-0.0073538087,-0.0,0.0,1490292064541,0.0,1.0,
147,-0.99439335,0.03650415,-0.09950415,40.6637,-73.795425,0.009634688,-0.022185288,-0.002394507,-0.0,0.0,1490292064575,0.0,1.0,
148,-1.0065504,0.039825585,-0.10446318,40.6637,-73.795425,0.01410125,-0.018454796,0.0030194628,-0.0,0.0,1490292064608,0.0,1.0,
149,-0.99340737,0.041952074,-0.10492811,40.6637,-73.795425,0.020883398,-0.01214264,-0.0010260376,-0.0,0.0,1490292064641,0.0,1.0,
150,-0.999717,0.040685534,-0.10337107,40.6637,-73.795425,0.012064465,-0.020534623,-0.00072893064,-0.0,0.0,1490292064674,0.0,1.0,
151,-1.0046529,0.037735533,-0.10469422,40.6637,-73.795425,0.017249182,-0.011124,-0.00057325803,-0.0,0.0,1490292064707,0.0,1.0,
152,-0.9960607,0.039017357,-0.097034715,40.6637,-73.795425,0.021597546,-0.023354547,0.007852093,-0.0,0.0,1490292064741,0.0,1.0,
153,-1.0016595,0.041,-0.10569176,40.6637,-73.795425,0.009384804,-0.024316411,-0.0013582532,-0.0,0.0,1490292064774,0.0,1.0,
154,-1.0016682,0.041327294,-0.09930465,40.6637,-73.795425,0.014279988,-0.010628182,-0.0017754895,-0.0,0.0,1490292064807,0.0,1.0,
155,-1.0019934,0.034066163,-0.091138944,40.6637,-73.795425,0.015718829,-0.023718696,0.0077564185,-0.0,0.0,1490292064840,0.0,1.0,
156,-1.0042397,0.041619822,-0.10634504,40.6637,-73.795425,0.016848393,-0.01473586,-0.0004798877,-0.0,0.0,1490292064874,0.0,1.0,
157,-1.0004678,0.03789917,-0.0972157,40.6637,-73.795425,0.008464453,-0.020281618,-0.0043471092,-0.0,0.0,1490292064907,0.0,1.0,
158,-1.0086935,0.0380876,-0.0990657,40.6637,-73.795425,0.015281067,-0.021537866,0.002826123,-0.0,0.0,1490292064940,0.0,1.0,
159,-1.001757,0.040279347,-0.09979346,40.6637,-73.795425,0.014283406,-0.0128,0.00073748536,-0.0,0.0,1490292064973,0.0,1.0,
160,-1.0025775,0.040493775,-0.10010871,40.6637,-73.795425,0.006667183,-0.023159213,-0.003907693,-0.0,0.0,1490292065007,0.0,1.0,
161,-1.0121446,0.04085122,-0.09344634,40.6637,-73.795425,0.010153961,-0.014186398,-0.0071920776,-0.0,0.0,1490292065040,0.0,1.0,
162,-0.9988731,0.038253736,-0.09638061,40.6637,-73.795425,0.015325623,-0.021085976,0.0019938073,-0.0,0.0,1490292065073,0.0,1.0,
163,-1.0027124,0.041140504,-0.106426455,40.6637,-73.795425,0.011529167,-0.017746028,-0.0031293102,-0.0,0.0,1490292065106,0.0,1.0,
164,-0.997,0.040632654,-0.10663266,40.6637,-73.795425,0.009483789,-0.017655859,-0.00931474,-0.0,0.0,1490292065139,0.0,1.0,
165,-1.005,0.040127248,-0.10338174,40.6637,-73.795425,0.011943594,-0.019652301,0.0007777063,-0.0,0.0,1490292065173,0.0,1.0,
166,-0.9944133,0.04264667,-0.10764667,40.6637,-73.795425,0.019030467,-0.01061473,-0.0030304675,-0.0,0.0,1490292065206,0.0,1.0,
167,-0.99594885,0.039,-0.09654219,40.6637,-73.795425,0.0082833,-0.026470449,-0.0034875781,-0.0,0.0,1490292065239,0.0,1.0,
168,-1.0061876,0.040562794,-0.105218604,40.6637,-73.795425,0.011720727,-0.015004423,-0.00246791,-0.0,0.0,1490292065272,0.0,1.0,
169,-0.99555373,0.0347876,-0.0957876,40.6637,-73.795425,0.015376645,-0.023609417,0.007379965,-0.0,0.0,1490292065306,0.0,1.0,
170,-1.0012535,0.040873278,-0.10711296,40.6637,-73.795425,0.010966113,-0.028630339,-0.00076543435,-0.0,0.0,1490292065339,0.0,1.0,
171,-1.0025097,0.042958707,-0.10595871,40.6637,-73.795425,0.017663866,-0.019290235,-0.0040195314,-0.0,0.0,1490292065372,0.0,1.0,
172,-0.99880993,0.034140527,-0.09238017,40.6637,-73.795425,0.012228125,-0.022836914,0.006078418,-0.0,0.0,1490292065405,0.0,1.0,
173,-1.0056648,0.040703297,-0.105071425,40.6637,-73.795425,0.018178698,-0.0198832,0.0009897915,-0.0,0.0,1490292065439,0.0,1.0,
174,-1.0008678,0.04053966,-0.09967186,40.6637,-73.795425,0.011584286,-0.024144933,-0.0022007972,-0.0,0.0,1490292065472,0.0,1.0,
175,-1.0048537,0.035349585,-0.097475626,40.6637,-73.795425,0.0088386,-0.022037936,0.0007131433,-0.0,0.0,1490292065505,0.0,1.0,
176,-1.0042182,0.04034546,-0.10336365,40.6637,-73.795425,0.017646838,-0.010999532,0.0020890967,-0.0,0.0,1490292065538,0.0,1.0,
177,-0.999531,0.04001238,-0.099522695,40.6637,-73.795425,0.009933594,-0.021792926,0.001040863,-0.0,0.0,1490292065571,0.0,1.0,
178,-1.006043,0.04,-0.09995706,40.6637,-73.795425,0.01072046,-0.006931688,-0.009597422,-0.0,0.0,1490292065605,0.0,1.0,
179,-0.9977157,0.035894655,-0.09761038,40.6637,-73.795425,0.010851824,-0.0202,0.0001748413,-0.0,0.0,1490292065638,0.0,1.0,
180,-1.0051042,0.040208302,-0.106,40.6637,-73.795425,0.0159,-0.017387548,-1.8286133e-06,-0.0,0.0,1490292065671,0.0,1.0,
181,-0.9943074,0.037721068,-0.105432644,40.6637,-73.795425,0.0089074215,-0.021693395,-0.010101999,-0.0,0.0,1490292065704,0.0,1.0,
182,-1.0063884,0.038776856,-0.10155371,40.6637,-73.795425,0.011307422,-0.022911333,-0.003711333,-0.0,0.0,1490292065738,0.0,1.0,
183,-1.0008146,0.03866321,-0.10192434,40.6637,-73.795425,0.017710717,-0.011352905,-7.0263675e-05,-0.0,0.0,1490292065771,0.0,1.0,
184,-0.9953868,0.03961321,-0.105902515,40.6637,-73.795425,0.010597136,-0.023913493,-0.000663208,-0.0,0.0,1490292065804,0.0,1.0,
185,-1.0066954,0.04411442,-0.10646656,40.6637,-73.795425,0.009997118,-0.019543372,-0.0056751524,-0.0,0.0,1490292065837,0.0,1.0,
186,-0.9966165,0.037712377,-0.10352063,40.6637,-73.795425,0.017595863,-0.015340195,0.0004071875,-0.0,0.0,1490292065871,0.0,1.0,
187,-1.0035454,0.04209092,-0.10972729,40.6637,-73.795425,0.016796367,-0.024703633,0.0059354627,-0.0,0.0,1490292065904,0.0,1.0,
188,-1.0038761,0.043527283,-0.10052728,40.6637,-73.795425,0.015322936,-0.018417343,-0.005613849,-0.0,0.0,1490292065937,0.0,1.0,
189,-1.0017587,0.03731034,-0.09412644,40.6637,-73.795425,0.0092246095,-0.026086913,0.0011738281,-0.0,0.0,1490292065970,0.0,1.0,
190,-1.0059017,0.04250824,-0.10950824,40.6637,-73.795425,0.019378016,-0.015567258,0.0047923033,-0.0,0.0,1490292066003,0.0,1.0,
191,-0.9974009,0.039519824,-0.10424009,40.6637,-73.795425,0.016759321,-0.018903213,0.0007632617,-0.0,0.0,1490292066037,0.0,1.0,
192,-1.0032562,0.04010742,-0.106421486,40.6637,-73.795425,0.012113867,-0.024955,-0.0042939843,-0.0,0.0,1490292066070,0.0,1.0,
193,-1.0036645,0.038332228,-0.103,40.6637,-73.795425,0.019707456,-0.013863638,0.0028495996,-0.0,0.0,1490292066103,0.0,1.0,
194,-0.9975967,0.0367876,-0.100766115,40.6637,-73.795425,0.013427158,-0.024608692,0.005936875,-0.0,0.0,1490292066136,0.0,1.0,
195,-1.0035938,0.040218603,-0.1034062,40.6637,-73.795425,0.0149796875,-0.011315576,-0.004152759,-0.0,0.0,1490292066170,0.0,1.0,
196,-1.0011356,0.034677733,-0.092423245,40.6637,-73.795425,0.012833301,-0.026431153,-0.003156875,-0.0,0.0,1490292066203,0.0,1.0,
197,-1.003,0.036706664,-0.10470667,40.6637,-73.795425,0.018026132,-0.022806402,0.0038220691,-0.0,0.0,1490292066236,0.0,1.0,
198,-0.9996454,0.040299963,-0.09995453,40.6637,-73.795425,0.013954492,-0.0148273045,-0.0058386927,-0.0,0.0,1490292066269,0.0,1.0,
199,-1.0051079,0.037157435,-0.09841982,40.6637,-73.795425,0.0021421264,-0.0275606,-0.0040819105,-0.0,0.0,1490292066303,0.0,1.0,
200,-1.0039951,0.04,-0.1074281,40.6637,-73.795425,0.016310988,-0.018074883,-0.0017139722,-0.0,0.0,1490292066336,0.0,1.0,
201,-0.996,0.037624378,-0.10349751,40.6637,-73.795425,0.013725976,-0.024564594,0.00083238527,-0.0,0.0,1490292066369,0.0,1.0,
202,-1.013442,0.04751647,-0.10355366,40.6637,-73.795425,0.009637015,-0.012840977,-0.008416766,-0.0,0.0,1490292066402,0.0,1.0,
203,-0.99760246,0.037096266,-0.100385055,40.6637,-73.795425,0.011099214,-0.019985583,-0.0022568798,-0.0,0.0,1490292066435,0.0,1.0,
204,-1.0046396,0.03983804,-0.10723477,40.6637,-73.795425,0.015810532,-0.020306952,0.0037242335,-0.0,0.0,1490292066469,0.0,1.0,
205,-0.9933942,0.043846704,-0.1059343,40.6637,-73.795425,0.016761145,-0.009838855,-0.0061229663,-0.0,0.0,1490292066502,0.0,1.0,
206,-1.0007479,0.03631653,-0.09479834,40.6637,-73.795425,0.0104426,-0.024866529,-0.0010211621,-0.0,0.0,1490292066535,0.0,1.0,
207,-1.0057253,0.04,-0.10496487,40.6637,-73.795425,0.017440112,-0.014784436,-0.00037836915,-0.0,0.0,1490292066568,0.0,1.0,
208,-0.99308604,0.03801323,-0.09504631,40.6637,-73.795425,0.019462476,-0.017555313,0.00489241,-0.0,0.0,1490292066602,0.0,1.0,
209,-1.0033273,0.040668175,-0.102,40.6637,-73.795425,0.01010366,-0.022965325,-0.00016733765,-0.0,0.0,1490292066635,0.0,1.0,
210,-1.0019785,0.04063799,-0.103265226,40.6637,-73.795425,0.014004805,-0.016925056,-0.0038183655,-0.0,0.0,1490292066668,0.0,1.0,
211,-0.9970781,0.03608679,-0.09914754,40.6637,-73.795425,0.0117,-0.034797322,0.007596586,-0.0,0.0,1490292066701,0.0,1.0,
212,-1.002876,0.040305786,-0.10691736,40.6637,-73.795425,0.017050955,-0.0115292575,0.00025674194,-0.0,0.0,1490292066735,0.0,1.0,
213,-0.9997987,0.037572328,-0.09651572,40.6637,-73.795425,0.0077331117,-0.018205756,-0.0040892456,-0.0,0.0,1490292066768,0.0,1.0,
214,-1.0086645,0.039047927,-0.097119816,40.6637,-73.795425,0.010528077,-0.016452678,-0.002944679,-0.0,0.0,1490292066801,0.0,1.0,
215,-1.0044768,0.037812013,-0.105,40.6637,-73.795425,0.017901562,-0.023096573,0.00068759767,-0.0,0.0,1490292066834,0.0,1.0,
216,-0.9997091,0.03950415,-0.10751245,40.6637,-73.795425,0.009286718,-0.0279206,-0.0041641113,-0.0,0.0,1490292066867,0.0,1.0,
217,-1.0092933,0.04080371,-0.098921485,40.6637,-73.795425,0.010644317,-0.011590449,-0.011800625,-0.0,0.0,1490292066901,0.0,1.0,
218,-1.001,0.03639917,-0.10466529,40.6637,-73.795425,0.013966734,-0.01869442,0.002164873,-0.0,0.0,1490292066934,0.0,1.0,
219,-1.0037161,0.042309474,-0.10289004,40.6637,-73.795425,0.0138,-0.016218262,-0.0036578125,-0.0,0.0,1490292066967,0.0,1.0,
220,-0.9935454,0.038672753,-0.09472729,40.6637,-73.795425,0.009054068,-0.021531265,-0.011458281,-0.0,0.0,1490292067000,0.0,1.0,
221,-1.0069298,0.038143847,-0.09789471,40.6637,-73.795425,0.011287696,-0.018456602,0.0014815601,-0.0,0.0,1490292067034,0.0,1.0,
222,-0.99510324,0.04,-0.107045494,40.6637,-73.795425,0.018341973,-0.010758534,0.00085954956,-0.0,0.0,1490292067067,0.0,1.0,
223,-0.9969079,0.04,-0.093419015,40.6637,-73.795425,0.00976364,-0.02238139,-0.0017603271,-0.0,0.0,1490292067100,0.0,1.0,
224,-1.006367,0.04095868,-0.10577521,40.6637,-73.795425,0.012494582,-0.016709508,-0.0041841357,-0.0,0.0,1490292067133,0.0,1.0,
225,-0.99426657,0.037013233,-0.101,40.6637,-73.795425,0.018248241,-0.026120123,0.0068189516,-0.0,0.0,1490292067167,0.0,1.0,
226,-1.0025744,0.04274464,-0.107404165,40.6637,-73.795425,0.014318986,-0.025538085,0.00018671753,-0.0,0.0,1490292067200,0.0,1.0,
227,-1.0017294,0.041187964,-0.1068822,40.6637,-73.795425,0.015894474,-0.020194475,-0.0044802683,-0.0,0.0,1490292067233,0.0,1.0,
228,-1.000572,0.035428077,-0.09423801,40.6637,-73.795425,0.014696719,-0.024607066,0.005403784,-0.0,0.0,1490292067266,0.0,1.0,
229,-1.0049958,0.04359834,-0.10399585,40.6637,-73.795425,0.016806431,-0.010562656,0.002389729,-0.0,0.0,1490292067299,0.0,1.0,
230,-0.99982727,0.039805785,-0.1019281,40.6637,-73.795425,0.013478516,-0.021744007,-0.0020042553,-0.0,0.0,1490292067333,0.0,1.0,
231,-1.0041045,0.035781834,-0.09777727,40.6637,-73.795425,0.010957263,-0.0266,0.000754541,-0.0,0.0,1490292067366,0.0,1.0,
232,-1.0072645,0.039347094,-0.10319011,40.6637,-73.795425,0.023418594,-0.016004367,-0.00014912842,-0.0,0.0,1490292067399,0.0,1.0,
233,-0.9999955,0.040633105,-0.10126621,40.6637,-73.795425,0.013201583,-0.022845449,-0.0010529688,-0.0,0.0,1490292067432,0.0,1.0,
234,-1.0049628,0.04,-0.10269664,40.6637,-73.795425,0.012203789,-0.014295624,-0.009346654,-0.0,0.0,1490292067466,0.0,1.0,
235,-1.001869,0.03565497,-0.10083391,40.6637,-73.795425,0.010477366,-0.0223,-8.146728e-05,-0.0,0.0,1490292067499,0.0,1.0,
236,-1.0049388,0.03910248,-0.103102475,40.6637,-73.795425,0.014890785,-0.018779052,-0.0012913208,-0.0,0.0,1490292067532,0.0,1.0,
237,-0.994843,0.039152905,-0.09788226,40.6637,-73.795425,0.009063166,-0.020580469,-0.008884918,-0.0,0.0,1490292067565,0.0,1.0,
238,-1.0033165,0.038877662,-0.09634043,40.6637,-73.795425,0.0054367064,-0.018119466,-0.00013536988,-0.0,0.0,1490292067599,0.0,1.0,
239,-1.000821,0.03848472,-0.10736245,40.6637,-73.795425,0.016245093,-0.016366001,-0.00024309571,-0.0,0.0,1490292067632,0.0,1.0,
240,-0.9935917,0.038530566,-0.10612226,40.6637,-73.795425,0.010857354,-0.022055332,0.0002663965,-0.0,0.0,1490292067665,0.0,1.0,
241,-1.0085459,0.043515284,-0.11264629,40.6637,-73.795425,0.0092408545,-0.025336001,-0.004522793,-0.0,0.0,1490292067698,0.0,1.0,
242,-0.999,0.038,-0.097,40.6637,-73.795425,0.014825,-0.01698,0.00051,-0.0,0.0,1490292067732,0.0,1.0,
243,-1.0028384,0.042030565,-0.10906113,40.6637,-73.795425,0.0092656985,-0.018071095,0.005808667,-0.0,0.0,1490292067765,0.0,1.0,
244,-1.002,0.04276201,-0.11134717,40.6637,-73.795425,0.013971728,-0.018404668,-0.0037708106,-0.0,0.0,1490292067798,0.0,1.0,
245,-1.0025765,0.03648472,-0.097484715,40.6637,-73.795425,0.009065283,-0.023052378,0.0010227198,-0.0,0.0,1490292067831,0.0,1.0,
246,-1.0062926,0.03985372,-0.10541489,40.6637,-73.795425,0.018563293,-0.01691463,0.002497179,-0.0,0.0,1490292067864,0.0,1.0,
247,-0.9966901,0.039,-0.09876861,40.6637,-73.795425,0.017674917,-0.017466798,0.0014322986,-0.0,0.0,1490292067898,0.0,1.0,
248,-1.0042447,0.03934711,-0.09946942,40.6637,-73.795425,0.01093843,-0.016510949,-0.0015157032,-0.0,0.0,1490292067931,0.0,1.0,
249,-1.001786,0.037523974,-0.10352398,40.6637,-73.795425,0.018152375,-0.016080994,-0.000421167,-0.0,0.0,1490292067964,0.0,1.0,
250,-0.99907434,0.036244605,-0.09511151,40.6637,-73.795425,0.012969244,-0.028064232,0.0058642323,-0.0,0.0,1490292067997,0.0,1.0,
251,-1.0044541,0.04181655,-0.10344966,40.6637,-73.795425,0.013397381,-0.014521659,-0.0056364085,-0.0,0.0,1490292068031,0.0,1.0,
252,-0.9999256,0.03450408,-0.091082565,40.6637,-73.795425,0.0069307033,-0.021675866,-0.0032379662,-0.0,0.0,1490292068064,0.0,1.0,
253,-1.0062227,0.036672752,-0.096895486,40.6637,-73.795425,0.011245469,-0.022836333,0.006363601,-0.0,0.0,1490292068097,0.0,1.0,
254,-1.001338,0.040633056,-0.09958264,40.6637,-73.795425,0.013010327,-0.018527728,-0.0034616967,-0.0,0.0,1490292068130,0.0,1.0,
255,-1.0016946,0.037301246,-0.10719668,40.6637,-73.795425,0.0048453123,-0.022088258,-0.0038269288,-0.0,0.0,1490292068164,0.0,1.0,
256,-1.0090497,0.04,-0.09847602,40.6637,-73.795425,0.013938455,-0.015821641,-0.0035638793,-0.0,0.0,1490292068197,0.0,1.0,
257,-0.99854136,0.04,-0.10108271,40.6637,-73.795425,0.012086172,-0.027940268,0.0013781689,-0.0,0.0,1490292068230,0.0,1.0,
258,-1.0052339,0.044148803,-0.10706368,40.6637,-73.795425,0.0078108995,-0.022264881,-0.006838086,-0.0,0.0,1490292068263,0.0,1.0,
259,-1.0007335,0.03873346,-0.09774669,40.6637,-73.795425,0.012481427,-0.016841171,-0.0070058983,-0.0,0.0,1490292068296,0.0,1.0,
260,-1.0032248,0.041366942,-0.1065091,40.6637,-73.795425,0.0140012,-0.020439336,0.0020429357,-0.0,0.0,1490292068330,0.0,1.0,
261,-1.0032095,0.041720655,-0.1012318,40.6637,-73.795425,0.016894868,-0.007942352,-0.0060460935,-0.0,0.0,1490292068363,0.0,1.0,
262,-0.9986859,0.040925633,-0.098314084,40.6637,-73.795425,0.008769942,-0.022577068,-0.0036529894,-0.0,0.0,1490292068396,0.0,1.0,
263,-1.005572,0.03917894,-0.10410529,40.6637,-73.795425,0.014714765,-0.0147079555,0.0024238818,-0.0,0.0,1490292068429,0.0,1.0,
264,-0.9889272,0.037218165,-0.102272704,40.6637,-73.795425,0.020175932,-0.020175932,0.0042568604,-0.0,0.0,1490292068463,0.0,1.0,
265,-1.0014194,0.042432226,-0.09983887,40.6637,-73.795425,0.010636875,-0.020561963,-0.0023357128,-0.0,0.0,1490292068496,0.0,1.0,
266,-1.0042661,0.039888427,-0.10102148,40.6637,-73.795425,0.017417485,-0.01668814,-0.0002734668,-0.0,0.0,1490292068529,0.0,1.0,
267,-0.9942748,0.03435332,-0.09431406,40.6637,-73.795425,0.01373125,-0.032839943,0.010505566,-0.0,0.0,1490292068562,0.0,1.0,
268,-1.0038034,0.04229917,-0.10760664,40.6637,-73.795425,0.0130667435,-0.016114712,-0.0005708057,-0.0,0.0,1490292068596,0.0,1.0,
269,-0.9993624,0.03926162,-0.10624804,40.6637,-73.795425,0.010742705,-0.019675821,-0.0019681347,-0.0,0.0,1490292068629,0.0,1.0,
270,-1.0018322,0.037119813,-0.101904154,40.6637,-73.795425,0.015957283,-0.024224002,0.0029526427,-0.0,0.0,1490292068662,0.0,1.0,
271,-1.0032264,0.042685535,-0.108968556,40.6637,-73.795425,0.018436667,-0.017931666,-0.0023624205,-0.0,0.0,1490292068695,0.0,1.0,
272,-0.9998347,0.04,-0.099652894,40.6637,-73.795425,0.010756604,-0.014750742,-0.0016745911,-0.0,0.0,1490292068728,0.0,1.0,
273,-1.0089566,0.03900868,-0.10202604,40.6637,-73.795425,0.011042133,-0.02620332,-0.0068206787,-0.0,0.0,1490292068762,0.0,1.0,
274,-0.9999785,0.036648743,-0.103659496,40.6637,-73.795425,0.014684805,-0.022894943,0.0024303906,-0.0,0.0,1490292068795,0.0,1.0,
275,-1.0060227,0.042018116,-0.102695346,40.6637,-73.795425,0.011811842,-0.015899174,-0.0019889844,-0.0,0.0,1490292068828,0.0,1.0,
276,-0.9950066,0.037973534,-0.101920605,40.6637,-73.795425,0.009900066,-0.011600197,-0.014331731,-0.0,0.0,1490292068861,0.0,1.0,
277,-1.0034856,0.038830616,-0.1075207,40.6637,-73.795425,0.011791111,-0.02197172,0.0019170581,-0.0,0.0,1490292068895,0.0,1.0,
278,-0.9966975,0.041366942,-0.113151245,40.6637,-73.795425,0.019301038,-0.01728491,-0.003080581,-0.0,0.0,1490292068928,0.0,1.0,
279,-0.9923723,0.04,-0.1030876,40.6637,-73.795425,0.008881067,-0.02465099,-0.004826123,-0.0,0.0,1490292068961,0.0,1.0,
280,-1.006919,0.041,-0.11116196,40.6637,-73.795425,0.0131782815,-0.017449705,-0.0043046116,-0.0,0.0,1490292068994,0.0,1.0,
281,-0.9969162,0.037807472,-0.100891285,40.6637,-73.795425,0.020460432,-0.021836802,0.0016012182,-0.0,0.0,1490292069028,0.0,1.0,
282,-0.9982976,0.042,-0.10273964,40.6637,-73.795425,0.0117,-0.016729696,0.0037304931,-0.0,0.0,1490292069061,0.0,1.0,
283,-1.0041219,0.03949751,-0.11012189,40.6637,-73.795425,0.014693808,-0.015687615,-0.0048247706,-0.0,0.0,1490292069094,0.0,1.0,
284,-1.0,0.035001647,-0.09428595,40.6637,-73.795425,0.012809011,-0.026543895,0.004155182,-0.0,0.0,1490292069127,0.0,1.0,
285,-1.0094752,0.041895043,-0.11016035,40.6637,-73.795425,0.018126458,-0.020756867,0.0072020143,-0.0,0.0,1490292069160,0.0,1.0,
286,-1.0017818,0.039827283,-0.10309094,40.6637,-73.795425,0.013630504,-0.021114508,-0.0035409057,-0.0,0.0,1490292069194,0.0,1.0,
287,-1.0050226,0.037082665,-0.10258667,40.6637,-73.795425,0.009430467,-0.021387931,0.00064026855,-0.0,0.0,1490292069227,0.0,1.0,
288,-1.0100511,0.04279668,-0.1019834,40.6637,-73.795425,0.0212683,-0.009532774,0.0018338282,-0.0,0.0,1490292069260,0.0,1.0,
289,-0.99693644,0.03584341,-0.102437206,40.6637,-73.795425,0.008558804,-0.023216045,0.0032624463,-0.0,0.0,1490292069293,0.0,1.0,
290,-1.011914,0.043,-0.10474463,40.6637,-73.795425,0.012042812,-0.0128654,-0.00797125,-0.0,0.0,1490292069327,0.0,1.0,
291,-0.99908304,0.03749834,-0.102166116,40.6637,-73.795425,0.013227857,-0.01908462,0.0021133057,-0.0,0.0,1490292069360,0.0,1.0,
292,-1.0032148,0.037057813,-0.10174375,40.6637,-73.795425,0.0127,-0.023111016,0.0016946484,-0.0,0.0,1490292069393,0.0,1.0,
293,-0.9956013,0.041440528,-0.106640965,40.6637,-73.795425,0.012025659,-0.018615747,-0.007976787,-0.0,0.0,1490292069426,0.0,1.0,
294,-1.0015901,0.039688464,-0.10327858,40.6637,-73.795425,0.008987367,-0.0255,-0.00301703,-0.0,0.0,1490292069460,0.0,1.0,
295,-1.0009426,0.03705746,-0.10549424,40.6637,-73.795425,0.015808543,-0.023167048,-0.0009444751,-0.0,0.0,1490292069493,0.0,1.0,
296,-0.9979223,0.041,-0.104449585,40.6637,-73.795425,0.015670279,-0.022106536,-0.0040988075,-0.0,0.0,1490292069526,0.0,1.0,
297,-1.0071136,0.041886363,-0.108659096,40.6637,-73.795425,0.006685431,-0.0221891,-0.006845465,-0.0,0.0,1490292069559,0.0,1.0,
298,-1.0005752,0.038808253,-0.09790412,40.6637,-73.795425,0.013826407,-0.016013203,-0.00045832765,-0.0,0.0,1490292069592,0.0,1.0,
299,-1.0002095,0.04411442,-0.10716196,40.6637,-73.795425,0.015569939,-0.023479141,0.0036141102,-0.0,0.0,1490292069626,0.0,1.0,
300,-1.0027422,0.041355345,-0.11096855,40.6637,-73.795425,0.011217735,-0.015472578,-0.006075913,-0.0,0.0,1490292069659,0.0,1.0,
301,-0.9995979,0.037728492,-0.09606528,40.6637,-73.795425,0.011314905,-0.021470452,1.3469238e-05,-0.0,0.0,1490292069692,0.0,1.0,
302,-1.004,0.040223144,-0.108892575,40.6637,-73.795425,0.020309849,-0.028555786,0.0073925783,-0.0,0.0,1490292069725,0.0,1.0,
303,-0.9988653,0.041278932,-0.10883679,40.6637,-73.795425,0.015349182,-0.014807422,-0.0028351196,-0.0,0.0,1490292069759,0.0,1.0,
304,-1.0007223,0.03762151,-0.101,40.6637,-73.795425,0.010341547,-0.02972819,-0.0021495458,-0.0,0.0,1490292069792,0.0,1.0,
305,-1.0072843,0.041463207,-0.104463205,40.6637,-73.795425,0.0196956,-0.0181,0.004033335,-0.0,0.0,1490292069825,0.0,1.0,
306,-0.9913926,0.03815951,-0.10620245,40.6637,-73.795425,0.018067913,-0.01557043,0.0023096618,-0.0,0.0,1490292069858,0.0,1.0,
307,-1.0059835,0.041,-0.10749381,40.6637,-73.795425,0.011253399,-0.02764393,-0.0032615308,-0.0,0.0,1490292069892,0.0,1.0,
308,-1.0021454,0.034963623,-0.096799985,40.6637,-73.795425,0.017122736,-0.019075,-0.0019658997,-0.0,0.0,1490292069925,0.0,1.0,
309,-0.9989227,0.03509751,-0.10022355,40.6637,-73.795425,0.015314057,-0.022983808,0.0094925845,-0.0,0.0,1490292069958,0.0,1.0,
310,-1.001381,0.04294712,-0.11002644,40.6637,-73.795425,0.009227561,-0.022514934,-0.005679353,-0.0,0.0,1490292069991,0.0,1.0,
311,-1.0029615,0.03533517,-0.096335165,40.6637,-73.795425,0.007352367,-0.02593785,-0.00052126584,-0.0,0.0,1490292070024,0.0,1.0,
312,-1.0042892,0.036520705,-0.10642973,40.6637,-73.795425,0.015404184,-0.021186788,0.001159253,-0.0,0.0,1490292070058,0.0,1.0,
313,-0.99818635,0.040471483,-0.10918633,40.6637,-73.795425,0.013822619,-0.021272507,-0.0028604912,-0.0,0.0,1490292070091,0.0,1.0,
314,-1.0024793,0.038126722,-0.10774656,40.6637,-73.795425,0.005465625,-0.02188076,-0.0054615233,-0.0,0.0,1490292070124,0.0,1.0,
315,-1.0045412,0.039,-0.10443236,40.6637,-73.795425,0.014716088,-0.014660197,-0.0034505962,-0.0,0.0,1490292070157,0.0,1.0,
316,-0.9991379,0.04128968,-0.1038621,40.6637,-73.795425,0.01362771,-0.02200078,0.0003918213,-0.0,0.0,1490292070191,0.0,1.0,
317,-1.0053222,0.04359336,-0.10839004,40.6637,-73.795425,0.010694199,-0.009939472,-0.008215625,-0.0,0.0,1490292070224,0.0,1.0,
318,-0.9974587,0.039458666,-0.103646666,40.6637,-73.795425,0.010872932,-0.021499066,-0.0047959364,-0.0,0.0,1490292070257,0.0,1.0,
319,-1.0056546,0.038872752,-0.1013546,40.6637,-73.795425,0.0147364065,-0.019190898,0.0031704968,-0.0,0.0,1490292070290,0.0,1.0,
320,-1.0003148,0.042632654,-0.106737606,40.6637,-73.795425,0.01909207,-0.010742126,-0.0030816626,-0.0,0.0,1490292070324,0.0,1.0,
321,-0.9995735,0.040284302,-0.1034281,40.6637,-73.795425,0.009591523,-0.023450078,-0.0034693885,-0.0,0.0,1490292070357,0.0,1.0,
322,-1.0076244,0.040121887,-0.1076194,40.6637,-73.795425,0.015731854,-0.012977576,0.0026807862,-0.0,0.0,1490292070390,0.0,1.0,
323,-0.9888927,0.03622317,-0.10677683,40.6637,-73.795425,0.021081032,-0.013963906,0.006224569,-0.0,0.0,1490292070423,0.0,1.0,
324,-1.0001211,0.04060249,-0.10659004,40.6637,-73.795425,0.0137760155,-0.022104062,-0.002599214,-0.0,0.0,1490292070456,0.0,1.0,
325,-1.0046033,0.040801637,-0.10439673,40.6637,-73.795425,0.015120859,-0.018206954,-0.0018481079,-0.0,0.0,1490292070490,0.0,1.0,
326,-0.9961095,0.033109497,-0.09430659,40.6637,-73.795425,0.017830234,-0.01493091,0.012204268,-0.0,0.0,1490292070523,0.0,1.0,
327,-1.0016835,0.043467775,-0.11483472,40.6637,-73.795425,0.014287691,-0.021945091,-0.0010767627,-0.0,0.0,1490292070556,0.0,1.0,
328,-0.9995847,0.038760353,-0.10579548,40.6637,-73.795425,0.013432422,-0.027208801,-0.0028177856,-0.0,0.0,1490292070589,0.0,1.0,
329,-1.0019735,0.03303308,-0.10295369,40.6637,-73.795425,0.015129934,-0.02307896,0.0048446874,-0.0,0.0,1490292070623,0.0,1.0,
330,-1.0013409,0.039336354,-0.106690824,40.6637,-73.795425,0.017710827,-0.014327326,-0.0005491614,-0.0,0.0,1490292070656,0.0,1.0,
331,-1.0040646,0.038010754,-0.10032975,40.6637,-73.795425,0.007648002,-0.023914414,-0.003026942,-0.0,0.0,1490292070689,0.0,1.0,
332,-1.0078611,0.040956605,-0.104965284,40.6637,-73.795425,0.011098773,-0.010975547,-0.0046721324,-0.0,0.0,1490292070722,0.0,1.0,
333,-1.0000414,0.04047107,-0.102347106,40.6637,-73.795425,0.0142877735,-0.023404667,0.0030643018,-0.0,0.0,1490292070756,0.0,1.0,
334,-1.0028553,0.040169813,-0.10491195,40.6637,-73.795425,0.010928113,-0.018549621,-0.0050040893,-0.0,0.0,1490292070789,0.0,1.0,
335,-1.0028323,0.039856225,-0.09990415,40.6637,-73.795425,0.012862718,-0.012957361,-0.008242639,-0.0,0.0,1490292070822,0.0,1.0,
336,-1.0029864,0.03889922,-0.10171123,40.6637,-73.795425,0.010712705,-0.024046358,0.0010517774,-0.0,0.0,1490292070855,0.0,1.0,
337,-1.0025983,0.04020498,-0.10580332,40.6637,-73.795425,0.016754482,-0.015138545,-0.00015614257,-0.0,0.0,1490292070888,0.0,1.0,
338,-0.99151033,0.036960743,-0.10492148,40.6637,-73.795425,0.006962324,-0.03132875,-0.006166426,-0.0,0.0,1490292070922,0.0,1.0,
339,-1.0031545,0.038510744,-0.109622315,40.6637,-73.795425,0.013207842,-0.02010352,-0.0011369874,-0.0,0.0,1490292070955,0.0,1.0,
340,-0.9959616,0.03785166,-0.10214834,40.6637,-73.795425,0.019054687,-0.017842725,0.0035239258,-0.0,0.0,1490292070988,0.0,1.0,
341,-0.9996545,0.04094546,-0.11040005,40.6637,-73.795425,0.010714995,-0.026491866,0.0009768701,-0.0,0.0,1490292071021,0.0,1.0,
342,-1.004428,0.04067721,-0.10342807,40.6637,-73.795425,0.012139896,-0.012304402,-0.003999584,-0.0,0.0,1490292071055,0.0,1.0,
343,-0.9976115,0.03726859,-0.10219423,40.6637,-73.795425,0.016782932,-0.024741974,0.0068450207,-0.0,0.0,1490292071088,0.0,1.0,
344,-1.0029302,0.04265082,-0.1102318,40.6637,-73.795425,0.015981391,-0.0181,0.0038594678,-0.0,0.0,1490292071121,0.0,1.0,
345,-1.0000826,0.040550414,-0.09991736,40.6637,-73.795425,0.013975291,-0.01706169,-0.0042376453,-0.0,0.0,1490292071154,0.0,1.0,
346,-1.001,0.038506616,-0.10022684,40.6637,-73.795425,0.013149414,-0.026622467,0.0023707093,-0.0,0.0,1490292071188,0.0,1.0,
347,-1.0064893,0.04182976,-0.10872321,40.6637,-73.795425,0.0207191,-0.009513282,0.0052029663,-0.0,0.0,1490292071221,0.0,1.0,
348,-0.998812,0.036270678,-0.102423556,40.6637,-73.795425,0.012207656,-0.02160434,-0.00019881592,-0.0,0.0,1490292071254,0.0,1.0,
349,-1.002572,0.036952052,-0.104,40.6637,-73.795425,0.0103931865,-0.01660139,-0.004222334,-0.0,0.0,1490292071287,0.0,1.0,
350,-1.0006988,0.03820083,-0.104899585,40.6637,-73.795425,0.017656015,-0.014257056,0.002718672,-0.0,0.0,1490292071320,0.0,1.0,
351,-1.0019495,0.03738843,-0.10089917,40.6637,-73.795425,0.013309133,-0.02305397,-0.0002480542,-0.0,0.0,1490292071354,0.0,1.0,
352,-1.0022228,0.04066819,-0.10611821,40.6637,-73.795425,0.008695471,-0.014820935,-0.008936328,-0.0,0.0,1490292071387,0.0,1.0,
353,-1.0012314,0.036809888,-0.10019827,40.6637,-73.795425,0.012230234,-0.027169766,-3.836914e-05,-0.0,0.0,1490292071420,0.0,1.0,
354,-1.0024542,0.038087245,-0.10672483,40.6637,-73.795425,0.014867794,-0.014337172,-0.00054800295,-0.0,0.0,1490292071453,0.0,1.0,
355,-0.9994892,0.03903717,-0.09948921,40.6637,-73.795425,0.011357722,-0.02206181,-0.005731199,-0.0,0.0,1490292071487,0.0,1.0,
356,-1.004655,0.041261986,-0.10813099,40.6637,-73.795425,0.0081958985,-0.028823107,-0.0027787464,-0.0,0.0,1490292071520,0.0,1.0,
357,-1.0005504,0.03953058,-0.10146942,40.6637,-73.795425,0.014486445,-0.016562149,-0.00035628173,-0.0,0.0,1490292071553,0.0,1.0,
358,-0.99857646,0.041039247,-0.1023843,40.6637,-73.795425,0.0124534,-0.031583436,-5.6365967e-05,-0.0,0.0,1490292071586,0.0,1.0,
359,-1.0044149,0.043829784,-0.107414894,40.6637,-73.795425,0.008400163,-0.017884096,-0.004375637,-0.0,0.0,1490292071620,0.0,1.0,
360,-0.9990306,0.03554585,-0.09854585,40.6637,-73.795425,0.013556904,-0.023767998,-0.00072234374,-0.0,0.0,1490292071653,0.0,1.0,
361,-1.0065851,0.044585157,-0.10870088,40.6637,-73.795425,0.015782187,-0.019305127,0.006434414,-0.0,0.0,1490292071686,0.0,1.0,
362,-1.0016768,0.043030567,-0.107222706,40.6637,-73.795425,0.017491875,-0.011752603,-0.004369082,-0.0,0.0,1490292071719,0.0,1.0,
363,-1.0005,0.039,-0.1,40.6637,-73.795425,0.00882,-0.025125,0.00063,-0.0,0.0,1490292071753,0.0,1.0,
364,-1.0053537,0.042,-0.10651528,40.6637,-73.795425,0.019157812,-0.019048365,0.0027603027,-0.0,0.0,1490292071786,0.0,1.0,
365,-0.9937686,0.039530568,-0.102353714,40.6637,-73.795425,0.016944375,-0.02002827,0.004493916,-0.0,0.0,1490292071819,0.0,1.0,
366,-1.0026681,0.037969433,-0.102423586,40.6637,-73.795425,0.010396001,-0.018886186,-0.0039525293,-0.0,0.0,1490292071852,0.0,1.0,
367,-1.0018777,0.03787766,-0.10358511,40.6637,-73.795425,0.017175741,-0.016797818,0.001089093,-0.0,0.0,1490292071885,0.0,1.0,
368,-0.99811363,0.037345055,-0.09972936,40.6637,-73.795425,0.01577535,-0.026191952,0.0060749184,-0.0,0.0,1490292071919,0.0,1.0,
369,-1.0047554,0.04153058,-0.106694214,40.6637,-73.795425,0.013284297,-0.019103719,-0.005327688,-0.0,0.0,1490292071952,0.0,1.0,
370,-1.001869,0.036571924,-0.0980959,40.6637,-73.795425,0.009447626,-0.02447138,-0.004189093,-0.0,0.0,1490292071985,0.0,1.0,
371,-1.0041703,0.038281776,-0.10486691,40.6637,-73.795425,0.016264401,-0.022230588,0.0034137648,-0.0,0.0,1490292072018,0.0,1.0,
372,-1.000812,0.042362414,-0.10099552,40.6637,-73.795425,0.012170349,-0.018460687,-0.003711997,-0.0,0.0,1490292072052,0.0,1.0,
373,-1.0016116,0.038,-0.105652906,40.6637,-73.795425,0.0060686693,-0.026113832,-0.0045758667,-0.0,0.0,1490292072085,0.0,1.0,
374,-1.0057682,0.03955454,-0.10533181,40.6637,-73.795425,0.015472732,-0.013745471,-0.004209065,-0.0,0.0,1490292072118,0.0,1.0,
375,-0.99843884,0.040050413,-0.10636694,40.6637,-73.795425,0.012944297,-0.020911407,0.0030557031,-0.0,0.0,1490292072151,0.0,1.0,
376,-1.0079958,0.042497925,-0.105297096,40.6637,-73.795425,0.009822656,-0.013495727,-0.0066488157,-0.0,0.0,1490292072185,0.0,1.0,
377,-0.998238,0.03876199,-0.102809936,40.6637,-73.795425,0.012126467,-0.022043282,-0.0068821437,-0.0,0.0,1490292072218,0.0,1.0,
378,-1.007188,0.038764406,-0.10207017,40.6637,-73.795425,0.013533962,-0.02286895,0.0032620996,-0.0,0.0,1490292072251,0.0,1.0,
379,-0.9936173,0.03982976,-0.108319044,40.6637,-73.795425,0.017762851,-0.009135665,-0.0019489856,-0.0,0.0,1490292072284,0.0,1.0,
380,-1.0005463,0.038,-0.10324007,40.6637,-73.795425,0.0085,-0.025136948,-0.001492467,-0.0,0.0,1490292072317,0.0,1.0,
381,-1.0040413,0.041408263,-0.10736694,40.6637,-73.795425,0.015567773,-0.015845245,-0.0015511548,-0.0,0.0,1490292072351,0.0,1.0,
382,-0.99390787,0.036279347,-0.100279346,40.6637,-73.795425,0.018973047,-0.017994868,0.008177484,-0.0,0.0,1490292072384,0.0,1.0,
383,-1.0016116,0.041462816,-0.10546282,40.6637,-73.795425,0.0127,-0.024383947,-0.00036650267,-0.0,0.0,1490292072417,0.0,1.0,
384,-1.003821,0.038964905,-0.10253683,40.6637,-73.795425,0.016625183,-0.017725183,-0.004292617,-0.0,0.0,1490292072450,0.0,1.0,
385,-1.0026728,0.03438179,-0.09710908,40.6637,-73.795425,0.014870938,-0.02755686,0.009607817,-0.0,0.0,1490292072484,0.0,1.0,
386,-1.0041611,0.041716114,-0.10472891,40.6637,-73.795425,0.014894688,-0.015968438,0.0014566504,-0.0,0.0,1490292072517,0.0,1.0,
387,-1.0014893,0.040377684,-0.09826611,40.6637,-73.795425,0.01016669,-0.017775128,-0.0017237207,-0.0,0.0,1490292072550,0.0,1.0,
388,-1.0075681,0.037157033,-0.09519629,40.6637,-73.795425,0.008603125,-0.022197949,1.1816406e-05,-0.0,0.0,1490292072583,0.0,1.0,
389,-1.0075125,0.04170083,-0.10140166,40.6637,-73.795425,0.015730625,-0.019002631,0.0027510596,-0.0,0.0,1490292072617,0.0,1.0,
390,-1.0018392,0.03718799,-0.09873838,40.6637,-73.795425,0.010742705,-0.01834333,-0.0019888477,-0.0,0.0,1490292072650,0.0,1.0,
391,-1.0097604,0.041,-0.100143775,40.6637,-73.795425,0.01186664,-0.01506664,-0.011200078,-0.0,0.0,1490292072683,0.0,1.0,
392,-1.0020566,0.03825786,-0.09983019,40.6637,-73.795425,0.010898177,-0.025163332,0.0013961316,-0.0,0.0,1490292072716,0.0,1.0,
393,-1.0062644,0.04052893,-0.10087604,40.6637,-73.795425,0.013176075,-0.019326894,-0.00047599975,-0.0,0.0,1490292072749,0.0,1.0,
394,-0.99516493,0.040034715,-0.10008679,40.6637,-73.795425,0.0066190003,-0.0155156795,-0.0086653195,-0.0,0.0,1490292072783,0.0,1.0,
395,-1.005957,0.03930824,-0.10128673,40.6637,-73.795425,0.011578505,-0.022867082,0.00039241576,-0.0,0.0,1490292072816,0.0,1.0,
396,-0.9969773,0.039004527,-0.106672704,40.6637,-73.795425,0.016394492,-0.014293666,-0.001,-0.0,0.0,1490292072849,0.0,1.0,
397,-0.9950794,0.040973537,-0.10598677,40.6637,-73.795425,0.007518894,-0.023099935,-5.6616213e-05,-0.0,0.0,1490292072882,0.0,1.0,
398,-1.0056199,0.040964868,-0.11,40.6637,-73.795425,0.010520703,-0.017282942,-0.0033766748,-0.0,0.0,1490292072916,0.0,1.0,
399,-0.9992157,0.03458264,-0.09931653,40.6637,-73.795425,0.017934509,-0.0212622,0.003189475,-0.0,0.0,1490292072949,0.0,1.0,
400,-1.0000876,0.041912403,-0.1058686,40.6637,-73.795425,0.008730078,-0.028347632,0.00417052,-0.0,0.0,1490292072982,0.0,1.0,
401,-1.0068381,0.04311738,-0.1040364,40.6637,-73.795425,0.0117,-0.01470272,-0.0047739064,-0.0,0.0,1490292073015,0.0,1.0,
402,-0.999795,0.03480747,-0.09360249,40.6637,-73.795425,0.01192114,-0.0252684,0.005348479,-0.0,0.0,1490292073049,0.0,1.0,
403,-1.0075909,0.041888416,-0.10944208,40.6637,-73.795425,0.017358843,-0.020295914,0.0040048826,-0.0,0.0,1490292073082,0.0,1.0,
404,-0.99913186,0.04049751,-0.10024378,40.6637,-73.795425,0.014283846,-0.019255014,-0.00131943,-0.0,0.0,1490292073115,0.0,1.0,
405,-1.0069951,0.03828595,-0.0985719,40.6637,-73.795425,0.012030377,-0.023541523,0.00010901123,-0.0,0.0,1490292073148,0.0,1.0,
406,-1.0052654,0.03994752,-0.10758018,40.6637,-73.795425,0.0226349,-0.018503949,0.0016568664,-0.0,0.0,1490292073181,0.0,1.0,
407,-0.9986454,0.040563624,-0.09625449,40.6637,-73.795425,0.011711395,-0.017552301,0.0015455078,-0.0,0.0,1490292073215,0.0,1.0,
408,-1.0069174,0.041541334,-0.10170667,40.6637,-73.795425,0.014414534,-0.013965865,-0.007069336,-0.0,0.0,1490292073248,0.0,1.0,
409,-1.0012033,0.036474414,-0.102474414,40.6637,-73.795425,0.0127,-0.023647325,0.0016064257,-0.0,0.0,1490292073281,0.0,1.0,
410,-1.0028124,0.03806201,-0.10249922,40.6637,-73.795425,0.014398179,-0.01952229,0.0023464013,-0.0,0.0,1490292073314,0.0,1.0,
411,-0.99810743,0.041276857,-0.09983057,40.6637,-73.795425,0.012208213,-0.019997159,-0.008129229,-0.0,0.0,1490292073348,0.0,1.0,
412,-1.0047475,0.038581397,-0.09816279,40.6637,-73.795425,0.007561963,-0.022663819,-0.0019823243,-0.0,0.0,1490292073381,0.0,1.0,
413,-1.0048348,0.040578514,-0.10042148,40.6637,-73.795425,0.016236132,-0.015538398,-0.0025813673,-0.0,0.0,1490292073414,0.0,1.0,
414,-0.99724007,0.038759913,-0.10016079,40.6637,-73.795425,0.010042221,-0.02766104,0.0021809912,-0.0,0.0,1490292073447,0.0,1.0,
415,-1.0079181,0.04250824,-0.10790165,40.6637,-73.795425,0.008525281,-0.0141137345,-0.00411703,-0.0,0.0,1490292073481,0.0,1.0,
416,-0.9966897,0.035942543,-0.0986322,40.6637,-73.795425,0.012693153,-0.015837628,-0.0024384374,-0.0,0.0,1490292073514,0.0,1.0,
417,-1.0052017,0.04420166,-0.107527286,40.6637,-73.795425,0.015689056,-0.028507728,0.0046483926,-0.0,0.0,1490292073547,0.0,1.0,
418,-1.0007727,0.04331819,-0.11052274,40.6637,-73.795425,0.015772736,-0.0143018,-0.004169098,-0.0,0.0,1490292073580,0.0,1.0,
419,-0.9986165,0.036547936,-0.09909587,40.6637,-73.795425,0.009562997,-0.023426406,-0.0015258631,-0.0,0.0,1490292073613,0.0,1.0,
420,-1.007324,0.042,-0.105533436,40.6637,-73.795425,0.018902453,-0.016415339,0.003114723,-0.0,0.0,1490292073647,0.0,1.0,
421,-0.9949025,0.04112893,-0.10696855,40.6637,-73.795425,0.01676453,-0.014875595,0.0028486499,-0.0,0.0,1490292073680,0.0,1.0,
422,-1.002141,0.03666321,-0.104532644,40.6637,-73.795425,0.0095,-0.023288906,-0.0026902636,-0.0,0.0,1490292073713,0.0,1.0,
423,-1.0043885,0.042,-0.107,40.6637,-73.795425,0.019992579,-0.014649912,-0.0007499121,-0.0,0.0,1490292073746,0.0,1.0,
424,-0.994019,0.036009498,-0.099297926,40.6637,-73.795425,0.015808277,-0.02256488,0.0076119993,-0.0,0.0,1490292073780,0.0,1.0,
425,-1.005,0.04051736,-0.108586796,40.6637,-73.795425,0.013591094,-0.016844358,-0.0039170776,-0.0,0.0,1490292073813,0.0,1.0,
426,-1.0036421,0.035326097,-0.095326096,40.6637,-73.795425,0.011837734,-0.02230409,-0.0036544017,-0.0,0.0,1490292073846,0.0,1.0,
427,-1.0070429,0.0367546,-0.10347853,40.6637,-73.795425,0.01680089,-0.023279201,0.0052478514,-0.0,0.0,1490292073879,0.0,1.0,
428,-1.001535,0.041012377,-0.101514444,40.6637,-73.795425,0.013683676,-0.020054733,-0.0043615308,-0.0,0.0,1490292073913,0.0,1.0,
429,-1.0042182,0.040163636,-0.100490905,40.6637,-73.795425,0.007515897,-0.025395466,-0.002384098,-0.0,0.0,1490292073946,0.0,1.0,
430,-1.0081545,0.041,-0.09969917,40.6637,-73.795425,0.012891401,-0.018480664,-0.0033117433,-0.0,0.0,1490292073979,0.0,1.0,
431,-0.9994868,0.03953966,-0.10597356,40.6637,-73.795425,0.015058611,-0.026491981,-0.00038045776,-0.0,0.0,1490292074012,0.0,1.0,
432,-1.0093297,0.04292307,-0.10307142,40.6637,-73.795425,0.00944418,-0.019504892,-0.0059345546,-0.0,0.0,1490292074045,0.0,1.0,
433,-1.0004793,0.03909912,-0.10171895,40.6637,-73.795425,0.012400659,-0.018348457,-0.007850224,-0.0,0.0,1490292074079,0.0,1.0,
434,-1.0037566,0.039285157,-0.10487071,40.6637,-73.795425,0.0122025,-0.023863632,0.0041322657,-0.0,0.0,1490292074112,0.0,1.0,
435,-1.0001975,0.043669432,-0.107536376,40.6637,-73.795425,0.01839402,-0.010360801,-0.004411294,-0.0,0.0,1490292074145,0.0,1.0,
436,-0.9976698,0.039767772,-0.10276777,40.6637,-73.795425,0.009780908,-0.018705029,-0.0033121582,-0.0,0.0,1490292074178,0.0,1.0,
437,-1.0062628,0.0395438,-0.10935039,40.6637,-73.795425,0.013054117,-0.021305732,-5.732422e-06,-0.0,0.0,1490292074212,0.0,1.0,
438,-0.99400216,0.040882226,-0.104882225,40.6637,-73.795425,0.019474825,-0.018617148,0.0045325,-0.0,0.0,1490292074245,0.0,1.0,
439,-1.001986,0.041558668,-0.100882664,40.6637,-73.795425,0.0095,-0.026134804,0.0004038684,-0.0,0.0,1490292074278,0.0,1.0,
440,-1.0028818,0.03932272,-0.10620453,40.6637,-73.795425,0.016447304,-0.017920902,-0.0032836085,-0.0,0.0,1490292074311,0.0,1.0,
441,-0.9996149,0.03640991,-0.097307436,40.6637,-73.795425,0.016680134,-0.022975178,0.008430489,-0.0,0.0,1490292074345,0.0,1.0,
442,-1.005,0.04229215,-0.109168604,40.6637,-73.795425,0.015073602,-0.021610403,0.004094408,-0.0,0.0,1490292074378,0.0,1.0,
443,-1.0008138,0.037349313,-0.1061401,40.6637,-73.795425,0.011064372,-0.023250107,-0.0037572393,-0.0,0.0,1490292074411,0.0,1.0,
444,-1.0046476,0.03515661,-0.10188254,40.6637,-73.795425,0.0149646355,-0.025345119,0.0052963393,-0.0,0.0,1490292074444,0.0,1.0,
445,-1.0045573,0.0432786,-0.1096965,40.6637,-73.795425,0.019231323,-0.01881363,0.0019152026,-0.0,0.0,1490292074477,0.0,1.0,
446,-0.99731576,0.036360327,-0.10008098,40.6637,-73.795425,0.008475562,-0.024107158,-0.003351892,-0.0,0.0,1490292074511,0.0,1.0,
447,-1.0146716,0.038109496,-0.1009781,40.6637,-73.795425,0.010869766,-0.021092055,-0.0091431225,-0.0,0.0,1490292074544,0.0,1.0,
448,-1.002734,0.038215697,-0.1,40.6637,-73.795425,0.0139574,-0.018810235,0.0032366528,-0.0,0.0,1490292074577,0.0,1.0,
449,-1.0052046,0.041204516,-0.09785947,40.6637,-73.795425,0.0116274655,-0.014052014,-0.002215564,-0.0,0.0,1490292074610,0.0,1.0,
450,-1.0010397,0.03905293,-0.09909924,40.6637,-73.795425,0.006950974,-0.017229933,-0.0126459915,-0.0,0.0,1490292074644,0.0,1.0,
451,-1.0036591,0.040986415,-0.10330918,40.6637,-73.795425,0.012165508,-0.024361849,0.0024818543,-0.0,0.0,1490292074677,0.0,1.0,
452,-1.0026703,0.04036201,-0.10303226,40.6637,-73.795425,0.0138,-0.01556053,-0.002026942,-0.0,0.0,1490292074710,0.0,1.0,
453,-0.9980347,0.040947925,-0.10592189,40.6637,-73.795425,0.007775547,-0.024558678,-0.0055547743,-0.0,0.0,1490292074743,0.0,1.0,
454,-1.0053471,0.038,-0.10420661,40.6637,-73.795425,0.010990528,-0.020250956,-0.0019199243,-0.0,0.0,1490292074777,0.0,1.0,
455,-0.99840254,0.038371067,-0.10037107,40.6637,-73.795425,0.020342957,-0.016735535,0.0028611328,-0.0,0.0,1490292074810,0.0,1.0,
456,-1.0001917,0.04090415,-0.10290415,40.6637,-73.795425,0.009899397,-0.027760677,-0.0011440759,-0.0,0.0,1490292074843,0.0,1.0,
457,-1.0026376,0.040825587,-0.10655039,40.6637,-73.795425,0.013325107,-0.015546357,-0.0044821776,-0.0,0.0,1490292074876,0.0,1.0,
458,-0.99839336,0.03479502,-0.09959834,40.6637,-73.795425,0.016505312,-0.026664112,0.004118594,-0.0,0.0,1490292074909,0.0,1.0,
459,-1.0068822,0.04380371,-0.11156816,40.6637,-73.795425,0.01752875,-0.02255205,0.0037844337,-0.0,0.0,1490292074943,0.0,1.0,
460,-0.9996008,0.041090086,-0.1053562,40.6637,-73.795425,0.012735127,-0.017037388,-0.0038886378,-0.0,0.0,1490292074976,0.0,1.0,
461,-1.0021611,0.03585166,-0.09956777,40.6637,-73.795425,0.0139119625,-0.023657275,0.00240625,-0.0,0.0,1490292075009,0.0,1.0,
462,-1.007291,0.041781835,-0.113290966,40.6637,-73.795425,0.021727344,-0.016888598,0.004061875,-0.0,0.0,1490292075042,0.0,1.0,
463,-0.9968947,0.03960702,-0.10817894,40.6637,-73.795425,0.012986863,-0.017495599,-0.00052104006,-0.0,0.0,1490292075076,0.0,1.0,
464,-1.0087025,0.037805773,-0.10426859,40.6637,-73.795425,0.013559549,-0.016115544,-0.0042015235,-0.0,0.0,1490292075109,0.0,1.0,
465,-0.9988603,0.03441902,-0.103139676,40.6637,-73.795425,0.016484704,-0.014120696,-0.00048470337,-0.0,0.0,1490292075142,0.0,1.0,
466,-1.0013075,0.038307436,-0.10212396,40.6637,-73.795425,0.011829464,-0.022284135,0.0024054188,-0.0,0.0,1490292075175,0.0,1.0,
467,-0.9997864,0.042506617,-0.10577316,40.6637,-73.795425,0.011755066,-0.013282013,-0.010569537,-0.0,0.0,1490292075209,0.0,1.0,
468,-0.9988512,0.034851197,-0.09727679,40.6637,-73.795425,0.01094578,-0.0234,8.637329e-05,-0.0,0.0,1490292075242,0.0,1.0,
469,-1.0046115,0.038117796,-0.1052356,40.6637,-73.795425,0.015257222,-0.021164877,-0.0012406469,-0.0,0.0,1490292075275,0.0,1.0,
470,-0.9991901,0.039238013,-0.100142114,40.6637,-73.795425,0.008913376,-0.024607066,-0.0027275074,-0.0,0.0,1490292075308,0.0,1.0,
471,-1.0074979,0.04179917,-0.10610042,40.6637,-73.795425,0.0066066408,-0.025005601,-0.003936514,-0.0,0.0,1490292075341,0.0,1.0,
472,-1.0009785,0.037683472,-0.10336694,40.6637,-73.795425,0.016464297,-0.01592657,-0.0011896729,-0.0,0.0,1490292075375,0.0,1.0,
473,-1.0004455,0.042663623,-0.10577727,40.6637,-73.795425,0.010158204,-0.023757264,0.00055273436,-0.0,0.0,1490292075408,0.0,1.0,
474,-1.0064216,0.045074414,-0.11030581,40.6637,-73.795425,0.012760469,-0.019365698,-0.0056435987,-0.0,0.0,1490292075441,0.0,1.0,
475,-1.0009083,0.036821034,-0.09809172,40.6637,-73.795425,0.01275869,-0.022419935,-0.00037509887,-0.0,0.0,1490292075474,0.0,1.0,
476,-1.0057554,0.039340526,-0.10334053,40.6637,-73.795425,0.015315455,-0.02153819,0.0034813427,-0.0,0.0,1490292075508,0.0,1.0,
477,-0.999262,0.041690063,-0.10829708,40.6637,-73.795425,0.018585095,-0.016578706,-0.0044217273,-0.0,0.0,1490292075541,0.0,1.0,
478,-1.0011024,0.035591736,-0.100633055,40.6637,-73.795425,0.010162149,-0.024813555,0.00017235473,-0.0,0.0,1490292075574,0.0,1.0,
479,-1.0072314,0.042807847,-0.1027686,40.6637,-73.795425,0.019025587,-0.011718048,0.00020444946,-0.0,0.0,1490292075607,0.0,1.0,
480,-0.99375534,0.037731383,-0.10173138,40.6637,-73.795425,0.015587656,-0.020240268,0.0041231886,-0.0,0.0,1490292075641,0.0,1.0,
481,-1.0034236,0.041515283,-0.10857642,40.6637,-73.795425,0.014311812,-0.021320907,-0.0035909032,-0.0,0.0,1490292075674,0.0,1.0,
482,-0.9971223,0.036122266,-0.102768555,40.6637,-73.795425,0.014494062,-0.018794062,-0.0019387305,-0.0,0.0,1490292075707,0.0,1.0,
483,-1.0019695,0.035938866,-0.10010044,40.6637,-73.795425,0.015878666,-0.024357334,0.005870542,-0.0,0.0,1490292075740,0.0,1.0,
484,-1.003,0.0405,-0.1055,40.6637,-73.795425,0.01172,-0.01799,-0.0034,-0.0,0.0,1490292075774,0.0,1.0,
485,-1.0003843,0.035969432,-0.09758516,40.6637,-73.795425,0.007973584,-0.025417333,-0.0032227295,-0.0,0.0,1490292075807,0.0,1.0,
486,-1.0101092,0.038530566,-0.102768555,40.6637,-73.795425,0.015501416,-0.02087081,-0.00010233399,-0.0,0.0,1490292075840,0.0,1.0,
487,-0.99848473,0.03845415,-0.10430132,40.6637,-73.795425,0.014064375,-0.021105815,-0.00083947263,-0.0,0.0,1490292075873,0.0,1.0,
488,-1.0075133,0.04168351,-0.10170744,40.6637,-73.795425,0.0066286204,-0.025191914,-0.0049713794,-0.0,0.0,1490292075906,0.0,1.0,
489,-1.0026941,0.040462792,-0.10646279,40.6637,-73.795425,0.014249765,-0.016691916,-0.0070507033,-0.0,0.0,1490292075940,0.0,1.0,
490,-1.0021223,0.040183473,-0.10324463,40.6637,-73.795425,0.0117,-0.026815496,0.0042351247,-0.0,0.0,1490292075973,0.0,1.0,
491,-1.002869,0.04555907,-0.107297085,40.6637,-73.795425,0.01464082,-0.011317065,-0.007115009,-0.0,0.0,1490292076006,0.0,1.0,
492,-0.9996223,0.03996283,-0.09996283,40.6637,-73.795425,0.0117,-0.022186235,-0.0040236204,-0.0,0.0,1490292076039,0.0,1.0,
493,-1.0057293,0.037729308,-0.105821036,40.6637,-73.795425,0.012633789,-0.02130152,-0.0005973804,-0.0,0.0,1490292076073,0.0,1.0,
494,-0.9924297,0.039768603,-0.10946279,40.6637,-73.795425,0.020807263,-0.0202,0.0006861011,-0.0,0.0,1490292076106,0.0,1.0,
495,-0.99934095,0.03955454,-0.104450025,40.6637,-73.795425,0.009945466,-0.03103633,0.00018180176,-0.0,0.0,1490292076139,0.0,1.0,
496,-1.0035611,0.0400719,-0.10363305,40.6637,-73.795425,0.015367109,-0.012049461,-0.0032662794,-0.0,0.0,1490292076172,0.0,1.0,
497,-0.9957029,0.035502076,-0.09600415,40.6637,-73.795425,0.015794128,-0.029731201,0.008515246,-0.0,0.0,1490292076206,0.0,1.0,
498,-1.0096198,0.04228596,-0.10880993,40.6637,-73.795425,0.016078359,-0.021703783,0.0013653296,-0.0,0.0,1490292076239,0.0,1.0,
499,-0.9989649,0.037659157,-0.10189475,40.6637,-73.795425,0.010297087,-0.0159621,-0.0026063062,-0.0,0.0,1490292076272,0.0,1.0,
500,-1.0049785,0.037255358,-0.09882976,40.6637,-73.795425,0.012513866,-0.027227731,0.006011837,-0.0,0.0,1490292076305,0.0,1.0,
501,-1.0052004,0.04373346,-0.10745369,40.6637,-73.795425,0.019313432,-0.016303308,-1.5065918e-05,-0.0,0.0,1490292076338,0.0,1.0,
502,-0.9986926,0.038183473,-0.10014215,40.6637,-73.795425,0.009538136,-0.02609529,-0.0008429358,-0.0,0.0,1490292076372,0.0,1.0,
503,-1.0130223,0.04086033,-0.103860326,40.6637,-73.795425,0.012658344,-0.013051922,-0.010262781,-0.0,0.0,1490292076405,0.0,1.0,
504,-1.0007315,0.036805775,-0.09980577,40.6637,-73.795425,0.014961015,-0.021888534,0.0020389843,-0.0,0.0,1490292076438,0.0,1.0,
505,-1.0046421,0.03946317,-0.104249135,40.6637,-73.795425,0.012072357,-0.01954052,-0.00075152464,-0.0,0.0,1490292076471,0.0,1.0,
506,-0.99670905,0.039272703,-0.10554541,40.6637,-73.795425,0.009648135,-0.021290464,-0.013712812,-0.0,0.0,1490292076505,0.0,1.0,
507,-1.0039872,0.03755498,-0.10210996,40.6637,-73.795425,0.012406475,-0.025528077,-0.00092807616,-0.0,0.0,1490292076538,0.0,1.0,
508,-0.999043,0.040223144,-0.1053562,40.6637,-73.795425,0.017742358,-0.01449834,-0.0021028125,-0.0,0.0,1490292076571,0.0,1.0,
509,-0.9944711,0.039039258,-0.10335332,40.6637,-73.795425,0.009534375,-0.022445118,-0.007296875,-0.0,0.0,1490292076604,0.0,1.0,
510,-1.0038975,0.04,-0.1049917,40.6637,-73.795425,0.009153232,-0.019314712,-0.0036163721,-0.0,0.0,1490292076638,0.0,1.0,
511,-0.9990736,0.037087206,-0.1017248,40.6637,-73.795425,0.017100625,-0.018745204,0.0022582323,-0.0,0.0,1490292076671,0.0,1.0,
512,-1.0018322,0.042856224,-0.10488019,40.6637,-73.795425,0.0095833205,-0.030219361,0.0029094361,-0.0,0.0,1490292076704,0.0,1.0,
513,-1.0018554,0.042484276,-0.10822642,40.6637,-73.795425,0.0149662895,-0.019564465,-0.0049375794,-0.0,0.0,1490292076737,0.0,1.0,
514,-0.998,0.03738843,-0.09977686,40.6637,-73.795425,0.013026818,-0.025452076,0.0036687292,-0.0,0.0,1490292076770,0.0,1.0,
515,-1.0099306,0.042939246,-0.10789585,40.6637,-73.795425,0.019935546,-0.019894226,0.002629773,-0.0,0.0,1490292076804,0.0,1.0,
516,-0.99730825,0.04069176,-0.10538352,40.6637,-73.795425,0.015426552,-0.018507611,-0.001556969,-0.0,0.0,1490292076837,0.0,1.0,
517,-1.0033544,0.037995473,-0.10066818,40.6637,-73.795425,0.009218176,-0.021411842,-0.0011263464,-0.0,0.0,1490292076870,0.0,1.0,
518,-1.0059206,0.042980153,-0.1,40.6637,-73.795425,0.020575313,-0.012424688,6.227783e-05,-0.0,0.0,1490292076903,0.0,1.0,
519,-0.9991405,0.039415307,-0.10048557,40.6637,-73.795425,0.0138730295,-0.025566762,0.0024829418,-0.0,0.0,1490292076937,0.0,1.0,
520,-1.0025827,0.041316528,-0.10863306,40.6637,-73.795425,0.011452891,-0.015671272,-0.0070229466,-0.0,0.0,1490292076970,0.0,1.0,
521,-0.9991533,0.035153296,-0.09337229,40.6637,-73.795425,0.010830078,-0.021681067,-0.0032796876,-0.0,0.0,1490292077003,0.0,1.0,
522,-1.0037206,0.038684253,-0.105404906,40.6637,-73.795425,0.014915766,-0.023398345,0.0024861256,-0.0,0.0,1490292077036,0.0,1.0,
523,-0.9983261,0.041903734,-0.1077112,40.6637,-73.795425,0.012771167,-0.015703984,-0.007956448,-0.0,0.0,1490292077070,0.0,1.0,
524,-1.0043348,0.035334755,-0.09763231,40.6637,-73.795425,0.004140359,-0.027775735,-0.0025506725,-0.0,0.0,1490292077103,0.0,1.0,
525,-1.0056094,0.040375624,-0.104248755,40.6637,-73.795425,0.015423984,-0.016007831,-0.0013123852,-0.0,0.0,1490292077136,0.0,1.0,
526,-0.9947157,0.038,-0.10214545,40.6637,-73.795425,0.010160612,-0.019562984,0.0019730616,-0.0,0.0,1490292077169,0.0,1.0,
527,-1.0113177,0.044632655,-0.10526239,40.6637,-73.795425,0.009586267,-0.022098528,-0.0077441405,-0.0,0.0,1490292077202,0.0,1.0,
528,-0.9990455,0.037654564,-0.100654565,40.6637,-73.795425,0.014521797,-0.018884499,-0.0025128126,-0.0,0.0,1490292077236,0.0,1.0,
529,-1.0015414,0.04083467,-0.10694,40.6637,-73.795425,0.012479333,-0.025187735,0.005403668,-0.0,0.0,1490292077269,0.0,1.0,
530,-1.0011356,0.04525449,-0.117441215,40.6637,-73.795425,0.013552676,-0.019317774,-0.0067640236,-0.0,0.0,1490292077302,0.0,1.0,
531,-1.0008434,0.03756279,-0.0998124,40.6637,-73.795425,0.012561665,-0.02265542,-0.0038026026,-0.0,0.0,1490292077335,0.0,1.0,
532,-1.0022769,0.040233888,-0.11365869,40.6637,-73.795425,0.018151503,-0.012079775,0.004891787,-0.0,0.0,1490292077369,0.0,1.0,
533,-0.9959136,0.03983389,-0.10375083,40.6637,-73.795425,0.018745312,-0.0206104,0.00026174317,-0.0,0.0,1490292077402,0.0,1.0,
534,-1.0023223,0.04015703,-0.1005289,40.6637,-73.795425,0.0104175,-0.022602266,-0.002518633,-0.0,0.0,1490292077435,0.0,1.0,
535,-1.0057203,0.036680616,-0.104440525,40.6637,-73.795425,0.017576788,-0.01679837,0.0020759716,-0.0,0.0,1490292077468,0.0,1.0,
536,-0.99808186,0.035688464,-0.09998352,40.6637,-73.795425,0.01636428,-0.02198846,0.0070780152,-0.0,0.0,1490292077502,0.0,1.0,
537,-1.0018046,0.0418161,-0.107942544,40.6637,-73.795425,0.014906847,-0.02044698,-0.0035175611,-0.0,0.0,1490292077535,0.0,1.0,
538,-1.0000231,0.03879834,-0.104123965,40.6637,-73.795425,0.012892271,-0.018558143,-0.00019346435,-0.0,0.0,1490292077568,0.0,1.0,
539,-1.0043409,0.037909083,-0.09913635,40.6637,-73.795425,0.017396368,-0.0231091,0.0034854675,-0.0,0.0,1490292077601,0.0,1.0,
540,-1.0022876,0.041904125,-0.10435619,40.6637,-73.795425,0.011673594,-0.01704113,-0.0010350707,-0.0,0.0,1490292077634,0.0,1.0,
541,-0.99774295,0.037676074,-0.10672362,40.6637,-73.795425,0.008517179,-0.022458281,-0.004195092,-0.0,0.0,1490292077668,0.0,1.0,
542,-1.0078082,0.037031446,-0.10480503,40.6637,-73.795425,0.010593489,-0.022209687,-0.00054213864,-0.0,0.0,1490292077701,0.0,1.0,
543,-0.9991959,0.04053264,-0.106261134,40.6637,-73.795425,0.017308718,-0.018839546,-0.0011458106,-0.0,0.0,1490292077734,0.0,1.0,
544,-0.9994463,0.038834717,-0.105834715,40.6637,-73.795425,0.0051717553,-0.023491453,-0.004789729,-0.0,0.0,1490292077767,0.0,1.0,
545,-1.0032694,0.037423145,-0.10613472,40.6637,-73.795425,0.013972302,-0.017294213,-0.00904176,-0.0,0.0,1490292077801,0.0,1.0,
546,-1.0004479,0.03889585,-0.102343775,40.6637,-73.795425,0.0152955465,-0.021437095,0.0033185473,-0.0,0.0,1490292077834,0.0,1.0,
547,-0.99843144,0.04403176,-0.11231604,40.6637,-73.795425,0.0138,-0.015949998,-0.0070245313,-0.0,0.0,1490292077867,0.0,1.0,
548,-1.003319,0.039202455,-0.1,40.6637,-73.795425,0.0121399695,-0.0214208,-0.0063469615,-0.0,0.0,1490292077900,0.0,1.0,
549,-1.0039917,0.039987624,-0.1034608,40.6637,-73.795425,0.012364262,-0.02053574,0.0010506079,-0.0,0.0,1490292077934,0.0,1.0,
550,-0.9977818,0.039836366,-0.10685455,40.6637,-73.795425,0.018372735,-0.0114159025,-0.0002272705,-0.0,0.0,1490292077967,0.0,1.0,
551,-0.9987967,0.038174793,-0.10017479,40.6637,-73.795425,0.0077386717,-0.024441993,-0.0028527284,-0.0,0.0,1490292078000,0.0,1.0,
552,-1.0058942,0.04197356,-0.1055661,40.6637,-73.795425,0.014394286,-0.012781578,-0.0022712548,-0.0,0.0,1490292078033,0.0,1.0,
553,-0.9940769,0.03559341,-0.09322528,40.6637,-73.795425,0.0149,-0.025449282,0.008496914,-0.0,0.0,1490292078066,0.0,1.0,
554,-1.0092397,0.041429736,-0.106809914,40.6637,-73.795425,0.0149,-0.022955067,0.001294497,-0.0,0.0,1490292078100,0.0,1.0,
555,-1.0004715,0.039600782,-0.099958204,40.6637,-73.795425,0.013761133,-0.021032266,-0.0046975,-0.0,0.0,1490292078133,0.0,1.0,
556,-1.0034033,0.036266115,-0.10039917,40.6637,-73.795425,0.009416943,-0.028525582,0.008462456,-0.0,0.0,1490292078166,0.0,1.0,
557,-1.005714,0.041973144,-0.11094629,40.6637,-73.795425,0.019594971,-0.017143212,-0.0013279297,-0.0,0.0,1490292078199,0.0,1.0,
558,-0.99733216,0.038,-0.1029124,40.6637,-73.795425,0.010905576,-0.0202,0.00029984376,-0.0,0.0,1490292078233,0.0,1.0,
559,-1.00994,0.04364668,-0.105117775,40.6637,-73.795425,0.01387455,-0.019035274,-0.008415625,-0.0,0.0,1490292078266,0.0,1.0,
560,-0.99888265,0.035544664,-0.10210333,40.6637,-73.795425,0.015629334,-0.021835199,-0.0013038684,-0.0,0.0,1490292078299,0.0,1.0,
561,-1.0042682,0.039709132,-0.10070913,40.6637,-73.795425,0.012309094,-0.016664503,-0.0007546021,-0.0,0.0,1490292078332,0.0,1.0,
562,-0.9952545,0.04210248,-0.10481983,40.6637,-73.795425,0.009056267,-0.015235859,-0.010634696,-0.0,0.0,1490292078366,0.0,1.0,
563,-1.0043033,0.035359498,-0.099011146,40.6637,-73.795425,0.009960156,-0.02429901,-0.00046843872,-0.0,0.0,1490292078399,0.0,1.0,
564,-1.0008099,0.039148755,-0.10272313,40.6637,-73.795425,0.016703224,-0.01595523,-4.6762696e-05,-0.0,0.0,1490292078432,0.0,1.0,
565,-0.9943915,0.041,-0.102391526,40.6637,-73.795425,0.010095118,-0.03036854,-0.00086652464,-0.0,0.0,1490292078465,0.0,1.0,
566,-1.0061393,0.041,-0.1077214,40.6637,-73.795425,0.011385151,-0.028842818,-0.004402156,-0.0,0.0,1490292078498,0.0,1.0,
567,-0.9970342,0.03651709,-0.10129867,40.6637,-73.795425,0.01742339,-0.016064063,0.0012828124,-0.0,0.0,1490292078532,0.0,1.0,
568,-1.0010438,0.0419343,-0.1058686,40.6637,-73.795425,0.009558877,-0.023030678,0.0058593983,-0.0,0.0,1490292078565,0.0,1.0,
569,-1.0036834,0.04310083,-0.10683472,40.6637,-73.795425,0.016596818,-0.012264453,-0.006117566,-0.0,0.0,1490292078598,0.0,1.0,
570,-1.0012397,0.037380178,-0.09672522,40.6637,-73.795425,0.008795044,-0.024416674,0.0050646607,-0.0,0.0,1490292078631,0.0,1.0,
571,-1.0089669,0.04098677,-0.11391399,40.6637,-73.795425,0.020788072,-0.01508655,0.0026967481,-0.0,0.0,1490292078665,0.0,1.0,
572,-0.9973182,0.038331825,-0.10300453,40.6637,-73.795425,0.014847148,-0.020727325,0.0009545288,-0.0,0.0,1490292078698,0.0,1.0,
573,-1.0063512,0.039318994,-0.103681006,40.6637,-73.795425,0.011804805,-0.021373058,-0.0028501123,-0.0,0.0,1490292078731,0.0,1.0,
574,-1.003,0.04001736,-0.10397396,40.6637,-73.795425,0.019572133,-0.014833,0.00018777343,-0.0,0.0,1490292078764,0.0,1.0,
575,-0.9982066,0.03747107,-0.10351239,40.6637,-73.795425,0.012961409,-0.024058515,0.004175547,-0.0,0.0,1490292078798,0.0,1.0,
576,-1.003629,0.042314466,-0.10657233,40.6637,-73.795425,0.012255377,-0.014757044,-0.007648712,-0.0,0.0,1490292078831,0.0,1.0,
577,-1.0010959,0.0351917,-0.09731151,40.6637,-73.795425,0.007873359,-0.02612664,-0.0023973573,-0.0,0.0,1490292078864,0.0,1.0,
578,-1.006188,0.038624022,-0.10089922,40.6637,-73.795425,0.015012705,-0.02056791,-0.0002641797,-0.0,0.0,1490292078897,0.0,1.0,
579,-0.99648756,0.04049585,-0.100889206,40.6637,-73.795425,0.012440205,-0.024261456,-0.0042069727,-0.0,0.0,1490292078930,0.0,1.0,
580,-1.007,0.04015703,-0.10135332,40.6637,-73.795425,0.00381375,-0.019637676,-0.001634043,-0.0,0.0,1490292078964,0.0,1.0,
581,-1.0020686,0.039733887,-0.10497852,40.6637,-73.795425,0.016268594,-0.016276235,-0.004958892,-0.0,0.0,1490292078997,0.0,1.0,
582,-0.9978644,0.037864454,-0.10501279,40.6637,-73.795425,0.010996875,-0.027554687,0.005020801,-0.0,0.0,1490292079030,0.0,1.0,
583,-1.0101273,0.04634551,-0.11512735,40.6637,-73.795425,0.014019536,-0.012588599,-0.0069504734,-0.0,0.0,1490292079063,0.0,1.0,
584,-0.99757195,0.03646317,-0.102178946,40.6637,-73.795425,0.013312721,-0.02230832,-0.0006772266,-0.0,0.0,1490292079097,0.0,1.0,
585,-1.0088513,0.040657043,-0.108045496,40.6637,-73.795425,0.01608344,-0.02111656,0.0015223669,-0.0,0.0,1490292079130,0.0,1.0,
586,-0.99462855,0.040720653,-0.10465082,40.6637,-73.795425,0.018414438,-0.016057055,-0.00283636,-0.0,0.0,1490292079163,0.0,1.0,
587,-1.0039405,0.03877521,-0.10018347,40.6637,-73.795425,0.011195909,-0.023491818,-0.0009,-0.0,0.0,1490292079196,0.0,1.0,
588,-1.0017864,0.038773157,-0.10825331,40.6637,-73.795425,0.016070709,-0.01430448,-0.0016505859,-0.0,0.0,1490292079230,0.0,1.0,
589,-0.9962768,0.033936314,-0.09710655,40.6637,-73.795425,0.016221838,-0.023918986,0.0077353492,-0.0,0.0,1490292079263,0.0,1.0,
590,-1.0042707,0.04157644,-0.10642356,40.6637,-73.795425,0.014209866,-0.019824231,-0.0025923438,-0.0,0.0,1490292079296,0.0,1.0,
591,-0.9986661,0.037332177,-0.09923628,40.6637,-73.795425,0.014401641,-0.01641716,-0.003410095,-0.0,0.0,1490292079329,0.0,1.0,
592,-1.0048996,0.036305394,-0.10160664,40.6637,-73.795425,0.010628113,-0.021971056,0.005877488,-0.0,0.0,1490292079362,0.0,1.0,
593,-1.004295,0.04124463,-0.10517273,40.6637,-73.795425,0.016042812,-0.013708304,-0.0008817334,-0.0,0.0,1490292079396,0.0,1.0,
594,-1.0004408,0.037113648,-0.10111365,40.6637,-73.795425,0.0048691407,-0.026143603,-0.00038181152,-0.0,0.0,1490292079429,0.0,1.0,
595,-1.0091488,0.039231397,-0.108537205,40.6637,-73.795425,0.01363867,-0.017404068,-0.0058258665,-0.0,0.0,1490292079462,0.0,1.0,
596,-0.9985459,0.037908275,-0.100091726,40.6637,-73.795425,0.0131924795,-0.021830622,0.0027223462,-0.0,0.0,1490292079495,0.0,1.0,
597,-1.0069257,0.041925658,-0.105547965,40.6637,-73.795425,0.010176967,-0.021365013,-0.005393009,-0.0,0.0,1490292079529,0.0,1.0,
598,-1.000738,0.039214037,-0.10608304,40.6637,-73.795425,0.012080086,-0.017198619,-0.0093656555,-0.0,0.0,1490292079562,0.0,1.0,
599,-1.0028777,0.03934711,-0.10144959,40.6637,-73.795425,0.01019566,-0.0287,0.0034631398,-0.0,0.0,1490292079595,0.0,1.0,
600,-1.0015372,0.043462794,-0.10965494,40.6637,-73.795425,0.018502966,-0.015705315,-0.004494684,-0.0,0.0,1490292079628,0.0,1.0,
601,-0.9934867,0.038707446,-0.09887766,40.6637,-73.795425,0.008068353,-0.027484095,-0.004611007,-0.0,0.0,1490292079662,0.0,1.0,
602,-1.0085152,0.040515285,-0.10687774,40.6637,-73.795425,0.015589468,-0.019975815,-0.0018312841,-0.0,0.0,1490292079695,0.0,1.0,
603,-0.99224454,0.03623799,-0.10041484,40.6637,-73.795425,0.021221729,-0.017833604,0.0035098535,-0.0,0.0,1490292079728,0.0,1.0,
604,-1.0011004,0.04116157,-0.102807865,40.6637,-73.795425,0.01040976,-0.020967094,0.0039032714,-0.0,0.0,1490292079761,0.0,1.0,
