,acceleration_x,acceleration_y,acceleration_z,gps_lat,gps_long,gyro_x,gyro_y,gyro_z,speed_x,speed_y,timestamp
0,-0.999,-0.058,-0.408,40.703075,-74.01106,0.0097,0.0237,0.0342,-1.6123462,-0.5989491,1490309500640
1,-0.98703337,0.006299988,-0.4360001,40.703075,-74.01106,-0.0022433717,-0.03703505,0.03377166,-1.6123462,-0.5989491,1490309500706
2,-0.9199002,0.04666687,-0.38253292,40.703075,-74.01106,0.04387486,-0.039428312,0.0033983777,-1.6123462,-0.5989491,1490309500773
3,-0.9631,0.0705,-0.3805,40.703075,-74.01106,0.018145,-0.03828,0.01813,-1.6123462,-0.5989491,1490309500840
4,-0.9775166,0.002166626,-0.35865003,40.703075,-74.01106,0.051226642,-0.03647992,-0.022030002,-1.6123462,-0.5989491,1490309500906
5,-0.96981657,-0.00876648,-0.38193336,40.703075,-74.01106,0.01871327,-0.0042232606,-0.0038567078,-1.6123462,-0.5989491,1490309500973
6,-0.9213,-0.03575,-0.39945,40.703075,-74.01106,0.02625,0.05307,-0.00316,-1.6123462,-0.5989491,1490309501040
7,-0.9289167,-0.01926665,-0.4526166,40.703075,-74.01106,0.0060499697,0.04949681,0.0031733226,-1.6123462,-0.5989491,1490309501106
8,-0.94476694,-0.03258331,-0.42668328,40.703075,-74.01106,0.01938338,0.02833636,0.010653405,-1.6123462,-0.5989491,1490309501173
9,-0.99995,-0.02415,-0.43965,40.703075,-74.01106,0.01269,-0.02942,0.05007,-1.6123462,-0.5989491,1490309501240
10,-1.0237498,0.0086500365,-0.44431677,40.703075,-74.01106,0.014810057,-0.047670107,0.033666637,-1.6123462,-0.5989491,1490309501306
11,-0.9922999,0.0045830687,-0.42733327,40.703075,-74.01106,0.004696686,0.0056767273,0.019276593,-1.6123462,-0.5989491,1490309501373
12,-0.9431,0.01035,-0.4356,40.703075,-74.01106,0.00763,0.01355,-0.00966,-1.6123462,-0.5989491,1490309501440
13,-0.9631,-0.015533301,-0.40528336,40.703075,-74.01106,0.015846645,-0.008576598,-0.0017933643,-1.6123462,-0.5989491,1490309501506
14,-0.96880007,0.00015008546,-0.4282834,40.703075,-74.01106,0.009489948,-0.0024900085,0.012070037,-1.6123462,-0.5989491,1490309501573
15,-0.956,0.0102,-0.4358,40.703075,-74.01106,0.01318,-0.008785,0.00909,-1.6123462,-0.5989491,1490309501640
16,-0.9394001,-0.021933362,-0.4293334,40.703075,-74.01106,0.03037828,-0.012011727,-0.0028082824,-1.6123462,-0.5989491,1490309501706
17,-0.9843998,0.0022668212,-0.42773342,40.703075,-74.01106,0.006139956,-0.029114852,0.01936501,-1.6123462,-0.5989491,1490309501773
18,-0.9572,-0.0208,-0.4164,40.703075,-74.01106,0.008775,0.00184,-0.001165,-1.6123462,-0.5989491,1490309501840
19,-0.94766694,-0.0064000734,-0.41959986,40.703075,-74.01106,-0.003713291,-0.0018485461,0.01378837,-1.6123462,-0.5989491,1490309501906
20,-0.95333314,-0.011600012,-0.39740005,40.703075,-74.01106,0.0058100563,-0.009509861,0.009756668,-1.6123462,-0.5989491,1490309501973
21,-0.9704,0.0038,-0.3874,40.703075,-74.01106,-0.000785,-0.02301,0.007235,-1.5631509,-0.5806741,1490309502040
22,-0.99126655,-0.007133337,-0.34813333,40.703075,-74.01106,0.017245004,-0.038686637,0.010936697,-1.4831585,-0.5509589,1490309502106
23,-0.9895334,-0.002333313,-0.32153335,40.703075,-74.01106,0.012148299,-0.036748372,0.016829973,-1.4031662,-0.5212436,1490309502173
24,-0.9912,-0.011,-0.2864,40.703075,-74.01106,0.01423,-0.040885,0.014515,-1.3231738,-0.49152827,1490309502240
25,-0.98846656,-0.0004000122,-0.2525333,40.703075,-74.01106,0.0057483753,-0.019526558,0.019661715,-1.2431813,-0.46181294,1490309502306
26,-0.97133356,-0.01733335,-0.23016663,40.703075,-74.01106,0.02129994,-0.019033542,0.015499987,-1.163189,-0.43209767,1490309502373
27,-0.98375,-0.0075,-0.2175,40.703075,-74.01106,0.0217,-0.0297,0.0295,-1.0831966,-0.40238237,1490309502440
28,-0.99858314,-0.0069166627,-0.21133335,40.703075,-74.01106,0.020800026,-0.038999826,0.024166666,-1.0032042,-0.372667,1490309502506
29,-1.00725,-0.0073333494,-0.22258338,40.703075,-74.01106,0.015033279,-0.037533246,0.026166573,-0.923212,-0.34295177,1490309502573
30,-1.0135,-0.0035,-0.224,40.703075,-74.01106,0.0113,-0.0383,0.0197,-0.8432195,-0.31323642,1490309502640
31,-0.98433363,-0.0010833862,-0.2319999,40.703075,-74.01106,0.006533401,-0.0056669703,0.0077001075,-0.76322705,-0.28352112,1490309502706
32,-0.96033305,-0.0055833375,-0.21691668,40.703075,-74.01106,0.007633351,0.005800173,0.0057999645,-0.68323493,-0.25380588,1490309502773
33,-0.94175,-0.004,-0.191,40.703075,-74.01106,0.0063,0.0342,-0.0032,-0.6032424,-0.22409052,1490309502840
34,-0.93858343,-0.007583313,-0.18850003,40.703075,-74.01106,0.013233266,0.014266736,0.008733267,-0.52325,-0.1943752,1490309502906
35,-0.97850025,-0.007166675,-0.17233334,40.703075,-74.01106,0.01553337,0.0025997316,0.016700111,-0.44325778,-0.16465996,1490309502973
36,-1.00175,-0.00125,-0.1385,40.70307,-74.011086,0.0196,-0.0276,0.0273,-0.40746424,-0.15136349,1490309503040
37,-1.0270997,-0.0038666504,-0.12436671,40.70307,-74.011086,0.018316662,-0.044444874,0.025218302,-0.39934,-0.14834553,1490309503106
38,-1.0111334,-0.0055333497,-0.13546665,40.70307,-74.011086,0.016713291,-0.03639499,0.022121623,-0.39121577,-0.14532757,1490309503173
39,-1.0033,-0.0044,-0.1513,40.70307,-74.011086,0.015245,-0.0324,0.020145,-0.38309154,-0.1423096,1490309503240
40,-1.0143667,-0.0053333743,-0.16683331,40.70307,-74.011086,0.009136726,-0.014145142,0.01641008,-0.37496734,-0.13929164,1490309503306
41,-0.991233,-0.0031999755,-0.17040007,40.70307,-74.011086,0.008734962,-0.008181359,0.013976594,-0.3668431,-0.1362737,1490309503373
42,-0.9585,0.0021,-0.1695,40.70307,-74.011086,0.001585,0.021295,0.001345,-0.35871887,-0.13325574,1490309503440
43,-0.9251336,0.0028666505,-0.16183332,40.70307,-74.011086,0.010546636,0.02713658,0.0015733545,-0.35059467,-0.13023776,1490309503506
44,-0.9594335,-0.00043336183,-0.14719997,40.70307,-74.011086,0.012663401,0.01953142,0.00684344,-0.34247044,-0.12721981,1490309503573
45,-0.998,-0.0074,-0.1043,40.70307,-74.011086,0.017955,-0.00808,0.01827,-0.33434618,-0.12420184,1490309503640
46,-1.0509996,-0.005,-0.0682667,40.70307,-74.011086,0.023794984,-0.04896971,0.028611574,-0.32622197,-0.12118389,1490309503706
47,-1.0417334,-0.0064666504,-0.077633336,40.70307,-74.011086,0.016908282,-0.057484854,0.027674932,-0.31809777,-0.118165925,1490309503773
48,-1.0026667,-0.0033333334,-0.097,40.70307,-74.011086,0.010838095,-0.024690475,0.018319048,-0.30997354,-0.11514796,1490309503840
49,-0.94158345,0.0019333496,-0.12588336,40.70307,-74.011086,0.0010000366,0.030742938,0.0033834535,-0.30184928,-0.11213,1490309503906
50,-0.9387331,-0.003416687,-0.12731667,40.70307,-74.011086,0.006503385,0.036630012,-0.0015399732,-0.2937251,-0.10911205,1490309503973
51,-0.96205,-0.00215,-0.11645,40.703064,-74.0111,0.01414,0.03043,0.00128,-0.2909816,-0.1080929,1490309504040
52,-1.0100497,-0.0050666505,-0.085066654,40.703064,-74.0111,0.022973279,-0.02750296,0.020436542,-0.29160655,-0.10832505,1490309504106
53,-1.0352503,-0.00573335,-0.085583314,40.703064,-74.0111,0.017939974,-0.043470107,0.02826004,-0.29223147,-0.108557194,1490309504173
54,-1.0329,-0.0069,-0.10155,40.703064,-74.0111,0.01618,-0.0538,0.02984,-0.29285643,-0.108789355,1490309504240
55,-1.0124837,-3.3325196e-05,-0.11995001,40.703064,-74.0111,0.007596747,-0.01140033,0.012743463,-0.29348138,-0.1090215,1490309504306
56,-0.96456623,0.0,-0.11756673,40.703064,-74.0111,0.00614001,0.014746975,0.0016366004,-0.2941063,-0.109253645,1490309504373
57,-0.9401,-0.00035,-0.1203,40.703064,-74.0111,0.00198,0.05049,-0.00649,-0.29473126,-0.109485805,1490309504440
58,-0.92481625,-0.002166626,-0.10463342,40.703064,-74.0111,0.011059936,0.032823347,0.0024199462,-0.2953562,-0.10971795,1490309504506
59,-0.9779844,-0.0056825825,-0.098333254,40.703064,-74.0111,0.017928652,0.003194887,0.013923953,-0.2959811,-0.10995011,1490309504573
60,-1.0156,-0.007,-0.0968,40.703064,-74.0111,0.025975,-0.028935,0.025505,-0.29660606,-0.11018224,1490309504640
61,-1.0570668,-0.007466699,-0.099933274,40.703064,-74.0111,0.020123348,-0.055238094,0.033029933,-0.29723102,-0.1104144,1490309504706
62,-1.0299332,-0.0063999635,-0.10940003,40.703064,-74.0111,0.014074945,-0.041444756,0.024898248,-0.29785594,-0.11064655,1490309504773
63,-0.9982,-0.0008,-0.1084,40.703064,-74.0111,0.007365,-0.01321,0.01303,-0.2984809,-0.110878706,1490309504840
64,-0.95186675,0.0014000366,-0.11526671,40.703064,-74.0111,0.0038683703,0.03411293,-0.0032915466,-0.29910582,-0.11111085,1490309504906
65,-0.9339998,0.0007333374,-0.11279999,40.703064,-74.0111,0.008186744,0.037183385,-0.0028149597,-0.29973075,-0.111343004,1490309504973
66,-0.9436,-0.0044,-0.1064,40.703064,-74.0111,0.010435,0.04506,-0.00026,-0.31572926,-0.117286064,1490309505040
67,-0.9625995,-0.01,-0.09226671,40.703064,-74.0111,0.02324989,0.009136887,0.01648152,-0.34135184,-0.12680426,1490309505106
68,-1.0139337,-0.010133361,-0.07193329,40.703064,-74.0111,0.020581707,-0.020418659,0.023058454,-0.36697432,-0.13632242,1490309505173
69,-1.0332,-0.0084,-0.0524,40.703064,-74.0111,0.023555,-0.045715,0.031745,-0.3925969,-0.14584062,1490309505240
70,-1.0461113,-0.010888928,-0.047555465,40.703064,-74.0111,0.018058743,-0.049096733,0.029657122,-0.4182195,-0.15535882,1490309505306
71,-1.0175332,-0.0039499635,-0.049183387,40.703064,-74.0111,0.0140399495,-0.026173087,0.018893234,-0.443842,-0.16487697,1490309505373
72,-0.9851,-0.00145,-0.0559,40.703064,-74.0111,0.00524,0.00012,0.00968,-0.4694646,-0.17439517,1490309505440
73,-0.94568324,-0.000583313,-0.054416686,40.703064,-74.0111,0.004880021,0.040239695,-0.002873253,-0.49508718,-0.18391338,1490309505506
74,-0.9523833,0.0,-0.0557333,40.703064,-74.0111,0.012520064,0.026639853,0.0060867383,-0.52070963,-0.19343153,1490309505573
75,-0.9765,-0.0014,-0.04765,40.703064,-74.0111,0.01628,0.01484,0.01134,-0.54633224,-0.2029497,1490309505640
76,-1.0104665,-0.01053335,-0.042116664,40.703064,-74.0111,0.025813267,-0.032372992,0.028246524,-0.57195485,-0.21246791,1490309505706
77,-1.0475336,-0.005916687,-0.03159995,40.703064,-74.0111,0.024753315,-0.04324682,0.030453363,-0.59757733,-0.22198607,1490309505773
78,-1.03415,-0.0021,-0.04425,40.703064,-74.0111,0.02098,-0.05004,0.0274,-0.62319994,-0.23150428,1490309505840
79,-1.0235503,-0.006833374,-0.044516616,40.703064,-74.0111,0.012673375,-0.019380204,0.017926747,-0.6488225,-0.24102245,1490309505906
80,-0.967633,0.0051333494,-0.0562667,40.703064,-74.0111,0.0054533216,0.014520265,0.008533258,-0.67444503,-0.2505406,1490309505973
81,-0.95085716,0.0028095238,-0.052380953,40.70306,-74.011116,0.0052619046,0.038033333,-0.0021238094,-0.7185159,-0.26691192,1490309506040
82,-0.9899997,-0.011166687,-0.016500013,40.70306,-74.011116,0.02408328,-0.014899849,0.012866587,-0.77413565,-0.28757337,1490309506106
83,-1.0251667,0.008500013,-0.01733335,40.70306,-74.011116,0.007075016,-0.02367507,0.030491738,-0.82975507,-0.30823472,1490309506173
84,-1.009,-0.008,-0.006,40.70306,-74.011116,0.021275,-0.024975,0.01395,-0.8853749,-0.32889616,1490309506240
85,-1.0006667,-0.0003333252,0.002166687,40.70306,-74.011116,0.007883367,-0.012666719,0.01089172,-0.9409947,-0.34955764,1490309506306
86,-0.9838333,-0.0045000124,0.010999976,40.70306,-74.011116,0.013141671,0.00063335936,0.009716658,-0.9966142,-0.370219,1490309506373
87,-0.992,0.0025,0.0165,40.70306,-74.011116,0.012225,-0.00075,0.0109,-1.0522339,-0.39088044,1490309506440
88,-1.0128334,0.0075000366,0.024166662,40.70306,-74.011116,0.008966709,-0.024958307,0.020050026,-1.1078538,-0.41154188,1490309506506
89,-1.0028334,0.0068333372,0.019666651,40.70306,-74.011116,0.013091649,-0.01183332,0.015283332,-1.1634734,-0.43220323,1490309506573
90,-0.9935,0.006,0.0175,40.70306,-74.011116,0.00565,-0.0018,-0.00195,-1.2190931,-0.45286465,1490309506640
91,-0.9971666,0.004,0.0069999266,40.70306,-74.011116,0.010124987,-0.0030083288,0.009975009,-1.2747128,-0.47352612,1490309506706
92,-0.9793334,-0.0136666745,0.0063333497,40.70306,-74.011116,0.012625072,0.009924935,0.0022500756,-1.3303324,-0.4941875,1490309506773
93,-1.01375,-0.00665,0.00495,40.70306,-74.011116,0.0154,-0.02314,0.02569,-1.3859522,-0.51484895,1490309506840
94,-1.0217168,-0.010700025,-0.0077833375,40.70306,-74.011116,0.01732998,-0.028243156,0.025759947,-1.4415718,-0.5355104,1490309506906
95,-1.00735,-0.0054666502,-0.0155333495,40.70306,-74.011116,0.0150199365,-0.014606645,0.016316595,-1.4971914,-0.5561718,1490309506973
96,-1.0188,0.0095,-0.0423,40.703056,-74.01114,0.00367,-0.01452,0.0251,-1.5166835,-0.5634126,1490309507040
97,-0.99575007,0.005483362,-0.050916687,40.703056,-74.01114,0.004433374,-0.00067008176,0.0073667723,-1.5135587,-0.5622518,1490309507106
98,-0.9764499,0.0058833375,-0.05688334,40.703056,-74.01114,0.0068232897,0.0057399953,0.00837999,-1.5104339,-0.56109107,1490309507173
99,-0.98925,0.0051,-0.064,40.703056,-74.01114,0.01323,0.00286,0.00615,-1.5073093,-0.5599303,1490309507240
100,-1.0064166,-0.006233423,-0.080833375,40.703056,-74.01114,0.018739993,-0.009296654,0.01493661,-1.5041847,-0.5587696,1490309507306
101,-1.0005167,-0.0210667,-0.0879333,40.703056,-74.01114,0.015756749,-0.007786697,0.008916669,-1.50106,-0.5576088,1490309507373
102,-0.98525,-0.0152,-0.07955,40.703056,-74.01114,0.01154,-0.00463,0.01947,-1.4979353,-0.5564481,1490309507440
103,-0.9838499,-0.009383288,-0.091100074,40.703056,-74.01114,0.009859983,-0.018466601,0.024749981,-1.4948106,-0.55528736,1490309507506
104,-0.9932667,0.0039333375,-0.078800015,40.703056,-74.01114,0.016569968,-0.014281727,0.027378386,-1.4916859,-0.5541265,1490309507573
105,-0.9756,0.0072,-0.0802,40.703056,-74.01114,0.021185,0.005735,0.01792,-1.4885612,-0.55296576,1490309507640
106,-0.96966654,0.0009332886,-0.065533325,40.703056,-74.01114,0.023920044,0.006216736,0.014521637,-1.4854364,-0.551805,1490309507706
107,-0.99539995,-0.0077333497,-0.08373329,40.703056,-74.01114,0.016873384,0.0032534034,0.012948378,-1.4823117,-0.5506443,1490309507773
108,-1.009,-0.0126,-0.0956,40.703056,-74.01114,0.01563,0.00696,0.01214,-1.479187,-0.54948354,1490309507840
109,-1.0111333,0.0022667237,-0.11006671,40.703056,-74.01114,0.011288311,0.008476697,0.017354986,-1.4760624,-0.5483228,1490309507906
110,-0.9991333,-0.0044666994,-0.11019999,40.703056,-74.01114,0.01405838,0.0015067578,0.012141693,-1.4729376,-0.547162,1490309507973
111,-0.9966,-0.0066,-0.1056,40.70305,-74.011154,0.004025,-0.003365,0.014675,-1.4625105,-0.5432886,1490309508040
112,-0.9873998,-0.02093341,-0.08793329,40.70305,-74.011154,0.017420044,-0.0075316103,0.02188498,-1.447512,-0.537717,1490309508106
113,-1.0116001,0.007466699,-0.10773335,40.70305,-74.011154,0.0033449866,-0.01139839,0.03227336,-1.4325134,-0.5321454,1490309508173
114,-0.9964,0.0036,-0.105,40.70305,-74.011154,0.011295,-0.00887,0.023635,-1.4175148,-0.5265738,1490309508240
115,-1.0000334,0.003416687,-0.116066605,40.70305,-74.011154,0.005393358,-0.019040065,0.024073377,-1.4025164,-0.5210021,1490309508306
116,-1.0083,0.0020333251,-0.11078338,40.70305,-74.011154,0.007773291,-0.024219923,0.015126618,-1.3875177,-0.5154305,1490309508373
117,-0.99245,0.0098,-0.09585,40.70305,-74.011154,0.00572,-0.01168,0.00848,-1.3725191,-0.5098589,1490309508440
118,-0.9785167,0.020100024,-0.11351671,40.70305,-74.011154,-0.0038734144,0.012520017,-0.0027267078,-1.3575206,-0.5042873,1490309508506
119,-1.0008,0.00078338623,-0.113833375,40.70305,-74.011154,0.0064666322,-0.010773364,0.0021066528,-1.3425219,-0.49871564,1490309508573
120,-1.00685,-0.0002,-0.1134,40.70305,-74.011154,0.0033,-0.01936,0.00784,-1.3275234,-0.49314404,1490309508640
121,-0.9724833,-0.009166626,-0.10926665,40.70305,-74.011154,0.004686637,0.014446761,-0.0013000488,-1.3125248,-0.48757243,1490309508706
122,-0.9754499,-0.011,-0.11285004,40.70305,-74.011154,0.003680005,-0.0109599605,0.012213312,-1.2975262,-0.48200083,1490309508773
123,-0.99445,-0.0089,-0.1017,40.70305,-74.011154,0.0088,-0.01418,0.0216,-1.2825277,-0.4764292,1490309508840
124,-0.99616665,0.00078336184,-0.109133445,40.70305,-74.011154,0.008059996,-0.005306593,0.021073299,-1.267529,-0.47085756,1490309508906
125,-0.99785715,7.93457e-05,-0.11009522,40.70305,-74.011154,0.0052599916,-0.0019600648,0.021473333,-1.2525306,-0.46528593,1490309508973
126,-1.0161,-0.0088,-0.1019,40.703045,-74.01118,0.01451,-0.01969,0.0261,-1.2436813,-0.46199867,1490309509040
127,-0.9970333,0.0012666748,-0.117866725,40.703045,-74.01118,0.0008249817,0.0059983507,0.026720034,-1.2386818,-0.46014148,1490309509106
128,-0.9932,-0.0031333496,-0.112966664,40.703045,-74.01118,0.012851615,-0.0071033766,0.02188166,-1.2336823,-0.45828426,1490309509173
129,-0.9865,0.0157,-0.1214,40.703045,-74.01118,0.0109,0.004395,0.028935,-1.2286828,-0.4564271,1490309509240
130,-0.9920999,0.008599927,-0.12036666,40.703045,-74.01118,0.023350062,-0.0142216105,0.019383313,-1.2236834,-0.45456988,1490309509306
131,-1.0107666,0.0058666505,-0.115,40.703045,-74.01118,0.017335026,-0.036478408,0.022193369,-1.2186837,-0.45271266,1490309509373
132,-0.9875,0.0071,-0.1039,40.703045,-74.01118,0.008015,-0.02393,0.01519,-1.2136843,-0.45085546,1490309509440
133,-0.98610014,-0.0033666627,-0.08539995,40.703045,-74.01118,0.013418312,-0.037493404,0.0035716712,-1.2086847,-0.44899824,1490309509506
134,-0.9752667,0.0076332884,-0.082866654,40.703045,-74.01118,0.009231649,-0.005676658,0.009366674,-1.2036852,-0.44714105,1490309509573
135,-0.9784,-0.0026,-0.066,40.703045,-74.01118,0.020275,0.00888,0.00571,-1.1986856,-0.44528383,1490309509640
136,-1.0106665,0.006833313,-0.031866603,40.703045,-74.01118,0.022635048,-0.018778268,0.023076668,-1.1936861,-0.4434266,1490309509706
137,-1.0174166,0.0002500122,-0.012500024,40.703045,-74.01118,0.017600024,-0.025266698,0.020650057,-1.1886866,-0.44156942,1490309509773
138,-1.008,-0.00675,0.00475,40.703045,-74.01118,0.0136,-0.0421,0.0128,-1.1836871,-0.4397122,1490309509840
139,-0.98083335,-0.00866665,0.009500025,40.703045,-74.01118,0.011566668,0.0050000343,0.0050166273,-1.1786876,-0.43785498,1490309509906
140,-0.99341667,0.009749939,0.012416638,40.703045,-74.01118,0.011799983,-0.0076501477,0.025716672,-1.1736879,-0.43599778,1490309509973
141,-0.999,0.00175,-0.001,40.70304,-74.01119,0.0152,-0.02605,0.01225,-1.1809874,-0.43870932,1490309510040
142,-0.99933344,0.007999951,-0.026166676,40.70304,-74.01119,0.0035000292,0.022883272,0.018266689,-1.1959859,-0.44428095,1490309510106
143,-0.98275006,0.0025832641,-0.0413333,40.70304,-74.01119,0.01584999,0.01681665,0.014466657,-1.2109843,-0.44985253,1490309510173
144,-1.002,0.01175,-0.06375,40.70304,-74.01119,0.00325,0.0017,0.01765,-1.225983,-0.4554242,1490309510240
145,-1.0049165,-0.00083327637,-0.07374997,40.70304,-74.01119,0.009749986,0.0038333985,0.012850003,-1.2409816,-0.46099582,1490309510306
146,-1.0040834,0.00933335,-0.087166674,40.70304,-74.01119,0.0017499231,-0.0026666236,0.017066639,-1.2559801,-0.4665674,1490309510373
147,-0.99325,-0.002,-0.0865,40.70304,-74.01119,0.0136,0.0028,0.0083,-1.2709787,-0.47213906,1490309510440
148,-1.0073999,-0.0042000245,-0.08379997,40.70304,-74.01119,0.016098397,-0.0028615491,0.024808357,-1.2859774,-0.47771066,1490309510506
149,-1.0352665,-0.0008000244,-0.10453335,40.70304,-74.01119,-0.0022417174,-0.03177167,0.024409968,-1.3009759,-0.48328227,1490309510573
150,-0.9892,-0.0142,-0.1002,40.70304,-74.01119,0.006635,0.00082,0.01602,-1.3159744,-0.48885387,1490309510640
151,-0.97146666,0.0065332763,-0.10806668,40.70304,-74.01119,0.0020633473,0.009551688,0.015334953,-1.330973,-0.49442554,1490309510706
152,-1.0006667,0.012933301,-0.09226667,40.70304,-74.01119,0.013459956,-0.015768446,0.023663377,-1.3459716,-0.4999971,1490309510773
153,-1.0054,0.01,-0.0996,40.70304,-74.01119,0.016805,-0.01699,0.021835,-1.3609701,-0.50556874,1490309510840
154,-0.9904001,0.018333312,-0.10446666,40.70304,-74.01119,0.004664999,0.008173281,0.022666724,-1.3759687,-0.51114035,1490309510906
155,-0.97840005,-0.0054665282,-0.09906676,40.70304,-74.01119,0.022901673,-0.00014499146,0.010305069,-1.3909672,-0.51671195,1490309510973
156,-0.9984,0.017,-0.1036,40.703033,-74.01122,0.00365,-0.014405,0.02053,-1.4263357,-0.52985054,1490309511040
157,-0.9997334,0.0029333252,-0.07486659,40.703033,-74.01122,0.010836702,-0.030513482,0.004851664,-1.4744563,-0.5477262,1490309511106
158,-1.0021999,-0.004733325,-0.051266674,40.703033,-74.01122,0.015808295,-0.017361654,0.010524982,-1.5225765,-0.56560177,1490309511173
159,-1.0073,-0.0028,-0.03565,40.703033,-74.01122,0.00784,-0.01466,0.0092,-1.5706971,-0.5834774,1490309511240
160,-1.0029498,0.0030333253,-0.03,40.703033,-74.01122,0.009353363,-0.009706549,0.01434668,-1.6188174,-0.60135305,1490309511306
161,-0.9899501,0.0034666993,-0.004650037,40.703033,-74.01122,0.014406678,0.005040022,0.011153385,-1.6669377,-0.6192286,1490309511373
162,-1.0152,0.01065,-0.0087,40.703033,-74.01122,0.02418,-0.0289,0.0146,-1.7150582,-0.6371043,1490309511440
163,-1.0157001,-0.001416687,-0.006549988,40.703033,-74.01122,0.011673358,-0.029860096,0.022046728,-1.7631786,-0.6549799,1490309511506
164,-1.0194832,-0.002,0.013083313,40.703033,-74.01122,0.0114,-0.030939931,0.0153066665,-1.8112988,-0.67285544,1490309511573
165,-1.02145,-0.01455,0.05035,40.703033,-74.01122,0.01252,-0.04176,0.01308,-1.8594192,-0.69073105,1490309511640
166,-0.9941,-0.0042666015,0.057233278,40.703033,-74.01122,0.0033799682,-0.0038198913,0.026613366,-1.9075398,-0.7086067,1490309511706
167,-0.99365,-0.0031833374,0.086149916,40.703033,-74.01122,0.019426683,-0.018540096,0.022273378,-1.9556601,-0.7264823,1490309511773
168,-1.0159,0.01305,0.06905,40.703033,-74.01122,0.0008,-0.0143,0.04408,-2.0037806,-0.7443579,1490309511840
169,-1.0029832,-0.0046832887,0.079733156,40.703033,-74.01122,0.018240051,0.006566797,0.025926685,-2.0519009,-0.76223356,1490309511906
170,-1.0293168,0.018349964,0.0715333,40.703033,-74.01122,0.010368256,-0.009509511,0.04811119,-2.1000211,-0.78010905,1490309511973
171,-1.0194,0.0206,0.1013,40.703026,-74.011246,0.01419,-0.014565,0.03262,-2.1884973,-0.8129758,1490309512040
172,-1.0015,0.038966637,0.09523329,40.703026,-74.011246,-0.0060866796,-0.0045934375,0.030190023,-2.3022366,-0.85522735,1490309512106
173,-0.99566674,0.018833313,0.10876666,40.703026,-74.011246,0.005879956,-0.022873437,0.026813354,-2.4159753,-0.8974787,1490309512173
174,-0.9908,0.0345,0.1028,40.703026,-74.011246,-0.000515,-0.014345,0.012605,-2.5297146,-0.93973017,1490309512240
175,-1.0117,0.014366736,0.087333255,40.703026,-74.011246,-0.0039116614,-0.008064992,0.01573996,-2.643454,-0.98198175,1490309512306
176,-1.0278333,0.04793335,0.09566675,40.703026,-74.011246,0.0075649596,-0.03185837,0.004426709,-2.7571929,-1.0242331,1490309512373
177,-1.0557,0.0083,0.1006,40.703026,-74.011246,-0.00025,-0.014225,0.004775,-2.870932,-1.0664846,1490309512440
178,-1.0210334,-0.016800074,0.10813332,40.703026,-74.011246,0.01615838,0.008323421,0.012806685,-2.9846716,-1.108736,1490309512506
179,-1.0127001,0.005833191,0.08763324,40.703026,-74.011246,-0.009338348,0.013326563,0.03247841,-3.0984104,-1.1509874,1490309512573
180,-1.0029,-0.0076,0.1012,40.703026,-74.011246,0.01236,-0.029015,0.036595,-3.2121494,-1.1932389,1490309512640
181,-1.0186667,0.015766589,0.07366675,40.703026,-74.011246,-0.00894989,-0.035860114,0.0538818,-3.3258886,-1.2354903,1490309512706
182,-1.0144999,-0.0025500366,0.09443332,40.703026,-74.011246,-0.0043733665,-0.009723239,0.038819928,-3.4396276,-1.2777417,1490309512773
183,-1.01465,0.03615,0.0925,40.703026,-74.011246,-0.02054,-0.01695,0.04719,-3.553367,-1.3199933,1490309512840
184,-0.98416686,0.0530667,0.0951334,40.703026,-74.011246,-0.010953347,-0.004120095,0.01717671,-3.6671062,-1.3622447,1490309512906
185,-0.97356665,0.07913335,0.07671666,40.703026,-74.011246,-0.017149922,0.00680994,-0.011329894,-3.780845,-1.4044961,1490309512973
186,-0.98305,0.03565,0.0901,40.70301,-74.01129,0.01152,0.00631,-0.02286,-3.896506,-1.4474614,1490309513040
187,-1.0161165,0.034266554,0.0628666,40.70301,-74.01129,0.0029933178,-0.0028665895,-0.015250079,-4.01337,-1.4908737,1490309513106
188,-1.0073501,0.026033277,0.058500122,40.70301,-74.01129,0.004183368,0.004989974,-0.028586652,-4.1302333,-1.5342857,1490309513173
189,-1.00275,-0.07345,0.0219,40.70301,-74.01129,0.01028,-0.00488,-0.0174,-4.2470975,-1.577698,1490309513240
190,-0.99518347,-0.022349866,0.006266553,40.70301,-74.01129,0.003149884,0.0022266186,-0.0010633704,-4.3639617,-1.6211103,1490309513306
191,-0.97088355,0.041216783,0.015033277,40.70301,-74.01129,0.0077767246,0.033186566,-0.03969322,-4.4808254,-1.6645224,1490309513373
192,-0.94,-0.047333334,0.07385714,40.70301,-74.01129,0.0239,0.010014285,-0.0072,-4.597689,-1.7079346,1490309513440
193,-0.9733332,0.041333485,0.07999977,40.70301,-74.01129,0.02186663,0.019425238,0.0070331837,-4.714553,-1.7513468,1490309513506
194,-0.99366665,-0.018333301,0.055666674,40.70301,-74.01129,0.030358385,-0.0014999219,-0.019483332,-4.8314166,-1.7947589,1490309513573
195,-0.943,-0.087,0.022,40.70301,-74.01129,-0.000875,0.05285,0.039175,-4.9482803,-1.8381711,1490309513640
196,-0.93766695,0.020666625,0.05099972,40.70301,-74.01129,0.045483176,0.06206651,-0.01779179,-5.0651445,-1.8815835,1490309513706
197,-1.0143335,-0.01600017,0.012000171,40.70301,-74.01129,0.034425143,0.07868332,-0.027808143,-5.1820083,-1.9249954,1490309513773
198,-1.077,0.002,-0.044,40.70301,-74.01129,0.047425,0.038825,-0.013725,-5.2988725,-1.9684078,1490309513840
199,-1.0173333,-0.043666724,-0.045000207,40.70301,-74.01129,0.032624956,0.02552497,-0.02198327,-5.4157357,-2.01182,1490309513906
200,-1.0143331,-0.023000158,-0.038333338,40.70301,-74.01129,0.04079177,0.0031667675,-0.010258258,-5.5325994,-2.055232,1490309513973
201,-1.035,0.08,-0.092,40.70299,-74.01137,0.016875,-0.014575,-0.05365,-5.625634,-2.0897925,1490309514040
202,-1.0210004,-0.08133307,-0.08266648,40.70299,-74.01137,0.003016472,-0.09560896,0.007675055,-5.7037525,-2.1188114,1490309514106
203,-0.9466665,-0.14633283,0.07266639,40.70299,-74.01137,0.053008318,-0.1272161,0.014641659,-5.7818694,-2.14783,1490309514173
204,-0.96935,0.0452,0.03125,40.70299,-74.01137,-0.01432,-0.00152,0.01886,-5.8599873,-2.176849,1490309514240
205,-0.9688334,-0.037516516,0.06708343,40.70299,-74.01137,0.044833276,0.016800134,-0.0006466724,-5.938105,-2.205868,1490309514306
206,-0.99261665,0.015849987,0.015433423,40.70299,-74.01137,0.024146708,0.0050864588,0.02667345,-6.016222,-2.2348866,1490309514373
207,-1.0307,0.03695,0.0166,40.70299,-74.01137,0.02208,-0.01972,0.01362,-6.0943403,-2.2639055,1490309514440
208,-1.0843666,-0.05716687,-0.009616833,40.70299,-74.01137,0.030279858,0.0067066187,0.02050014,-6.1724577,-2.2929244,1490309514506
209,-1.0810835,0.005883948,0.0016833618,40.70299,-74.01137,0.06341982,-0.081279814,0.012806701,-6.250575,-2.3219433,1490309514573
210,-0.94385,-0.0032,-0.0324,40.70299,-74.01137,0.01256,0.01022,-0.00998,-6.3286924,-2.3509622,1490309514640
211,-0.91013336,-1.6394042e-05,0.06856667,40.70299,-74.01137,0.017853437,-0.008253364,-0.02000682,-6.4068103,-2.379981,1490309514706
212,-0.9350501,-0.012150256,0.053183485,40.70299,-74.01137,0.025380192,-0.0048471047,-0.03194648,-6.4849277,-2.4089997,1490309514773
213,-1.04165,-0.0402,0.0019,40.70299,-74.01137,0.02226,-0.05306,0.0181,-6.5630455,-2.4380188,1490309514840
214,-1.1164286,-0.09033325,0.0054126326,40.70299,-74.01137,0.019058637,-0.04984757,0.04354769,-6.641163,-2.4670374,1490309514906
215,-1.0657332,-0.050699867,-0.013300012,40.70299,-74.01137,0.041593194,-0.024806563,0.04908835,-6.7192802,-2.4960563,1490309514973
216,-1.0481,0.1108,-0.0189,40.70297,-74.011444,-0.013805,-0.04058,0.045045,-6.7801027,-2.5186505,1490309515040
217,-0.949433,0.09826685,0.015500305,40.70297,-74.011444,0.053025153,-0.066949815,-0.025896717,-6.830098,-2.5372226,1490309515106
218,-0.9215333,0.16376695,0.032733228,40.70297,-74.011444,0.033024896,-0.074596584,-0.08980337,-6.880093,-2.5557947,1490309515173
219,-1.0437,-0.1327,0.0044,40.70297,-74.011444,0.032155,-0.04612,-0.060195,-6.930089,-2.5743666,1490309515240
220,-1.1167334,-0.24616644,-0.012666504,40.70297,-74.011444,0.035753198,-0.006051666,0.04071518,-6.9800844,-2.592939,1490309515306
221,-0.9903664,-0.1287001,0.047466945,40.70297,-74.011444,0.012993315,0.059381787,0.07763335,-7.030079,-2.6115108,1490309515373
222,-0.8375,-0.0848,-0.0342,40.70297,-74.011444,0.016325,0.106495,0.09334,-7.0800743,-2.630083,1490309515440
223,-0.8788998,0.1348338,-0.05956671,40.70297,-74.011444,0.034071587,0.07323495,0.04753802,-7.1300697,-2.648655,1490309515506
224,-0.92719954,0.123699985,-0.08953318,40.70297,-74.011444,0.015166968,0.052411746,-0.06377823,-7.1800647,-2.667227,1490309515573
225,-1.0125,-0.138,0.0227,40.70297,-74.011444,0.08913,0.048135,-0.06321,-7.2300596,-2.6857991,1490309515640
226,-1.1166161,-0.0839334,-0.07433325,40.70297,-74.011444,0.010120139,0.028380044,0.05387331,-7.280055,-2.7043712,1490309515706
227,-1.0058502,-0.13981658,-0.07606665,40.70297,-74.011444,0.03589326,0.035973378,0.051723234,-7.33005,-2.722943,1490309515773
228,-0.93605,-0.0976,-0.05755,40.70297,-74.011444,0.0452,0.02729,0.09138,-7.380046,-2.7415152,1490309515840
229,-0.9372669,0.034299828,-0.06449988,40.70297,-74.011444,0.05050006,-0.017696798,0.053689834,-7.430041,-2.7600875,1490309515906
230,-0.99384993,-0.041266847,-0.02230017,40.70297,-74.011444,0.068423405,-0.036666736,0.037510026,-7.480036,-2.7786596,1490309515973
231,-1.0402,0.0599,-0.02645,40.702953,-74.011505,0.03986,2e-05,0.02863,-7.5170836,-2.801196,1490309516040
232,-1.0423001,-0.03403318,-0.061383385,40.702953,-74.011505,0.047586486,0.027773311,0.0030666627,-7.546026,-2.8262146,1490309516106
233,-1.0424836,-0.044049866,-0.09383337,40.702953,-74.011505,0.040733326,-0.020590253,0.015970001,-7.574968,-2.8512325,1490309516173
234,-0.8264,0.22545,0.06385,40.702953,-74.011505,0.09649,-0.03603,-0.08472,-7.603911,-2.8762512,1490309516240
235,-0.9570499,-0.13318333,0.023066845,40.702953,-74.011505,0.07338037,0.06324282,-0.0036234388,-7.6328535,-2.9012697,1490309516306
236,-1.0848839,-0.13655096,-0.044300415,40.702953,-74.011505,0.04381696,0.031732947,0.058193225,-7.6617956,-2.926288,1490309516373
237,-1.1912,-0.3862,-0.0174,40.702953,-74.011505,0.204115,-0.06392,0.01722,-7.6907377,-2.9513063,1490309516440
238,-1.1567984,0.02659767,-0.15926497,40.702953,-74.011505,0.0421775,0.08346321,0.10222162,-7.71968,-2.9763248,1490309516506
239,-1.046002,0.3935988,-0.33640036,40.702953,-74.011505,-0.05309195,-0.071043156,0.15233468,-7.7486224,-3.001343,1490309516573
240,-1.1996,-0.0232,-0.0672,40.702953,-74.011505,0.01139,-0.26893,0.00857,-7.7775645,-3.0263615,1490309516640
241,-0.9733335,-0.04266522,-0.021333924,40.702953,-74.011505,0.030942902,-0.08041317,0.026938505,-7.806507,-3.0513797,1490309516706
242,-1.007466,-0.25033277,0.12159977,40.702953,-74.011505,0.12594318,-0.10119139,-0.04418488,-7.835449,-3.076398,1490309516773
243,-1.0596,-0.1458,0.0122,40.702953,-74.011505,-0.056635,0.106525,0.06938,-7.864392,-3.1014166,1490309516840
244,-0.97459936,0.19700025,0.04313285,40.702953,-74.011505,0.036886904,-0.008164207,0.10429162,-7.893334,-3.126435,1490309516906
245,-0.9852005,0.048733544,0.007000183,40.702953,-74.011505,-0.011842206,-0.016942943,0.08675782,-7.9222765,-3.1514533,1490309516973
246,-0.918,0.0438,-0.035,40.70291,-74.01164,0.095375,0.13418,-0.00514,-7.9417987,-3.164424,1490309517040
247,-1.0231332,-0.063333556,-0.081066884,40.70291,-74.01164,0.083375156,0.03931837,0.008048302,-7.955424,-3.169853,1490309517106
248,-1.0775834,-0.15025048,-0.0933334,40.70291,-74.01164,0.044766795,0.028600069,0.0671332,-7.969048,-3.1752818,1490309517173
249,-1.029,0.01625,-0.13275,40.70291,-74.01164,0.0409,0.0398,0.0221,-7.9826736,-3.1807108,1490309517240
250,-0.9904166,0.052916955,-0.11100014,40.70291,-74.01164,0.027033268,-0.028333135,0.01646649,-7.996299,-3.1861398,1490309517306
251,-0.9498332,0.037917174,-0.02341676,40.70291,-74.01164,0.097333334,-0.119300075,-0.050733153,-8.009923,-3.1915684,1490309517373
252,-1.018,-0.04875,0.00325,40.70291,-74.01164,0.0516,-0.0822,-0.0079,-8.023548,-3.1969976,1490309517440
253,-1.0468333,-0.096500024,0.0486667,40.70291,-74.01164,0.05390011,-0.04810019,0.02503313,-8.037173,-3.2024264,1490309517506
254,-0.98849976,-0.059583385,-0.031083362,40.70291,-74.01164,0.02260014,0.032333843,0.028766716,-8.050798,-3.207855,1490309517573
255,-0.89,-0.05375,-0.07125,40.70291,-74.01164,0.0358,0.1381,0.0011,-8.064423,-3.213284,1490309517640
256,-0.9015002,-0.04016687,-0.085,40.70291,-74.01164,0.037866518,0.013799929,0.032799855,-8.078048,-3.2187128,1490309517706
257,-0.9318332,-0.012250183,-0.011416614,40.70291,-74.01164,0.052033458,0.019233396,0.04813357,-8.091673,-3.2241416,1490309517773
258,-0.97775,-0.02675,-0.04575,40.70291,-74.01164,0.0482,0.0366,0.0276,-8.105298,-3.2295706,1490309517840
259,-1.0137999,-0.008233362,0.0014662354,40.70291,-74.01164,0.055436604,0.014286714,0.030233227,-8.118923,-3.2349994,1490309517906
260,-1.028133,-0.018099988,-0.07496659,40.70291,-74.01164,0.014670022,-0.0062296605,0.048583288,-8.132547,-3.2404282,1490309517973
261,-0.9966,-0.1062,-0.0814,40.70288,-74.01174,0.07783,0.01886,0.037855,-8.138936,-3.2429736,1490309518040
262,-1.0681666,-0.023333618,-0.1231999,40.70288,-74.01174,0.042815097,-0.024355175,0.075216495,-8.140794,-3.243714,1490309518106
263,-1.0594664,0.0073000854,-0.109300084,40.70288,-74.01174,0.056421645,-0.039038334,0.05202827,-8.142652,-3.2444544,1490309518173
264,-1.009,0.0411,-0.0911,40.70288,-74.01174,0.031835,-0.05262,0.053145,-8.144509,-3.2451944,1490309518240
265,-0.9330664,-0.016333252,0.018966662,40.70288,-74.01174,0.0778184,-0.06280318,0.020094935,-8.146368,-3.245935,1490309518306
266,-0.9214334,-0.015599927,-0.026333252,40.70288,-74.01174,0.015303298,0.011553237,0.04504652,-8.148226,-3.246675,1490309518373
267,-0.9746,0.0151,-1e-04,40.70288,-74.01174,0.14161,0.06944,0.01649,-8.150084,-3.2474155,1490309518440
268,-1.0859665,0.10843253,-0.046033703,40.70288,-74.01174,0.0057302173,0.016853804,0.030113261,-8.151941,-3.2481558,1490309518506
269,-1.072234,-0.08810023,-0.06966687,40.70288,-74.01174,0.0582183,0.042321306,0.036851503,-8.153799,-3.2488961,1490309518573
270,-1.0543,-0.0615,-0.1463,40.70288,-74.01174,0.048545,0.00145,0.0518,-8.155657,-3.2496362,1490309518640
271,-1.0372169,-0.07400025,-0.09306641,40.70288,-74.01174,0.07884669,-0.09510658,0.03094668,-8.157515,-3.2503767,1490309518706
272,-0.9657331,0.0865838,0.06523347,40.70288,-74.01174,0.07261977,-0.029400231,0.04279324,-8.159372,-3.2511168,1490309518773
273,-0.92435,0.0563,0.0516,40.70288,-74.01174,0.07866,0.03359,-0.00112,-8.161231,-3.2518573,1490309518840
274,-0.99903333,-0.06303333,0.022,40.70288,-74.01174,0.06150006,0.0003576721,0.03619671,-8.163089,-3.2525973,1490309518906
275,-0.9814335,-0.04338302,0.036916807,40.70288,-74.01174,0.08529637,0.05047662,0.058846693,-8.164947,-3.2533379,1490309518973
276,-0.982,-0.1027,-0.0513,40.70285,-74.01184,0.16237,0.00821,0.04634,-8.164519,-3.2531674,1490309519040
277,-0.9645837,-0.02496692,-0.14771673,40.70285,-74.01184,0.02705957,0.094732665,0.04177992,-8.162662,-3.252427,1490309519106
278,-0.9108329,-0.17316736,-0.054266408,40.70285,-74.01184,0.094553895,0.0045634364,-0.013206428,-8.160803,-3.2516868,1490309519173
279,-0.9876,-0.04075,-0.0916,40.70285,-74.01184,0.04446,-0.00582,0.02579,-8.158945,-3.2509465,1490309519240
280,-1.0762837,-0.035099976,-0.14306714,40.70285,-74.01184,0.020653186,-0.04643698,0.06507321,-8.157087,-3.2502065,1490309519306
281,-0.9856343,0.04439708,-0.005730085,40.70285,-74.01184,0.07454442,0.04019102,0.0070047956,-8.15523,-3.2494662,1490309519373
282,-0.916,-0.0454,-0.0466,40.70285,-74.01184,0.066115,0.064485,-0.052075,-8.153372,-3.248726,1490309519440
283,-0.9341331,-0.02133313,-0.09340004,40.70285,-74.01184,0.004343523,0.052256428,-0.005406587,-8.151514,-3.2479856,1490309519506
284,-1.0041332,-0.0009998779,-0.08813312,40.70285,-74.01184,0.017531622,-0.024326172,0.01257981,-8.149656,-3.247245,1490309519573
285,-0.953,-0.0662,-0.1058,40.70285,-74.01184,0.04095,0.011315,0.006845,-8.147798,-3.2465048,1490309519640
286,-0.8694659,0.037000123,-0.15726702,40.70285,-74.01184,0.007293193,0.075936615,0.0037050622,-8.145941,-3.2457645,1490309519706
287,-1.0756674,0.018200135,-0.09639996,40.70285,-74.01184,0.0075514955,-0.048393995,0.048343495,-8.144082,-3.2450242,1490309519773
288,-1.0486,-0.0312,-0.092,40.70285,-74.01184,0.07991,-0.083675,0.031695,-8.142224,-3.2442842,1490309519840
289,-1.0440003,-0.0106668705,-0.0795333,40.70285,-74.01184,0.09878506,-0.03536442,-0.0036800927,-8.140367,-3.2435439,1490309519906
290,-1.0936004,0.09786676,-0.13653345,40.70285,-74.01184,-0.005656897,-0.060675263,0.057228215,-8.138509,-3.2428033,1490309519973
291,-1.0374,0.0228,-0.1214,40.70282,-74.01194,0.062665,-0.05907,-0.050345,-8.103895,-3.2290115,1490309520040
292,-0.9878,-0.08766693,-0.13400006,40.70282,-74.01194,0.06740671,-0.002686753,-0.0142816175,-8.048777,-3.2070494,1490309520106
293,-0.9702332,-0.014249939,-0.15483312,40.70282,-74.01194,0.029393455,0.0071600135,0.012980016,-7.993657,-3.1850872,1490309520173
294,-0.98145,-0.0587,-0.0942,40.70282,-74.01194,0.06898,-0.0339,0.001,-7.938538,-3.1631248,1490309520240
295,-0.9246997,-0.028966773,-0.1401169,40.70282,-74.01194,0.024999952,0.056153115,0.03236657,-7.883419,-3.1411626,1490309520306
296,-0.9327671,0.018783582,-0.121716544,40.70282,-74.01194,0.05770685,0.064839885,-0.035613373,-7.8283,-3.1192002,1490309520373
297,-0.9378,-0.02825,-0.1237,40.70282,-74.01194,0.05872,0.04262,-0.02292,-7.773181,-3.097238,1490309520440
298,-0.9841999,-0.06780015,-0.100949794,40.70282,-74.01194,0.06755986,0.05735328,0.0035199365,-7.7180624,-3.075276,1490309520506
299,-1.0173,-0.04924994,-0.15669978,40.70282,-74.01194,0.064060204,0.038427025,-0.0044199843,-7.662943,-3.0533137,1490309520573
300,-1.0383,-0.0321,-0.203,40.70282,-74.01194,0.04448,0.01856,0.01098,-7.607824,-3.031351,1490309520640
301,-1.0928334,-0.050650258,-0.22676668,40.70282,-74.01194,0.071966395,-0.04758663,0.006566443,-7.552705,-3.0093892,1490309520706
302,-1.1080335,-0.027066553,-0.27724993,40.70282,-74.01194,0.07460661,-0.1026867,-0.0029065942,-7.4975863,-2.9874268,1490309520773
303,-0.9954,0.01425,-0.32245,40.70282,-74.01194,0.03816,-0.08686,0.00202,-7.4424667,-2.9654646,1490309520840
304,-0.9441666,-0.07083346,-0.3076667,40.70282,-74.01194,0.026666714,-0.05606659,0.0066668456,-7.3873477,-2.9435022,1490309520906
305,-0.93683356,-0.06566689,-0.31450006,40.70282,-74.01194,0.008191869,-0.030650178,0.050891586,-7.3322287,-2.92154,1490309520973
306,-0.902,-0.0195,-0.223,40.70279,-74.01205,0.001825,-0.007525,0.095925,-7.1620846,-2.8537457,1490309521040
307,-0.8926667,0.11050004,-0.33000028,40.70279,-74.01205,-0.039358396,0.07150004,0.065308355,-6.9199324,-2.7572598,1490309521106
308,-0.87116647,0.15800013,-0.3653332,40.70279,-74.01205,-0.012416667,0.11963348,0.014416692,-6.6777806,-2.660774,1490309521173
309,-0.888,0.079,-0.438,40.70279,-74.01205,-0.03025,0.128,0.0105,-6.4356284,-2.5642881,1490309521240
310,-0.9518333,0.034500305,-0.48450005,40.70279,-74.01205,-0.04704169,0.102408364,0.05615001,-6.1934767,-2.467802,1490309521306
311,-0.9046667,0.06249984,-0.52716666,40.70279,-74.01205,-0.079450056,0.1026751,0.06527497,-5.951325,-2.3713162,1490309521373
312,-0.8965,0.144,-0.4895,40.70279,-74.01205,-0.062525,0.0585,0.03925,-5.7091727,-2.2748303,1490309521440
313,-1.1066672,0.15366638,-0.56149995,40.70279,-74.01205,-0.060450003,-0.040399883,0.030099912,-5.4670205,-2.1783442,1490309521506
314,-1.1658334,0.16716693,-0.60916686,40.70279,-74.01205,-0.10739171,-0.054183308,0.03992492,-5.224869,-2.0818586,1490309521573
315,-1.0160476,0.14585714,-0.5400952,40.70279,-74.01205,-0.11027143,-0.0536,0.014128571,-4.9827166,-1.9853725,1490309521640
316,-0.9456,0.12635002,-0.45943308,40.70279,-74.01205,-0.1280599,-0.0933864,0.0029233606,-4.7405643,-1.8888866,1490309521706
317,-0.8570997,0.1560005,-0.46543318,40.70279,-74.01205,-0.1569235,-0.044396523,0.019283112,-4.498413,-1.7924008,1490309521773
318,-0.8591,0.16375,-0.4632,40.70279,-74.01205,-0.14004,-0.02174,0.00774,-4.256261,-1.6959149,1490309521840
319,-0.8885667,0.14726646,-0.49151665,40.70279,-74.01205,-0.14317,-0.045893382,-0.027483307,-4.0141087,-1.5994288,1490309521906
320,-0.9789498,0.14150037,-0.4554002,40.70279,-74.01205,-0.14076334,-0.024896672,-0.03792335,-3.771957,-1.5029432,1490309521973
321,-1.00555,0.0783,-0.40445,40.702774,-74.012085,-0.13674,-0.00201,-0.02641,-3.5736058,-1.4239097,1490309522040
322,-1.0206332,0.027799854,-0.4204501,40.702774,-74.012085,-0.1454867,0.017286763,0.0006266699,-3.402675,-1.3558019,1490309522106
323,-0.992667,0.010749939,-0.41889983,40.702774,-74.012085,-0.11993324,0.036703195,0.007930094,-3.2317443,-1.2876945,1490309522173
324,-0.981,0.0797,-0.50225,40.702774,-74.012085,-0.17052,0.01682,0.02513,-3.0608134,-1.2195867,1490309522240
325,-0.9333002,0.103983484,-0.47659996,40.702774,-74.012085,-0.12057649,-0.01854318,-0.022903187,-2.8898826,-1.151479,1490309522306
326,-0.9462666,0.10453343,-0.5109337,40.702774,-74.012085,-0.14055352,-0.03395333,0.002681532,-2.718952,-1.0833714,1490309522373
327,-0.926,0.0316,-0.4468,40.702774,-74.012085,-0.09759,-0.02396,-0.041235,-2.548021,-1.0152637,1490309522440
328,-0.9924668,0.035533205,-0.4392666,40.702774,-74.012085,-0.12167329,-0.017604975,-0.004388458,-2.37709,-0.94715583,1490309522506
329,-1.0116004,0.046467006,-0.4176665,40.702774,-74.012085,-0.092746794,-0.019581776,0.0059683095,-2.2061596,-0.8790483,1490309522573
330,-0.9622,0.0176,-0.4382,40.702774,-74.012085,-0.08502,0.013235,0.003305,-2.0352287,-0.8109405,1490309522640
331,-0.931133,0.030199891,-0.42173347,40.702774,-74.012085,-0.06466158,0.022446875,0.009333252,-1.8642976,-0.7428328,1490309522706
332,-0.9594001,0.049666747,-0.39813334,40.702774,-74.012085,-0.07892828,-0.012460307,0.024313467,-1.6933672,-0.6747252,1490309522773
333,-1.0144,0.058,-0.3986,40.702774,-74.012085,-0.076485,-0.0621,0.025325,-1.5224361,-0.60661745,1490309522840
334,-0.9932671,0.081466615,-0.39313325,40.702774,-74.012085,-0.09611002,-0.03717873,0.00943504,-1.3515053,-0.53850967,1490309522906
335,-0.91586626,0.06119999,-0.35666674,40.702774,-74.012085,-0.091459945,-0.0031580382,-0.01579678,-1.1805748,-0.47040215,1490309522973
336,-0.944,0.0574,-0.3124,40.702774,-74.012085,-0.0986,-0.015985,-0.020775,-1.0862004,-0.4327985,1490309523040
337,-0.97646666,0.054266725,-0.25593334,40.702774,-74.012085,-0.107965104,-0.01978498,-0.015863439,-1.0397516,-0.41429093,1490309523106
338,-0.9951666,0.040166628,-0.22063342,40.702774,-74.012085,-0.105253324,-0.03024662,-0.0020066712,-0.9933032,-0.39578342,1490309523173
339,-1.00035,0.0455,-0.1741,40.702774,-74.012085,-0.10564,-0.03498,0.00506,-0.9468546,-0.3772759,1490309523240
340,-1.0088001,0.05620005,-0.13864991,40.702774,-74.012085,-0.11399336,-0.04868018,0.01620003,-0.90040594,-0.35876837,1490309523306
341,-0.98875004,0.06036658,-0.13066675,40.702774,-74.012085,-0.12319331,-0.03144665,0.0064266236,-0.8539574,-0.3402609,1490309523373
342,-0.988,0.06555,-0.1066,40.702774,-74.012085,-0.1193,-0.0361,0.0054,-0.8075088,-0.32175332,1490309523440
343,-1.0044335,0.09005001,-0.11120005,40.702774,-74.012085,-0.13808005,-0.04816689,0.0060066967,-0.7610602,-0.30324578,1490309523506
344,-1.0090166,0.06981671,-0.111083314,40.702774,-74.012085,-0.14413339,-0.021993317,-0.0069934083,-0.71461165,-0.2847383,1490309523573
345,-1.01555,0.07915,-0.13025,40.702774,-74.012085,-0.1598,-0.02128,0.00848,-0.66816294,-0.26623076,1490309523640
346,-1.0106001,0.0999334,-0.126,40.702774,-74.012085,-0.18160677,-0.01332014,-0.009286686,-0.62171435,-0.2477232,1490309523706
347,-0.97794974,0.10595001,-0.118783385,40.702774,-74.012085,-0.18789332,-0.0016997742,-0.018480096,-0.5752658,-0.22921571,1490309523773
348,-0.96325,0.10445,-0.1233,40.702774,-74.012085,-0.20242,0.00312,-0.0061,-0.5288172,-0.21070817,1490309523840
349,-0.9587333,0.12703341,-0.12976673,40.702774,-74.012085,-0.22015846,0.031806793,-0.021471744,-0.48236853,-0.19220063,1490309523906
350,-0.96010023,0.124333255,-0.10313335,40.702774,-74.012085,-0.22845003,0.023341632,-0.011054918,-0.43592006,-0.17369314,1490309523973
351,-1.0075,0.1079,-0.1266,40.702774,-74.012085,-0.230715,-0.004545,-0.01035,-0.43446183,-0.15412645,1490309524040
352,-1.0061334,0.08756664,-0.13836667,40.702774,-74.012085,-0.23570162,-0.011246714,-0.010858258,-0.4611684,-0.13389672,1490309524106
353,-1.0135665,0.11563329,-0.13110001,40.702774,-74.012085,-0.263105,-0.012216736,-0.011451689,-0.4878749,-0.11366706,1490309524173
354,-1.0032,0.0944,-0.1102,40.702774,-74.012085,-0.271125,-0.023485,-0.01688,-0.5145815,-0.09343734,1490309524240
355,-0.97846675,0.099633336,-0.13409999,40.702774,-74.012085,-0.29942,0.009639922,-0.012503298,-0.54128814,-0.07320761,1490309524306
356,-0.95936686,0.091,-0.09710001,40.702774,-74.012085,-0.2972716,0.00980668,-0.023900025,-0.5679946,-0.052977942,1490309524373
357,-0.9928,0.0957,-0.1023,40.702774,-74.012085,-0.31716,-0.005625,-0.02008,-0.59470123,-0.03274821,1490309524440
358,-1.0105666,0.07603329,-0.0748666,40.702774,-74.012085,-0.31109163,-0.023876619,-0.015811667,-0.6214078,-0.012518473,1490309524506
359,-1.0274333,0.08,-0.072233364,40.702774,-74.012085,-0.3250017,-0.020511806,-0.0022232935,-0.64811426,0.007711187,1490309524573
360,-1.02,0.0595,-0.05425,40.702774,-74.012085,-0.3241,-0.03595,-0.01075,-0.67482084,0.027940918,1490309524640
361,-0.9814167,0.08416662,-0.046416663,40.702774,-74.012085,-0.3456,0.015966557,-0.0028333887,-0.7015275,0.04817065,1490309524706
362,-0.9726667,0.1106666,-0.053499974,40.702774,-74.012085,-0.3538167,0.0056499867,0.011716667,-0.72823393,0.06840031,1490309524773
363,-0.98525,0.1495,-0.08275,40.702774,-74.012085,-0.35825,-0.011,-0.0128,-0.75494057,0.08863004,1490309524840
364,-0.97991693,0.1433333,-0.09125004,40.702774,-74.012085,-0.36205003,0.023133282,-0.021249957,-0.78164715,0.10885977,1490309524906
365,-0.95175004,0.10041683,-0.10474994,40.702774,-74.012085,-0.35991663,0.037233483,-0.051333338,-0.80835366,0.12908943,1490309524973
366,-1.00325,0.083,-0.11675,40.702774,-74.012085,-0.3729,0.0161,-0.0293,-0.8243129,0.15511473,1490309525040
367,-1.0078331,0.037416663,-0.10983332,40.702774,-74.012085,-0.36575,-0.0007332471,-0.01995004,-0.83354425,0.18476814,1490309525106
368,-1.00675,0.076333255,-0.10716668,40.702774,-74.012085,-0.37746668,-0.013033359,0.007916671,-0.84277546,0.21442145,1490309525173
369,-0.9865,0.0805,-0.09325,40.702774,-74.012085,-0.3714,-0.01095,-0.00085,-0.8520068,0.24407488,1490309525240
370,-0.9715,0.116500124,-0.1123334,40.702774,-74.012085,-0.37661666,0.013733381,-0.0003333374,-0.8612381,0.2737283,1490309525306
371,-0.9685398,0.13258722,-0.14160313,40.702774,-74.012085,-0.37913504,0.01917332,-0.02492001,-0.87046933,0.30338162,1490309525373
372,-1.0028,0.1044,-0.157,40.702774,-74.012085,-0.369615,-0.00072,-0.029725,-0.87970066,0.33303505,1490309525440
373,-0.9834668,0.056200024,-0.1417333,40.702774,-74.012085,-0.36644337,0.0071683507,-0.026361598,-0.888932,0.36268848,1490309525506
374,-1.0088665,0.08133313,-0.15426661,40.702774,-74.012085,-0.38541517,-0.007973443,-0.022761678,-0.8981632,0.3923418,1490309525573
375,-1.0376,0.0454,-0.1526,40.702774,-74.012085,-0.355,-0.015745,-0.039245,-0.9073944,0.4219952,1490309525640
376,-1.0060002,0.038266636,-0.13879992,40.702774,-74.012085,-0.33786824,-0.010311756,-0.021859897,-0.9166258,0.45164865,1490309525706
377,-0.9881999,0.058133215,-0.1341334,40.702774,-74.012085,-0.34192342,-0.02853517,-0.023230027,-0.925857,0.48130193,1490309525773
378,-0.9862,0.0326,-0.129,40.702774,-74.012085,-0.333875,-0.024445,-0.03052,-0.93508834,0.5109554,1490309525840
379,-0.97613347,0.00873324,-0.1311999,40.702774,-74.012085,-0.32413325,-0.010913433,-0.017041607,-0.9443196,0.54060876,1490309525906
380,-0.9547333,0.008199914,-0.13933325,40.702774,-74.012085,-0.3112667,0.01321009,-0.019735096,-0.9535508,0.5702621,1490309525973
381,-0.971,-0.0014,-0.1416,40.702774,-74.01209,-0.29256,-0.000935,-0.012335,-0.93740666,0.57713455,1490309526040
382,-1.0143664,0.0069000246,-0.14395013,40.702774,-74.01209,-0.27683964,-0.020301487,0.0060380334,-0.9053769,0.56974566,1490309526106
383,-1.0206832,0.013200049,-0.14421676,40.702774,-74.01209,-0.25958,-0.03808668,0.01437339,-0.87334734,0.5623568,1490309526173
384,-0.9704,0.03245,-0.15025,40.702774,-74.01209,-0.2659,0.00844,-0.00432,-0.8413176,0.55496794,1490309526240
385,-0.95328337,0.018549988,-0.14380005,40.702774,-74.01209,-0.23936003,0.032873467,-0.027126703,-0.8092879,0.54757905,1490309526306
386,-0.96165025,0.01884984,-0.14704989,40.702774,-74.01209,-0.23581336,0.020133216,-0.024853343,-0.7772583,0.5401902,1490309526373
387,-1.015,-0.0254,-0.1371,40.702774,-74.01209,-0.21106,-0.02604,0.00022,-0.7452285,0.53280133,1490309526440
388,-1.0350834,-0.025316712,-0.13933325,40.702774,-74.01209,-0.20176664,-0.041446876,0.01365343,-0.71319884,0.52541244,1490309526506
389,-1.0201664,-0.022533301,-0.13855001,40.702774,-74.01209,-0.18959337,-0.016659936,0.0127999205,-0.68116915,0.5180236,1490309526573
390,-0.97445,0.01425,-0.1449,40.702774,-74.01209,-0.17568,0.012,0.00728,-0.6491394,0.5106347,1490309526640
391,-0.9576835,0.022099975,-0.14954999,40.702774,-74.01209,-0.15404668,0.011839826,-0.004680017,-0.6171098,0.5032459,1490309526706
392,-0.9669167,0.0165333,-0.14334996,40.702774,-74.01209,-0.15622671,0.018173493,0.0040333006,-0.58508015,0.495857,1490309526773
393,-0.99445,0.0002,-0.138,40.702774,-74.01209,-0.1484,-0.00114,0.01116,-0.5530504,0.48846817,1490309526840
394,-0.9891334,0.005766589,-0.13613333,40.702774,-74.01209,-0.13247162,0.01991493,0.010573335,-0.52102065,0.48107928,1490309526906
395,-0.98036665,0.0028999634,-0.15276666,40.702774,-74.01209,-0.11241833,0.017195148,0.011109973,-0.48899105,0.47369042,1490309526973
396,-0.974,0.027,-0.1588,40.702774,-74.01209,-0.10942,0.013225,0.01287,-0.4677522,0.46402475,1490309527040
397,-0.9711668,0.03550006,-0.15290004,40.702774,-74.01209,-0.10196841,0.011923298,-0.0032250062,-0.4532686,0.45293376,1490309527106
398,-0.97310007,0.047899965,-0.16953333,40.702774,-74.01209,-0.11277841,0.03389522,-0.005998358,-0.43878502,0.4418428,1490309527173
399,-0.9445,0.0283,-0.1709,40.702774,-74.01209,-0.092785,0.038725,-0.019175,-0.42430142,0.4307518,1490309527240
400,-0.9524332,-0.0034333374,-0.17733337,40.702774,-74.01209,-0.08449837,0.029401805,-0.014366772,-0.40981784,0.4196608,1490309527306
401,-0.9609002,-0.01493335,-0.1805666,40.702774,-74.01209,-0.07154999,0.011551654,-0.0018083069,-0.39533424,0.40856987,1490309527373
402,-0.9587,-0.0282,-0.1876,40.702774,-74.01209,-0.065995,0.00972,0.012415,-0.38085067,0.39747888,1490309527440
403,-0.98959976,-0.014833313,-0.19330001,40.702774,-74.01209,-0.06471834,0.00035186645,0.02603496,-0.36636704,0.38638788,1490309527506
404,-1.0046334,0.0034332885,-0.18906665,40.702774,-74.01209,-0.055349987,-0.0075585633,0.034761723,-0.3518835,0.3752969,1490309527573
405,-1.0298,0.02215,-0.18845,40.702774,-74.01209,-0.04545,-0.0212,0.03158,-0.3373999,0.3642059,1490309527640
406,-1.0074667,0.019849988,-0.19661666,40.702774,-74.01209,-0.039439972,-0.01630339,0.019400049,-0.32291627,0.3531149,1490309527706
407,-1.0035166,0.008983362,-0.19956668,40.702774,-74.01209,-0.040903345,-0.029366467,0.01576328,-0.30843273,0.34202397,1490309527773
408,-1.0089,-0.0064,-0.1896,40.702774,-74.01209,-0.04055,-0.02163,0.01205,-0.29394913,0.33093297,1490309527840
409,-1.0044168,-0.011450036,-0.18109992,40.702774,-74.01209,-0.029683283,-0.022146836,0.020983392,-0.2794655,0.31984195,1490309527906
410,-1.0114331,0.0015666748,-0.15925007,40.702774,-74.01209,-0.026273355,-0.015319782,0.021599963,-0.26498196,0.30875102,1490309527973
411,-0.979,0.02015,-0.1532,40.702774,-74.01209,-0.02197,0.00199,0.01628,-0.2602988,0.30640185,1490309528040
412,-0.96485025,0.031849988,-0.14438334,40.702774,-74.01209,-0.025690025,0.011036532,0.009963334,-0.26175085,0.30952525,1490309528106
413,-0.9634167,0.03801664,-0.11985001,40.702774,-74.01209,-0.028649945,0.025856575,0.00822341,-0.2632029,0.31264862,1490309528173
414,-0.9634,0.0469,-0.09385,40.702774,-74.01209,-0.02589,0.01122,0.00963,-0.264655,0.315772,1490309528240
415,-0.9794999,0.029083313,-0.09215001,40.702774,-74.01209,-0.019330032,0.0042868312,0.0028265698,-0.26610705,0.3188954,1490309528306
416,-0.9773336,0.013333313,-0.0976666,40.702774,-74.01209,-0.011274975,0.0044998047,0.0036417078,-0.2675591,0.32201877,1490309528373
417,-0.994,0.01,-0.099,40.702774,-74.01209,-0.0081,-0.0045,0.0163,-0.2690112,0.32514215,1490309528440
418,-1.0199997,0.023000024,-0.09900002,40.702774,-74.01209,-0.011666641,-0.01914151,0.021833315,-0.27046326,0.32826555,1490309528506
419,-1.0309999,0.028000036,-0.096000046,40.702774,-74.01209,-0.014341718,-0.051324796,0.025133258,-0.27191532,0.33138892,1490309528573
420,-1.036,0.029,-0.092,40.702774,-74.01209,-0.018075,-0.025875,0.01225,-0.27336738,0.3345123,1490309528640
421,-0.99333364,0.02666665,-0.10599994,40.702774,-74.01209,-0.018624945,-0.005033628,0.002433423,-0.27481943,0.3376357,1490309528706
422,-0.9696665,0.022999987,-0.1133333,40.702774,-74.01209,-0.020491632,0.024741732,-0.0068166577,-0.2762715,0.34075907,1490309528773
423,-0.943,0.026,-0.116,40.702774,-74.01209,-0.019625,0.03485,-0.005425,-0.27772358,0.34388247,1490309528840
424,-0.96033317,0.009666699,-0.11200005,40.702774,-74.01209,-0.018416727,0.022758558,0.0031499194,-0.27917564,0.34700587,1490309528906
425,-0.9800004,0.008333325,-0.11599994,40.702774,-74.01209,-0.008833335,0.004174735,0.013125084,-0.2806277,0.35012922,1490309528973
426,-1.027,0.011,-0.121,40.702774,-74.01209,-0.0017,-0.0298,0.02545,-0.2864253,0.35868633,1490309529040
427,-1.0416031,0.017317465,-0.13341267,40.702774,-74.01209,-0.0051888325,-0.04334453,0.029522266,-0.29494333,0.37064496,1490309529106
428,-1.0250996,0.021600049,-0.1421334,40.702774,-74.01209,-0.011446708,-0.034279678,0.02153321,-0.30346125,0.3826036,1490309529173
429,-0.98645,0.01525,-0.15215,40.702774,-74.01209,-0.01506,0.00208,0.0062,-0.31197926,0.39456224,1490309529240
430,-0.95068365,0.017416688,-0.15658331,40.702774,-74.01209,-0.01629335,0.02405315,0.0033333558,-0.32049727,0.4065209,1490309529306
431,-0.9424835,0.016466651,-0.15516663,40.702774,-74.01209,-0.0077266125,0.04545306,-0.0035398975,-0.32901523,0.4184795,1490309529373
432,-0.95455,0.01455,-0.15045,40.702774,-74.01209,0.00302,0.01112,0.0126,-0.33753324,0.4304382,1490309529440
433,-1.0057997,0.010983362,-0.14938341,40.702774,-74.01209,0.01024663,-0.02071968,0.025053218,-0.34605122,0.44239688,1490309529506
434,-1.0306501,0.009300024,-0.14638333,40.702774,-74.01209,0.012253274,-0.048206646,0.031939946,-0.35456917,0.45435548,1490309529573
435,-1.051,0.0181,-0.14495,40.702774,-74.01209,0.00572,-0.04854,0.02988,-0.36308715,0.46631408,1490309529640
436,-1.0018337,0.021316614,-0.1594666,40.702774,-74.01209,0.0038667298,-0.019020308,0.017033441,-0.37160516,0.47827277,1490309529706
437,-0.9687163,0.016683362,-0.159,40.702774,-74.01209,0.0022933423,0.011960169,0.0030532985,-0.3801231,0.49023136,1490309529773
438,-0.93215,0.01875,-0.163,40.702774,-74.01209,0.001,0.03954,-0.00166,-0.38864112,0.50219005,1490309529840
439,-0.9536999,0.010333374,-0.15126672,40.702774,-74.01209,0.009661591,0.021096887,0.007434906,-0.3971591,0.5141487,1490309529906
440,-0.9937337,0.013833313,-0.1425333,40.702774,-74.01209,0.01774667,-0.0110919615,0.021295084,-0.40567705,0.5261073,1490309529973
441,-1.0437,0.014,-0.127,40.702774,-74.01209,0.02261,-0.055745,0.033285,-0.4037011,0.5238914,1490309530040
442,-1.0455999,0.023766663,-0.099966615,40.702774,-74.01209,0.01675838,-0.046813477,0.028143397,-0.39515573,0.5128019,1490309530106
443,-1.0138329,0.02873335,-0.0809334,40.702774,-74.01209,0.008916638,-0.02493468,0.01699656,-0.3866104,0.5017124,1490309530173
444,-0.9575,0.031,-0.0915,40.702774,-74.01209,0.00131,0.026705,-0.00106,-0.37806502,0.4906229,1490309530240
445,-0.92986685,0.018466676,-0.10910004,40.702774,-74.01209,0.008624957,0.0374,-0.0025583557,-0.36951965,0.4795334,1490309530306
446,-0.958567,0.0185333,-0.11446658,40.702774,-74.01209,0.01595505,0.025291303,0.0058301296,-0.3609743,0.46844393,1490309530373
447,-1.0117,0.0181,-0.1129,40.702774,-74.01209,0.01917,-0.029335,0.025075,-0.35242894,0.45735443,1490309530440
448,-1.0525998,0.020533325,-0.10159998,40.702774,-74.01209,0.01837171,-0.05243493,0.030101653,-0.34388357,0.44626492,1490309530506
449,-1.0310997,0.023466699,-0.09523341,40.702774,-74.01209,0.014639936,-0.05014967,0.026841559,-0.33533823,0.43517548,1490309530573
450,-0.9889,0.0226,-0.0986,40.702774,-74.01209,0.00764,-0.00151,0.00836,-0.32679284,0.42408594,1490309530640
451,-0.94468373,0.022816662,-0.11,40.702774,-74.01209,0.0069833193,0.027676415,0.0016200659,-0.31824747,0.4129964,1490309530706
452,-0.9497667,0.024749938,-0.11823328,40.702774,-74.01209,0.00781673,0.039119788,0.0012234314,-0.30970216,0.40190697,1490309530773
453,-0.95915,0.0227,-0.11705,40.702774,-74.01209,0.01713,0.02106,0.01034,-0.30115676,0.39081746,1490309530840
454,-1.011933,0.021366674,-0.09548341,40.702774,-74.01209,0.020379959,-0.019246329,0.023316547,-0.2926114,0.379728,1490309530906
455,-1.0316502,0.019033326,-0.08954999,40.702774,-74.01209,0.021329975,-0.04670335,0.029416645,-0.28406605,0.3686385,1490309530973
456,-1.04735,0.01595,-0.0898,40.702774,-74.01209,0.01671,-0.05528,0.03048,-0.27764356,0.34609115,1490309531040
457,-1.0177002,0.024433276,-0.106616616,40.702774,-74.01209,0.012923427,-0.02587694,0.018836783,-0.2725501,0.31637096,1490309531106
458,-0.98353297,0.024966674,-0.11380005,40.702774,-74.01209,0.0053033386,0.0027236023,0.0070199342,-0.26745662,0.2866509,1490309531173
459,-0.9476,0.0236,-0.1204,40.702774,-74.01209,0.00658,0.03889,-0.00333,-0.26236314,0.25693074,1490309531240
460,-0.94476676,0.023183336,-0.11073335,40.702774,-74.01209,0.010003299,0.025426714,0.002919956,-0.25726965,0.22721054,1490309531306
461,-0.9720003,0.020466601,-0.09899994,40.702774,-74.01209,0.012598409,0.015073013,0.010131784,-0.25217617,0.19749045,1490309531373
462,-0.997,0.0212,-0.0962,40.702774,-74.01209,0.025015,-0.01654,0.02691,-0.24708268,0.1677703,1490309531440
463,-1.0381997,0.014666687,-0.094000064,40.702774,-74.01209,0.022708356,-0.04013308,0.028494943,-0.2419892,0.13805011,1490309531506
464,-1.0367334,0.019333374,-0.10413335,40.702774,-74.01209,0.018398287,-0.048436508,0.029106582,-0.23689571,0.10833004,1490309531573
465,-1.0356,0.0252,-0.105,40.702774,-74.01209,0.011825,-0.042595,0.02345,-0.2318022,0.07860987,1490309531640
466,-1.000067,0.02346665,-0.11113328,40.702774,-74.01209,0.0077467384,-0.014245321,0.011346787,-0.22670873,0.048889678,1490309531706
467,-0.97286636,0.026200086,-0.10446672,40.702774,-74.01209,0.006349988,0.01272185,0.0045116222,-0.22161524,0.019169606,1490309531773
468,-0.9482,0.0254,-0.1136,40.702774,-74.01209,0.002405,0.039075,-0.00441,-0.21652177,-0.01055057,1490309531840
469,-0.9456668,0.019866724,-0.11166669,40.702774,-74.01209,0.010914928,0.025336698,0.006518275,-0.21142825,-0.04027075,1490309531906
470,-0.97360027,0.024533337,-0.10553328,40.702774,-74.01209,0.015683362,0.017674701,0.009340103,-0.20633478,-0.069990814,1490309531973
471,-0.9892,0.0252,-0.1062,40.702774,-74.01209,0.02014,-0.01077,0.021745,-0.20208852,-0.08052254,1490309532040
472,-1.0272497,0.015000049,-0.0923334,40.702774,-74.01209,0.022799961,-0.03399974,0.029166581,-0.19837263,-0.07904194,1490309532106
473,-1.0294168,0.017166674,-0.09716667,40.702774,-74.01209,0.022533266,-0.040066663,0.026366612,-0.19465674,-0.077561334,1490309532173
474,-1.0325,0.018,-0.1015,40.702774,-74.01209,0.0154,-0.0522,0.0273,-0.19094086,-0.07608073,1490309532240
475,-1.0220001,0.026166625,-0.10658327,40.702774,-74.01209,0.012400076,-0.030866783,0.01716677,-0.18722498,-0.07460013,1490309532306
476,-0.99391633,0.024166675,-0.111000046,40.702774,-74.01209,0.008233296,-0.014533069,0.012399911,-0.1835091,-0.07311953,1490309532373
477,-0.98425,0.02425,-0.1105,40.702774,-74.01209,0.0041,0.0075,0.0032,-0.17979321,-0.07163893,1490309532440
478,-0.95916694,0.026916614,-0.114166625,40.702774,-74.01209,0.0051666917,0.016066406,0.001833396,-0.1760773,-0.070158325,1490309532506
479,-0.9592499,0.020249939,-0.10758329,40.702774,-74.01209,0.007633401,0.022466654,0.0029334081,-0.17236143,-0.06867772,1490309532573
480,-0.95625,0.0235,-0.10975,40.702774,-74.01209,0.0104,0.0332,0.0043,-0.16864553,-0.06719712,1490309532640
481,-0.9689166,0.027416639,-0.10875004,40.702774,-74.01209,0.014533296,0.011166814,0.013466578,-0.16492966,-0.06571652,1490309532706
482,-0.9935836,0.023916638,-0.098499924,40.702774,-74.01209,0.016233392,0.0029997486,0.017400093,-0.16121377,-0.06423592,1490309532773
483,-0.9985,0.0185,-0.09975,40.702774,-74.01209,0.026,-0.0179,0.0263,-0.15749788,-0.06275532,1490309532840
484,-1.0236998,0.015400049,-0.09356674,40.702774,-74.01209,0.020849988,-0.033368096,0.025859946,-0.153782,-0.06127471,1490309532906
485,-1.0254668,0.017700037,-0.09690001,40.702774,-74.01209,0.020046616,-0.032386683,0.026934939,-0.15006611,-0.059794113,1490309532973
486,-1.0341,0.0182,-0.1022,40.702774,-74.01209,0.01678,-0.051105,0.02718,-0.1536228,-0.04204443,1490309533040
487,-1.0195668,0.015333374,-0.09669996,40.702774,-74.01209,0.0113083925,-0.021570174,0.016793419,-0.16173229,-0.01411001,1490309533106
488,-0.9898664,0.029700037,-0.098300084,40.702774,-74.01209,0.008029954,-0.01257806,0.01088324,-0.16984172,0.013824314,1490309533173
489,-0.9763,0.0294,-0.091,40.702774,-74.01209,0.002565,0.008475,0.000375,-0.17795119,0.041758735,1490309533240
490,-0.95626694,0.027799975,-0.08449994,40.702774,-74.01209,0.0039533153,0.021818155,0.003081698,-0.18606067,0.069693156,1490309533306
491,-0.9676666,0.02353335,-0.07946665,40.702774,-74.01209,0.00653506,0.017661594,0.0059983875,-0.19417012,0.097627476,1490309533373
492,-0.9711,0.0263,-0.0722,40.702774,-74.01209,0.005675,0.02194,0.00949,-0.20227958,0.12556192,1490309533440
493,-0.97449994,0.026333375,-0.07013335,40.702774,-74.01209,0.010574945,0.002956814,0.01640159,-0.21038905,0.15349634,1490309533506
494,-0.9975336,0.028566638,-0.06756664,40.702774,-74.01209,0.01005502,-0.006785243,0.018930076,-0.21849848,0.18143064,1490309533573
495,-1.013,0.0261,-0.0653,40.702774,-74.01209,0.01269,-0.02668,0.02556,-0.22660795,0.20936507,1490309533640
496,-1.0404335,0.022149963,-0.06323328,40.702774,-74.01209,0.0101,-0.03812979,0.025379969,-0.23471744,0.23729949,1490309533706
497,-1.0284667,0.019633325,-0.07205001,40.702774,-74.01209,0.008259954,-0.034756593,0.021956617,-0.24282688,0.2652338,1490309533773
498,-1.01895,0.02115,-0.0825,40.702774,-74.01209,0.00137,-0.03245,0.02018,-0.25093636,0.29316825,1490309533840
499,-1.0040002,0.025033325,-0.09893335,40.702774,-74.01209,-0.0022966126,-0.015240174,0.011410089,-0.2590458,0.32110268,1490309533906
500,-0.9841664,0.025783362,-0.10656673,40.702774,-74.01209,-0.0035100207,-0.0025031164,0.00612328,-0.26715526,0.34903696,1490309533973
501,-0.979,0.0284,-0.11295,40.702774,-74.01209,-0.00389,0.01344,0.00255,-0.2682328,0.35722494,1490309534040
502,-0.95834994,0.023900025,-0.12285004,40.702774,-74.01209,-0.0017099915,0.017089814,0.001596698,-0.26490822,0.3530513,1490309534106
503,-0.9604999,0.022683337,-0.13321663,40.702774,-74.01209,-0.0021266162,0.019580044,0.0055233776,-0.26158363,0.34887764,1490309534173
504,-0.96245,0.0185,-0.13645,40.702774,-74.01209,0.00234,0.02477,0.00251,-0.25825906,0.34470397,1490309534240
505,-0.9590664,0.01793335,-0.14770007,40.702774,-74.01209,0.0057166074,0.011660034,0.012529938,-0.2549345,0.3405303,1490309534306
506,-0.98853356,0.019333312,-0.13993329,40.702774,-74.01209,0.009446704,0.001554779,0.016885089,-0.25160992,0.33635664,1490309534373
507,-0.9966,0.0182,-0.1388,40.702774,-74.01209,0.013285,-0.01673,0.021755,-0.24828534,0.33218297,1490309534440
508,-1.0220667,0.014133325,-0.12666662,40.702774,-74.01209,0.016381642,-0.036441438,0.026273262,-0.24496076,0.3280093,1490309534506
509,-1.0280001,0.015533325,-0.12920001,40.702774,-74.01209,0.015536633,-0.037248332,0.025279956,-0.24163619,0.32383567,1490309534573
510,-1.0248,0.02,-0.1356,40.702774,-74.01209,0.00979,-0.04594,0.02669,-0.23831159,0.31966197,1490309534640
511,-1.0088003,0.014399976,-0.13233331,40.702774,-74.01209,0.012561685,-0.014715186,0.006470115,-0.23498702,0.3154883,1490309534706
512,-0.971533,0.025066711,-0.14766675,40.702774,-74.01209,0.0015566284,0.009116931,0.007623279,-0.23166245,0.31131464,1490309534773
513,-0.9604,0.0208,-0.129,40.702774,-74.01209,0.009275,0.024795,-0.000135,-0.22833788,0.30714098,1490309534840
514,-0.9474664,0.02920005,-0.103866674,40.702774,-74.01209,0.008428312,0.025746597,0.0038966576,-0.22501329,0.3029673,1490309534906
515,-0.9714002,0.022599977,-0.07699994,40.702774,-74.01209,0.016955072,0.0071197264,0.010128437,-0.22168872,0.29879367,1490309534973
516,-0.9972,0.02,-0.0872,40.702774,-74.01209,0.019465,-0.011325,0.021595,-0.23164363,0.31233528,1490309535040
517,-1.0344834,0.017116662,-0.10276668,40.702774,-74.01209,0.023279984,-0.043713078,0.029319925,-0.24991177,0.336967,1490309535106
518,-1.0379667,0.019216662,-0.115350015,40.702774,-74.01209,0.014979948,-0.040859923,0.025759947,-0.26817983,0.36159864,1490309535173
519,-1.0203,0.0195,-0.1138,40.702774,-74.01209,0.01482,-0.03274,0.02204,-0.28644797,0.38623035,1490309535240
520,-0.9948836,0.025699975,-0.10416663,40.702774,-74.01209,0.0060200584,-0.002646909,0.0090534445,-0.3047161,0.4108621,1490309535306
521,-0.96438307,0.030350013,-0.07883337,40.702774,-74.01209,0.0077199964,0.009613586,0.006626609,-0.32298416,0.43549374,1490309535373
522,-0.9708,0.03235,-0.0621,40.702774,-74.01209,0.00508,0.01708,0.00492,-0.34125233,0.46012545,1490309535440
523,-0.96278316,0.030300025,-0.059066698,40.702774,-74.01209,0.0048333253,0.018413242,0.0050199917,-0.35952044,0.4847572,1490309535506
524,-0.97775006,0.026299976,-0.059166625,40.702774,-74.01209,0.007980047,0.006559879,0.013486738,-0.37778848,0.5093888,1490309535573
525,-0.98565,0.0282,-0.0513,40.702774,-74.01209,0.01408,0.0082,0.01518,-0.39605662,0.53402054,1490309535640
526,-0.99506646,0.028233325,-0.058,40.702774,-74.01209,0.009199976,-0.0069331606,0.023959907,-0.41432476,0.5586523,1490309535706
527,-1.0147836,0.025433324,-0.054033276,40.702774,-74.01209,0.012366675,-0.020200195,0.020946702,-0.43259284,0.5832839,1490309535773
528,-1.0189,0.0301,-0.0672,40.702774,-74.01209,0.00424,-0.02548,0.0267,-0.450861,0.60791564,1490309535840
529,-1.0188334,0.01166665,-0.050333276,40.702774,-74.01209,0.017433316,-0.033558156,0.016575,-0.46912912,0.6325474,1490309535906
530,-1.0306668,0.02933335,-0.07200003,40.702774,-74.01209,-0.0062417346,-0.029366724,0.02322496,-0.48739716,0.657179,1490309535973
531,-1.0185,0.0175,-0.0595,40.702713,-74.01223,0.008975,-0.038375,0.016425,-0.49529436,0.6685704,1490309536040
532,-1.014167,0.03,-0.08733332,40.702713,-74.01223,-0.008516599,-0.024850016,0.016175067,-0.49669915,0.67167306,1490309536106
533,-1.0029999,0.0216667,-0.08183341,40.702713,-74.01223,0.00029159058,-0.012266567,0.010608248,-0.49810392,0.67477566,1490309536173
534,-1.0015,0.0165,-0.0885,40.702713,-74.01223,-0.000575,-0.018125,0.012325,-0.49950868,0.6778784,1490309536240
535,-1.0150002,0.016999975,-0.091666654,40.702713,-74.01223,-0.005033257,-0.020641688,0.012891725,-0.5009135,0.6809811,1490309536306
536,-1.0038332,0.019499987,-0.09733335,40.702713,-74.01223,-0.0033000195,-0.016124852,0.010399907,-0.50231826,0.68408376,1490309536373
537,-0.996,0.018,-0.104,40.702713,-74.01223,0.0065,-0.0178,0.007675,-0.503723,0.6871864,1490309536440
538,-0.99666685,0.025666699,-0.11600003,40.702713,-74.01223,-0.0050415955,-0.0142084025,0.008208427,-0.50512785,0.69028914,1490309536506
539,-0.98934907,0.021301653,-0.11566675,40.702713,-74.01223,0.009499927,-0.010068093,0.008290416,-0.50653255,0.69339174,1490309536573
540,-0.99365,0.02265,-0.11895,40.702713,-74.01223,0.00389,-0.0122,0.01069,-0.5079373,0.6964944,1490309536640
541,-0.9902502,0.022083312,-0.116783336,40.702713,-74.01223,0.0036833924,-0.0003101599,-0.00017324463,-0.50934213,0.6995971,1490309536706
542,-0.97011644,0.0220667,-0.12425006,40.702713,-74.01223,0.0071799657,0.001526875,0.005803292,-0.5107469,0.7026998,1490309536773
543,-0.9775,0.01755,-0.11225,40.702713,-74.01223,0.01075,0.00233,0.00638,-0.5121517,0.7058025,1490309536840
544,-0.98275006,0.031483363,-0.12008331,40.702713,-74.01223,0.0033300647,0.010309818,0.0120433755,-0.5135565,0.70890516,1490309536906
545,-0.9541831,0.018233325,-0.10246665,40.702713,-74.01223,0.018973382,0.017376771,0.0051033166,-0.51496124,0.7120078,1490309536973
546,-0.96715,0.03375,-0.1156,40.70271,-74.01224,0.00746,0.02446,0.01398,-0.5135012,0.7100948,1490309537040
547,-0.96673304,0.017483361,-0.099750064,40.70271,-74.01224,0.033133253,0.014316705,0.008793283,-0.51024777,0.705042,1490309537106
548,-1.0011836,0.025049964,-0.09998327,40.70271,-74.01224,0.024930045,-0.0096169,0.023523448,-0.50699425,0.6999891,1490309537173
549,-1.02355,0.013,-0.09135,40.70271,-74.01224,0.03455,-0.03091,0.02326,-0.5037408,0.6949363,1490309537240
550,-1.0399835,0.014033277,-0.10133325,40.70271,-74.01224,0.029176677,-0.052279767,0.03469995,-0.5004874,0.6898835,1490309537306
551,-1.0268,0.016466638,-0.109399974,40.70271,-74.01224,0.022378288,-0.025323225,0.022054916,-0.4972339,0.6848306,1490309537373
552,-0.9882,0.0296,-0.1336,40.70271,-74.01224,0.012545,-0.00915,0.01595,-0.49398047,0.67977774,1490309537440
553,-0.9675335,0.036200013,-0.14346668,40.70271,-74.01224,0.0052582948,0.021561626,0.0042749816,-0.490727,0.67472494,1490309537506
554,-0.94059974,0.03173335,-0.1474667,40.70271,-74.01224,0.010555013,0.028261771,0.0013933154,-0.48747355,0.669672,1490309537573
555,-0.9604,0.0236,-0.1416,40.70271,-74.01224,0.01529,0.024935,0.00453,-0.48422003,0.6646192,1490309537640
556,-0.96686625,0.020400025,-0.14073339,40.70271,-74.01224,0.024354963,0.014875299,0.010448248,-0.4809666,0.6595663,1490309537706
557,-1.0037336,0.021533301,-0.13193327,40.70271,-74.01224,0.024870042,-0.02181532,0.022788437,-0.4777131,0.6545135,1490309537773
558,-1.0202,0.0198,-0.1286,40.70271,-74.01224,0.024145,-0.034395,0.02675,-0.47445968,0.6494606,1490309537840
559,-1.0292668,0.019866638,-0.13099994,40.70271,-74.01224,0.023640063,-0.04909522,0.030315094,-0.4712062,0.64440775,1490309537906
560,-1.0406667,0.022466699,-0.1344667,40.70271,-74.01224,0.017091608,-0.039396584,0.020624934,-0.46795273,0.63935494,1490309537973
561,-0.9988,0.022,-0.1438,40.70271,-74.01224,0.013315,-0.017715,0.014545,-0.46359122,0.6021337,1490309538040
562,-0.9736336,0.027,-0.1455333,40.70271,-74.01224,0.0075133205,0.0121999085,0.00518668,-0.45853597,0.5447745,1490309538106
563,-0.93941635,0.0318667,-0.14376673,40.70271,-74.01224,0.0041666506,0.027926892,0.0017799378,-0.45348075,0.48741534,1490309538173
564,-0.94955,0.03,-0.14005,40.70271,-74.01224,0.00724,0.02464,0.00326,-0.4484255,0.4300561,1490309538240
565,-0.9599163,0.026833374,-0.13198341,40.70271,-74.01224,0.015446621,0.02822697,0.0063665467,-0.44337028,0.37269688,1490309538306
566,-0.9910169,0.01719995,-0.12914996,40.70271,-74.01224,0.019546716,-0.009166931,0.02026679,-0.43831503,0.3153378,1490309538373
567,-1.02065,0.0203,-0.12345,40.70271,-74.01224,0.02092,-0.03056,0.02498,-0.43325981,0.25797856,1490309538440
568,-1.0389334,0.019583313,-0.10101659,40.70271,-74.01224,0.022546744,-0.058140155,0.032600086,-0.4282046,0.20061928,1490309538506
569,-1.0474668,0.015083313,-0.08693335,40.70271,-74.01224,0.01592661,-0.043986645,0.024833288,-0.42314935,0.14326026,1490309538573
570,-1.00865,0.0242,-0.08725,40.70271,-74.01224,0.0141,-0.02298,0.0171,-0.4180941,0.08590099,1490309538640
571,-0.989617,0.027949987,-0.102949984,40.70271,-74.01224,0.0061333375,-0.005366858,0.006086698,-0.4130389,0.028541729,1490309538706
572,-0.956433,0.028816711,-0.12675007,40.70271,-74.01224,0.0039199707,0.02280697,0.0029532532,-0.40798366,-0.02881731,1490309538773
573,-0.9599,0.0237,-0.1233,40.70271,-74.01224,0.0068,0.020785714,0.003357143,-0.4029284,-0.08617659,1490309538840
574,-0.9614998,0.021800024,-0.113066696,40.70271,-74.01224,0.0069199367,0.02821858,0.0047065723,-0.3978732,-0.14353582,1490309538906
575,-0.9560004,0.02286665,-0.09649994,40.70271,-74.01224,0.018926743,0.011569905,0.01244841,-0.39281797,-0.20089486,1490309538973
576,-0.988,0.0227,-0.0922,40.70271,-74.012245,0.017585,-0.004155,0.018445,-0.3883788,-0.22155613,1490309539040
577,-1.0054665,0.020633338,-0.103133395,40.70271,-74.012245,0.022321682,-0.02064487,0.0252,-0.38432533,-0.21924376,1490309539106
578,-1.0423332,0.021,-0.10043339,40.70271,-74.012245,0.021743333,-0.035825286,0.028623391,-0.38027185,-0.21693139,1490309539173
579,-1.0321,0.0176,-0.1074,40.70271,-74.012245,0.02109,-0.036485,0.026355,-0.37621838,-0.21461903,1490309539240
580,-1.0237001,0.0189333,-0.0998666,40.70271,-74.012245,0.019530077,-0.0432919,0.026275115,-0.3721649,-0.21230666,1490309539306
581,-1.0263997,0.022166686,-0.09550006,40.70271,-74.012245,0.008723245,-0.031074958,0.017766576,-0.3681114,-0.20999429,1490309539373
582,-1.0012,0.0264,-0.104,40.70271,-74.012245,0.00837,-0.020905,0.01386,-0.36405793,-0.20768192,1490309539440
583,-0.99513364,0.027833313,-0.109299965,40.70271,-74.012245,0.0035899829,-0.006570217,0.0037583557,-0.36000443,-0.20536956,1490309539506
584,-0.9664999,0.027966663,-0.12256661,40.70271,-74.012245,0.0019816125,0.009961939,-0.00025676514,-0.35595095,-0.2030572,1490309539573
585,-0.953,0.0265,-0.11725,40.70271,-74.012245,0.0052,0.0134,0.0032,-0.35189745,-0.20074482,1490309539640
586,-0.95775,0.027583387,-0.11141671,40.70271,-74.012245,0.0057332446,0.02705012,0.0008998975,-0.34784397,-0.19843246,1490309539706
587,-0.943167,0.027749987,-0.10941659,40.70271,-74.012245,0.013566744,0.029083434,0.006150035,-0.34379047,-0.1961201,1490309539773
588,-0.96325,0.0265,-0.1085,40.70271,-74.012245,0.01675,0.01455,0.0099,-0.33973703,-0.19380774,1490309539840
589,-0.9767497,0.024416711,-0.10550007,40.70271,-74.012245,0.015183265,0.01558358,0.014666572,-0.33568352,-0.19149536,1490309539906
590,-0.9830836,0.019083338,-0.104583316,40.70271,-74.012245,0.022366755,-0.00548348,0.021000102,-0.33163005,-0.18918298,1490309539973
591,-1.001,0.01725,-0.09925,40.70271,-74.012245,0.0213,-0.01,0.02135,-0.33006945,-0.18829273,1490309540040
592,-1.0059165,0.018666651,-0.09716667,40.70271,-74.012245,0.023533393,-0.020266557,0.026650019,-0.33006945,-0.18829273,1490309540106
593,-1.0296665,0.021083338,-0.0903334,40.70271,-74.012245,0.021550003,-0.031333555,0.02841672,-0.33006945,-0.18829271,1490309540173
594,-1.025,0.018,-0.09875,40.70271,-74.012245,0.02235,-0.03185,0.02525,-0.33006942,-0.18829273,1490309540240
595,-1.0236667,0.019583289,-0.10349993,40.70271,-74.012245,0.020166755,-0.040766813,0.027050115,-0.33006948,-0.18829273,1490309540306
596,-1.0347997,0.020666687,-0.10540007,40.70271,-74.012245,0.01150992,-0.04340005,0.020513266,-0.33006945,-0.18829273,1490309540373
597,-1.011,0.0256,-0.1098,40.70271,-74.012245,0.008325,-0.026085,0.01322,-0.33006948,-0.18829273,1490309540440
598,-1.001867,0.025266638,-0.10893326,40.70271,-74.012245,0.0071950206,-0.02073029,0.009408404,-0.33006945,-0.18829274,1490309540506
599,-0.9836664,0.029266674,-0.110133335,40.70271,-74.012245,-0.0005684216,-4.307373e-05,0.0004098706,-0.33006945,-0.18829273,1490309540573
600,-0.9594,0.026,-0.1164,40.70271,-74.012245,0.0051,0.00727,0.00209,-0.33006945,-0.18829273,1490309540640
