,timestamp,speed_x,speed_y,linear_speed,course,steer,steer_angle
0,1542537821270,0.17205213,1.8977727999999998,1.905556,5.180275,0.0,0.0
1,1542537821303,0.17205213,1.8977727999999998,1.905556,5.180275,0.0,0.0
2,1542537821336,0.17205213,1.8977727999999998,1.905556,5.180275,0.0,0.0
3,1542537821370,0.17205213,1.8977727999999998,1.905556,5.180275,0.0,0.0
4,1542537821403,0.17205213,1.8977727999999998,1.905556,5.180275,0.0,0.0
5,1542537821436,0.17205213,1.8977727999999998,1.905556,5.180275,0.0,0.0
6,1542537821470,0.17205213,1.8977727999999998,1.905556,5.180275,0.0,0.0
7,1542537821503,0.17205213,1.8977727999999998,1.905556,5.180275,0.0,0.0
8,1542537821536,0.17205213,1.8977727999999998,1.905556,5.180275,0.0,0.0
9,1542537821570,0.17205213,1.8977727999999998,1.905556,5.180275,0.0,0.0
10,1542537821603,0.17205213,1.8977727999999998,1.905556,5.180275,0.0,0.0
11,1542537821636,0.17205213,1.8977727999999998,1.905556,5.180275,0.0,0.0
12,1542537821670,0.17205213,1.8977727999999998,1.905556,5.180275,0.0,0.0
13,1542537821703,0.17205213,1.8977727999999998,1.905556,5.180275,0.0,0.0
14,1542537821736,0.17205213,1.8977727999999998,1.905556,5.180275,0.0,0.0
15,1542537821770,0.17205213,1.8977727999999998,1.905556,5.180275,0.0,0.0
16,1542537821803,0.17205213,1.8977727999999998,1.905556,5.180275,0.0,0.0038662359057253237
17,1542537821836,0.17205213,1.8977727999999998,1.905556,5.180275,0.0,0.009930968822408279
18,1542537821870,0.17205213,1.8977727999999998,1.905556,5.180275,0.0,0.01599569824843275
19,1542537821903,0.17205213,1.8977727999999998,1.905556,5.180275,0.0,0.022060476543676266
20,1542537821936,0.17205213,1.8977727999999998,1.905556,5.180275,0.0,0.02812521295101772
21,1542537821970,0.17205213,1.8977727999999998,1.905556,5.180275,0.0,0.0341899528490177
22,1542537822003,0.17205213,1.8977727999999998,1.905556,5.180275,5.0,0.04025472765360272
23,1542537822036,0.17205213,1.8977727999999998,1.905556,5.180275,5.0,0.046319460570285687
24,1542537822070,0.17205213,1.8977727999999998,1.905556,5.180275,5.0,0.05238418999631017
25,1542537822103,0.17205213,1.8977727999999998,1.905556,5.180275,5.0,0.05844898225418771
26,1542537822136,0.17901132,1.8954563999999998,1.9038907999999999,5.401794000000001,5.0,0.06064746879316982
27,1542537822170,0.18992779,1.8918228,1.9013327000000002,5.7492776,5.0,0.06064747577448683
28,1542537822203,0.20084426,1.8881893,1.8988411,6.096761,5.0,0.060647538606339924
29,1542537822236,0.21176079999999997,1.8845557000000002,1.8964158,6.4442472,5.0,0.06064748275580384
30,1542537822270,0.22267726,1.8809221,1.8940573,6.7917309999999995,5.0,0.06064748624646235
31,1542537822303,0.23359375,1.8772886000000002,1.891766,7.139214999999999,5.0,0.060647521153047404
32,1542537822336,0.2445103,1.8736549999999998,1.8895418999999998,7.486700999999999,5.0,0.06064748624646238
33,1542537822370,0.25542676,1.8700215,1.8873852,7.834184599999999,5.0,0.060647493227779375
34,1542537822403,0.26634324,1.8663878,1.8852963,8.181668,5.0,0.06064752115304736
35,1542537822436,0.2772598,1.8627541,1.8832754,8.529155000000001,5.0,0.060647468793169845
36,1542537822470,0.28817624,1.8591206000000002,1.8813226000000003,8.876638,5.0,0.06064746879316987
37,1542537822503,0.2990927,1.8554871,1.8794384999999998,9.224122,5.0,0.06064752115304742
38,1542537822536,0.31000927,1.8518534,1.8776226000000003,9.571609,5.0,0.06064746006652355
39,1542537822570,0.32092574,1.8482199000000001,1.8758758000000002,9.919092,5.0,0.06064746879316982
40,1542537822603,0.33184218,1.8445863999999998,1.8741980999999999,10.266575999999999,5.0,0.06064752115304742
41,1542537822636,0.34275872,1.8409526000000003,1.8725891,10.614061999999999,5.0,0.060647468793169845
42,1542537822670,0.35367522,1.8373188999999999,1.8710495999999999,10.961546,5.0,0.06064746879316982
43,1542537822703,0.3645917,1.8336854999999999,1.8695800999999999,11.30903,5.0,0.06064750369975491
44,1542537822736,0.37550822,1.8300519,1.8681799,11.656514999999999,5.0,0.06064748624646238
45,1542537822770,0.3864247,1.8264182,1.8668494999999998,12.003999,5.0,0.06064748624646235
46,1542537822803,0.39734116,1.8227846999999997,1.8655894,12.351482,5.0,0.05784415585520156
47,1542537822836,0.40825772,1.8191511999999999,1.8643994,12.698969,5.0,0.05145715836411341
48,1542537822870,0.4191742,1.8155175,1.8632796999999999,13.0464525,5.0,0.04507022195954896
49,1542537822903,0.43009067,1.8118839,1.8622302,13.393935999999998,5.0,0.03868330300827716
50,1542537822936,0.4410072,1.8082504000000001,1.8612514999999998,13.741423000000001,0.0,0.032296322970481434
51,1542537822970,0.45192367,1.8046168000000002,1.8603432,14.088906,0.0,0.02590939529256328
52,1542537823003,0.46284014,1.8009832,1.8595058,14.43639,0.0,0.01952246761464521
53,1542537823036,0.4737567,1.7973496999999998,1.8587391,14.783876000000001,0.0,0.013135505030141992
54,1542537823070,0.48467317,1.793716,1.8580433,15.13136,0.0,0.006748559898931361
55,1542537823103,0.49558959999999996,1.7900825,1.8574188000000003,15.478844,0.0,0.0003616147677206749
56,1542537823136,0.50161684,1.7886886999999998,1.8576938000000003,15.665707999999999,0.0,-0.00322196506564415
57,1542537823170,0.501394,1.7901576000000001,1.8590480999999999,15.647247,0.0,-0.003221947612351672
58,1542537823203,0.5011711,1.7916267,1.8604028000000001,15.628785999999998,0.0,-0.0032219476123515056
59,1542537823236,0.50094825,1.7930958,1.8617576,15.610326,0.0,-0.0032219476123516166
60,1542537823270,0.5007254,1.7945650000000002,1.8631128000000001,15.591866,0.0,-0.0032219476123516166
61,1542537823303,0.50050247,1.7960339,1.8644677,15.573405,0.0,-0.003221930159059083
62,1542537823336,0.50027966,1.7975031000000004,1.8658234,15.554945000000002,0.0,-0.003221947612351672
63,1542537823370,0.50005674,1.7989721,1.8671790000000001,15.536485,0.0,-0.0032219476123516166
64,1542537823403,0.49983388,1.8004413000000001,1.8685348999999998,15.518023999999999,0.0,-0.003221947612351561
65,1542537823436,0.49961102,1.8019104,1.8698909,15.499563,0.0,-0.0032219301590590277
66,1542537823470,0.49938816,1.8033793999999999,1.871247,15.481103,0.0,-0.003221947612351561
67,1542537823503,0.49916530000000003,1.8048484,1.8726034,15.462643,0.0,-0.003221947612351561
68,1542537823536,0.49894243,1.8063177,1.8739603,15.444182000000001,0.0,-0.0032219301590591387
69,1542537823570,0.49871957,1.8077866999999999,1.8753171000000002,15.425722,0.0,-0.0032219476123516166
70,1542537823603,0.49849668,1.8092558,1.8766740000000002,15.407262,0.0,-0.0032219476123516166
71,1542537823636,0.49827380000000004,1.8107249,1.8780311,15.388801999999998,0.0,-0.0032219650656440946
72,1542537823670,0.49805096,1.8121939999999999,1.8793886999999998,15.370341,0.0,-0.003221947612351561
73,1542537823703,0.49782813,1.8136631,1.8807462,15.351881,0.0,-0.00322196506564415
74,1542537823736,0.49760519999999997,1.8151321,1.882104,15.333420000000002,0.0,-0.003221947612351672
75,1542537823770,0.49738237,1.8166012999999999,1.8834621,15.314960000000001,0.0,-0.003221947612351672
76,1542537823803,0.49715950000000003,1.8180703,1.8848202,15.296498999999999,0.0,-0.0029487512245369163
77,1542537823836,0.49693662,1.8195393,1.8861785,15.278039000000001,0.0,-0.0022837807795271226
78,1542537823870,0.49671376,1.8210085999999999,1.8875372,15.259579,0.0,-0.0016187928812247399
79,1542537823903,0.49649090000000007,1.8224776000000003,1.8888958999999999,15.241118,0.0,-0.0009538049829223572
80,1542537823936,0.49626803,1.8239468,1.890255,15.222658,0.0,-0.00028881708461997446
81,1542537823970,0.49604517,1.8254158,1.8916141,15.204197,0.0,0.00037618826697488617
82,1542537824003,0.4958223,1.8268848999999998,1.8929733,15.185737,0.0,0.00104115871198468
83,1542537824036,0.49559942,1.828354,1.8943328999999998,15.167276000000001,0.0,0.001706164063579596
84,1542537824070,0.49537656,1.829823,1.8956925999999998,15.148816,0.0,0.0023711345085894453
85,1542537824103,0.49515370000000003,1.8312921999999998,1.8970525000000003,15.130355999999999,0.0,0.0030361224068917725
86,1542537824136,0.49567259999999996,1.8334821,1.899302,15.127548,0.0,0.0034279313706719883
87,1542537824170,0.49725533,1.8367058,1.9028271,15.147188,0.0,0.0034279313706719883
88,1542537824203,0.49883798,1.8399294999999998,1.9063525000000001,15.166829000000002,0.0,0.003427922644025694
89,1542537824236,0.5004207,1.8431532,1.9098783,15.186469,0.0,0.0034279313706719883
90,1542537824270,0.50200343,1.8463768,1.913404,15.20611,0.0,0.0034279139173793993
91,1542537824303,0.5035861,1.8496006,1.9169300999999999,15.225751,0.0,0.0034279139173793993
92,1542537824336,0.50516886,1.8528242,1.9204564999999998,15.245391,0.0,0.003427913917379455
93,1542537824370,0.50675154,1.8560478999999999,1.9239830000000002,15.265032000000001,0.0,0.003427913917379455
94,1542537824403,0.5083342000000001,1.8592715,1.9275098999999998,15.284672,0.0,0.0034279313706719883
95,1542537824436,0.50991696,1.8624952000000001,1.931037,15.304313,0.0,0.003427913917379455
96,1542537824470,0.51149964,1.865719,1.9345644,15.323954,0.0,0.0034279139173793993
97,1542537824503,0.5130824,1.8689427,1.9380918999999999,15.343594,0.0,0.0034279313706719883
98,1542537824536,0.5146651,1.8721664,1.9416198,15.3632345,0.0,0.0034279226440257493
99,1542537824570,0.5162478,1.8753900000000001,1.9451478,15.382875,0.0,0.0034279313706719883
100,1542537824603,0.5178305000000001,1.8786136999999998,1.9486759999999999,15.402515,0.0,0.0034279313706719883
101,1542537824636,0.51941323,1.8818374,1.9522045,15.422156,0.0,0.0034279313706719883
102,1542537824670,0.5209959,1.8850611000000002,1.9557331999999998,15.441795999999998,0.0,0.0034279488239645217
103,1542537824703,0.5225786,1.8882849,1.9592623,15.461437,0.0,0.0034279313706719883
104,1542537824736,0.52416134,1.8915085999999999,1.9627914,15.481078,0.0,0.0034279313706719883
105,1542537824770,0.5257440999999999,1.8947322,1.9663206000000002,15.500717999999999,0.0,0.0034279313706719883
106,1542537824803,0.52732676,1.8979558999999997,1.9698503,15.520359,0.0,0.003203482028865501
107,1542537824836,0.52890944,1.9011796000000003,1.97338,15.54,0.0,0.0021770189891825997
108,1542537824870,0.5304920999999999,1.9044032,1.9769101000000002,15.55964,0.0,0.0011505908560847655
109,1542537824903,0.53207487,1.9076269000000001,1.9804403999999998,15.579281,0.0,0.000124110363109331
110,1542537824936,0.53365755,1.9108506,1.9839708999999999,15.598920999999999,0.0,-0.0009023352232810922
111,1542537824970,0.5352403,1.9140743000000002,1.9875015,15.618561999999999,0.0,-0.0019287982629639377
112,1542537825003,0.5368229999999999,1.9172981,1.9910326,15.638203,0.0,-0.002955261302646839
113,1542537825036,0.5384057,1.9205217,1.9945637999999999,15.657843,0.0,-0.0039817068890373175
114,1542537825070,0.5399884,1.9237455,1.9980952,15.677484,0.0,-0.005008169928720219
115,1542537825103,0.54157114,1.926969,2.0016265,15.697123999999999,0.0,-0.006034615515110531
116,1542537825136,0.5427724,1.9305444999999999,2.0053937,15.703904999999999,0.0,-0.006836629212986944
117,1542537825170,0.54261065,1.9353759,2.0100017,15.664734,0.0,-0.006836629212987
118,1542537825203,0.542449,1.9402075,2.0146105,15.625564,0.0,-0.006836664119572067
119,1542537825236,0.5422873,1.9450393,2.019221,15.586392000000002,0.0,-0.006836629212987
120,1542537825270,0.5421255,1.9498707999999998,2.023832,15.547220999999999,0.0,-0.006836629212986944
121,1542537825303,0.5419638000000001,1.9547023999999997,2.0284443,15.50805,0.0,-0.006836629212987
122,1542537825336,0.5418021,1.9595339,2.0330575,15.468879000000001,0.0,-0.006836646666279589
123,1542537825370,0.5416404,1.9643655,2.0376718,15.429707999999998,0.0,-0.006836629212986889
124,1542537825403,0.54147863,1.9691971999999998,2.042287,15.390537,0.0,-0.006836629212987
125,1542537825436,0.5413169,1.9740286,2.0469031,15.351366,0.0,-0.006836629212987
126,1542537825470,0.5411552,1.9788603,2.0515206000000004,15.312195000000001,0.0,-0.006836629212987
127,1542537825503,0.5409935,1.9836918999999997,2.056139,15.273024,0.0,-0.006836646666279478
128,1542537825536,0.5408318,1.9885235,2.0607584,15.233851999999999,0.0,-0.006836629212987
129,1542537825570,0.5406701,1.993355,2.0653787,15.194682,0.0,-0.006836629212987055
130,1542537825603,0.5405084,1.9981866999999998,2.07,15.155510999999999,0.0,-0.006836629212986944
131,1542537825636,0.5403465999999999,2.0030183999999998,2.0746222,15.11634,0.0,-0.006836646666279478
132,1542537825670,0.540185,2.00785,2.0792453,15.077167999999999,0.0,-0.006836629212986944
133,1542537825703,0.5400232,2.0126815,2.0838695,15.037998000000002,0.0,-0.006836646666279589
134,1542537825736,0.5398615,2.017513,2.0884945,14.998826999999999,0.0,-0.006836629212986944
135,1542537825770,0.5396998000000001,2.0223446,2.0931206,14.959655999999999,0.0,-0.006836637939633294
136,1542537825803,0.539538,2.0271761,2.0977476000000004,14.920485000000001,0.0,-0.005883923787493417
137,1542537825836,0.5393764,2.0320077000000003,2.1023755,14.881313,0.0,-0.004000870604224216
138,1542537825870,0.5392147,2.0368395,2.1070043999999997,14.842142,0.0,-0.002117843600893732
139,1542537825903,0.53905296,2.041671,2.111634,14.802972,0.0,-0.00023483405085578113
140,1542537825936,0.5388911999999999,2.0465026,2.1162647999999997,14.763801,0.0,0.0016482016791207754
141,1542537825970,0.5387295,2.0513341,2.1208963,14.724629,0.0,0.0035312548623899764
142,1542537826003,0.5385678,2.056166,2.1255290000000002,14.685457999999999,0.0,0.005414308045659233
143,1542537826036,0.5384061,2.0609975,2.1301625,14.646287,0.0,0.007297343775635956
144,1542537826070,0.5382443,2.0658288000000002,2.1347964,14.607117,0.0,0.00918036205232009
145,1542537826103,0.53808266,2.0706606,2.1394317000000003,14.567945499999999,0.0,0.011063423962235586
146,1542537826136,0.53928083,2.0727868000000003,2.141791,14.583360999999998,0.0,0.011993745540072376
147,1542537826170,0.5418069999999999,2.0722706000000004,2.1419291,14.652079999999998,0.0,0.011993745540072376
148,1542537826203,0.54433316,2.071755,2.1420708,14.720798499999999,0.0,0.011993745540072376
149,1542537826236,0.5468593,2.071239,2.1422152999999997,14.789517000000002,0.0,0.01199374554007232
150,1542537826270,0.54938555,2.070723,2.1423628,14.858235999999998,0.0,0.011993745540072376
151,1542537826303,0.5519116999999999,2.070207,2.1425134999999997,14.926955,0.0,0.01199376299336491
152,1542537826336,0.5544379,2.0696914,2.1426675,14.995675,0.0,0.011993745540072376
153,1542537826370,0.55696404,2.0691755,2.1428242,15.064394,0.0,0.011993745540072376
154,1542537826403,0.55949014,2.0686595000000003,2.1429842,15.133113,0.0,0.011993745540072376
155,1542537826436,0.56201637,2.0681438,2.1431475,15.201832999999999,0.0,0.011993728086779898
156,1542537826470,0.56454253,2.067628,2.1433136000000004,15.270551999999999,0.0,0.011993728086779898
157,1542537826503,0.5670687,2.067112,2.1434830000000002,15.339270999999998,0.0,0.011993710633487309
158,1542537826536,0.56959486,2.066596,2.143655,15.4079895,0.0,0.011993736813426081
159,1542537826570,0.572121,2.06608,2.1438305,15.476707999999999,0.0,0.011993728086779842
160,1542537826603,0.57464725,2.0655644,2.144009,15.545426999999998,0.0,0.01199374554007232
161,1542537826636,0.5771734000000001,2.0650485,2.1441908,15.614147,0.0,0.011993745540072376
162,1542537826670,0.5796996,2.0645325,2.1443752999999997,15.682866,0.0,0.011993728086779787
163,1542537826703,0.58222574,2.0640166,2.1445632000000003,15.751585,0.0,0.01199374554007232
164,1542537826736,0.5847519,2.063501,2.1447542,15.820304,0.0,0.011993762993364854
165,1542537826770,0.58727807,2.062985,2.144948,15.889023000000002,0.0,0.01199374554007232
166,1542537826803,0.58980423,2.0624689999999997,2.1451452,15.957742000000001,0.0,0.010709881342305327
167,1542537826836,0.59233046,2.0619533,2.1453453999999996,16.02646,0.0,0.00602238075705408
168,1542537826870,0.5948566,2.0614371,2.1455482999999997,16.09518,0.0,0.001334845265217821
169,1542537826903,0.5973828,2.0609214,2.1457547999999997,16.163898,0.0,-0.00335267277332596
170,1542537826936,0.59990895,2.0604055,2.1459641,16.232618,0.0,-0.008040225718454697
171,1542537826970,0.6024351,2.0598896,2.1461763,16.301338,0.0,-0.012727761210291122
172,1542537827003,0.6049613,2.0593738999999998,2.1463919999999996,16.370055999999998,0.0,-0.01741529670212738
173,1542537827036,0.60748744,2.0588577,2.1466103,16.438776,0.0,-0.02210281474067116
174,1542537827070,0.6100135999999999,2.0583419999999997,2.1468322,16.507496,0.0,-0.026790367685799954
175,1542537827103,0.6125398,2.057826,2.1470568,16.576214,0.0,-0.031477885724343735
176,1542537827136,0.61234844,2.0577598000000004,2.1469386000000004,16.571373,0.0,-0.034881557018413
177,1542537827170,0.6049526999999999,2.058885,2.1459208,16.371517,0.0,-0.034881548291766706
178,1542537827203,0.5975568,2.0600107,2.1449285,16.171661,0.0,-0.034881574471705534
179,1542537827236,0.5901609,2.061136,2.1439617,15.971804,0.0,-0.034881557018413
180,1542537827270,0.5827651,2.0622616000000003,2.1430209,15.771947,0.0,-0.03488155701841303
181,1542537827303,0.5753693,2.063387,2.1421053,15.572091,0.0,-0.03488158319835177
182,1542537827336,0.5679735,2.0645125,2.1412158,15.372233,0.0,-0.03488153956512047
183,1542537827370,0.56057763,2.0656378,2.140352,15.172378,0.0,-0.034881557018413
184,1542537827403,0.55318177,2.0667631999999996,2.139514,14.972520999999999,0.0,-0.034881574471705534
185,1542537827436,0.54578596,2.0678886999999997,2.138702,14.772664,0.0,-0.034881574471705534
186,1542537827470,0.5383901,2.069014,2.1379156000000004,14.572807000000001,0.0,-0.034881539565120495
187,1542537827503,0.5309943,2.0701396,2.1371553,14.372951500000001,0.0,-0.0348815831983518
188,1542537827536,0.52359843,2.0712652,2.136421,14.173094,0.0,-0.03488155701841303
189,1542537827570,0.51620257,2.0723906000000003,2.1357124,13.973238,0.0,-0.034881574471705507
190,1542537827603,0.50880677,2.073516,2.1350298,13.773381,0.0,-0.03488157447170556
191,1542537827636,0.5014109,2.0746412,2.1343732,13.573523499999999,0.0,-0.034881548291766706
192,1542537827670,0.4940151,2.0757668000000002,2.1337428,13.373667999999999,0.0,-0.03488155701841297
193,1542537827703,0.48661930000000003,2.0768923999999997,2.1331387000000004,13.173812,0.0,-0.03488159192499801
194,1542537827736,0.47922337,2.0780177,2.1325602999999997,12.973953999999999,0.0,-0.03488155701841297
195,1542537827770,0.47182757,2.079143,2.1320078,12.774097,0.0,-0.03488153956512044
196,1542537827803,0.46443176,2.0802686,2.1314816000000003,12.574242,0.0,-0.03294548945911449
197,1542537827836,0.45703587,2.081394,2.1309817000000004,12.374384,0.0,-0.028723145299458464
198,1542537827870,0.44964004,2.0825195,2.1305077,12.174528,0.0,-0.02450080986644873
199,1542537827903,0.44224423,2.083645,2.1300604,11.974671,0.0,-0.020278491886731587
200,1542537827936,0.43484837,2.0847703999999996,2.1296387,11.774814,0.0,-0.016056156453721826
201,1542537827970,0.42745256,2.0858958,2.1292433999999996,11.574958,0.0,-0.011833838474004654
202,1542537828003,0.42005673,2.0870214,2.1288742999999997,11.375102,0.0,-0.007611520494287399
203,1542537828036,0.41266084,2.0881467000000002,2.1285315,11.175244000000001,0.0,-0.0033891676079851885
204,1542537828070,0.40526503,2.0892723,2.1282148,10.975388,0.0,0.000833150371732011
205,1542537828103,0.3978692,2.0903976,2.1279242000000003,10.775532,0.0,0.005055450898156705
206,1542537828136,0.39412776,2.088787,2.1256454,10.6866045,0.0,0.007341701318575394
207,1542537828170,0.3947016,2.0839458,2.1209947999999996,10.728669,0.0,0.007341710045221633
208,1542537828203,0.39527540000000005,2.0791044,2.1163453999999997,10.770735,0.0,0.0073416925919291
209,1542537828236,0.39584926,2.0742633,2.1116972,10.812799,0.0,0.007341710045221633
210,1542537828270,0.3964231,2.0694220000000003,2.1070497,10.854864,0.0,0.007341710045221661
211,1542537828303,0.39699695,2.064581,2.1024036,10.896929,0.0,0.007341692591929072
212,1542537828336,0.39757076,2.0597394,2.0977580000000002,10.938994000000001,0.0,0.007341692591929044
213,1542537828370,0.3981446,2.0548983,2.093114,10.981059,0.0,0.007341692591929128
214,1542537828403,0.39871842,2.050057,2.0884707,11.023124000000001,0.0,0.007341692591929128
215,1542537828436,0.39929226,2.0452156,2.0838284,11.065188000000001,0.0,0.007341710045221633
216,1542537828470,0.39986609999999995,2.0403743000000003,2.0791874,11.107253,0.0,0.007341710045221633
217,1542537828503,0.40043992,2.0355331999999997,2.0745475,11.149318,0.0,0.007341692591929128
218,1542537828536,0.40101376,2.0306919,2.0699084,11.191383,0.0,0.0073416925919291
219,1542537828570,0.4015876,2.0258505,2.0652706999999997,11.233448,0.0,0.007341710045221661
220,1542537828603,0.40216142,2.0210093999999996,2.0606341,11.275513,0.0,0.007341692591929072
221,1542537828636,0.40273526,2.016168,2.0559983,11.317577,0.0,0.007341710045221633
222,1542537828670,0.40330908,2.0113268,2.051364,11.359642,0.0,0.007341710045221661
223,1542537828703,0.40388292,2.0064857,2.0467305000000002,11.401707,0.0,0.0073416925919291
224,1542537828736,0.40445673,2.0016441,2.0420979999999997,11.443772000000001,0.0,0.0073417100452216055
225,1542537828770,0.40503059999999996,1.9968029999999999,2.0374672,11.485837,0.0,0.007341710045221578
226,1542537828803,0.40560442,1.9919616999999998,2.032837,11.527902000000001,0.0,0.0061985717450428746
227,1542537828836,0.40617827,1.9871203999999998,2.0282082999999997,11.569966,0.0,0.003890862501470943
228,1542537828870,0.40675209999999995,1.9822793,2.0235806,11.612031,0.0,0.0015831532578990115
229,1542537828903,0.40732592,1.977438,2.018954,11.654097,0.0,-0.0007246083455505203
230,1542537828936,0.40789977,1.9725966000000001,2.0143287,11.696161,0.0,-0.003032300135829863
231,1542537828970,0.40847358,1.9677554,2.0097046,11.738226,0.0,-0.005340026832694356
232,1542537829003,0.40904742,1.9629140999999999,2.0050814,11.780291,0.0,-0.007647753529558821
233,1542537829036,0.40962127,1.9580727999999998,2.0004597,11.822355,0.0,-0.00995546277313078
234,1542537829070,0.41019508,1.9532316000000003,1.9958391,11.864421,0.0,-0.01226320692328775
235,1542537829103,0.41076893,1.9483903999999999,1.9912198,11.906486,0.0,-0.014570933620152215
236,1542537829136,0.40939564,1.9453764999999998,1.9879875,11.883054,0.0,-0.015735504563545444
237,1542537829170,0.40603873,1.9442241000000002,1.9861708999999999,11.792896,0.0,-0.015735522016838005
238,1542537829203,0.40268177,1.9430718,1.984359,11.702739,0.0,-0.015735522016837894
239,1542537829236,0.3993248,1.9419196,1.9825519,11.61258,0.0,-0.015735504563545416
240,1542537829270,0.39596787,1.9407672999999999,1.9807493999999999,11.522423,0.0,-0.01573552201683795
241,1542537829303,0.39261094,1.9396151000000001,1.9789518,11.432265,0.0,-0.01573552201683795
242,1542537829336,0.38925397,1.9384627,1.9771587,11.342107,0.0,-0.01573550456354547
243,1542537829370,0.38589704,1.9373105,1.9753703999999999,11.251949,0.0,-0.01573552201683795
244,1542537829403,0.3825401,1.9361583999999998,1.9735871999999999,11.161791000000001,0.0,-0.015735504563545444
245,1542537829436,0.37918317,1.9350058999999997,1.9718082,11.071633,0.0,-0.015735522016837977
246,1542537829470,0.3758262,1.9338539000000001,1.9700345000000001,10.981475999999999,0.0,-0.01573552201683792
247,1542537829503,0.37246925,1.9327013,1.9682651999999998,10.891316999999999,0.0,-0.01573550456354539
248,1542537829536,0.3691123,1.9315493000000001,1.9665011000000003,10.801160000000001,0.0,-0.015735522016838005
249,1542537829570,0.36575538,1.9303970000000001,1.9647416000000002,10.711002,0.0,-0.015735522016837977
250,1542537829603,0.36239845,1.9292448,1.9629869999999998,10.620844,0.0,-0.015735504563545444
251,1542537829636,0.35904148,1.9280925,1.9612372,10.530686,0.0,-0.01573552201683792
252,1542537829670,0.35568458,1.9269401999999998,1.9594923,10.440529,0.0,-0.01573552201683792
253,1542537829703,0.35232759999999996,1.9257878000000002,1.9577521,10.35037,0.0,-0.015735504563545444
254,1542537829736,0.34897065,1.9246356,1.9560171000000002,10.260213,0.0,-0.015735522016837977
255,1542537829770,0.34561372,1.9234833999999998,1.9542868999999998,10.170053999999999,0.0,-0.01573549583689912
256,1542537829803,0.34225678,1.9223311,1.9525616000000001,10.079897,0.0,-0.015223215521500078
257,1542537829836,0.33889980000000003,1.9211788,1.9508412,9.989739,0.0,-0.014429823750128468
258,1542537829870,0.33554290000000003,1.9200267,1.9491258999999999,9.899581,0.0,-0.013636466885341952
259,1542537829903,0.33218595,1.9188744,1.9474154,9.809422999999999,0.0,-0.012843092567262876
260,1542537829936,0.328829,1.9177221000000002,1.9457098000000002,9.719266000000001,0.0,-0.01204973570247636
261,1542537829970,0.32547206,1.9165697,1.9440091,9.629107000000001,0.0,-0.011256343931104779
262,1542537830003,0.32211512,1.9154176,1.9423137,9.53895,0.0,-0.010462987066318208
263,1542537830036,0.31875816,1.9142653000000003,1.9406232,9.448792,0.0,-0.009669630201531637
264,1542537830070,0.3154012,1.9131131000000001,1.9389378000000002,9.358634,0.0,-0.008876255883452616
265,1542537830103,0.31204426,1.9119607,1.9372572,9.2684765,0.0,-0.008082890292019806
266,1542537830136,0.3098302,1.9112644,1.9362144000000001,9.207671000000001,0.0,-0.007801831195924869
267,1542537830170,0.30824309999999994,1.9108177,1.9355202,9.162971,0.0,-0.007801831195924924
268,1542537830203,0.30665603,1.9103715000000001,1.9348273999999999,9.118269,0.0,-0.007801831195924869
269,1542537830236,0.30506890000000003,1.9099249,1.9341354,9.073568,0.0,-0.0078018311959248965
270,1542537830270,0.30348188,1.9094784,1.9334449,9.028867,0.0,-0.007801831195924869
271,1542537830303,0.30189478,1.9090321,1.9327556000000001,8.984166,0.0,-0.007801848649217402
272,1542537830336,0.3003077,1.9085855,1.9320671999999999,8.939465,0.0,-0.0078018311959248965
273,1542537830370,0.29872063,1.9081392,1.9313802,8.894763000000001,0.0,-0.007801831195924924
274,1542537830403,0.29713354,1.9076928,1.9306941999999998,8.850062,0.0,-0.007801848649217374
275,1542537830436,0.29554640000000004,1.9072460999999998,1.9300092,8.805361,0.0,-0.0078018311959248965
276,1542537830470,0.29395935,1.9067998,1.9293256999999997,8.760659,0.0,-0.007801831195924924
277,1542537830503,0.29237226,1.9063535,1.9286433,8.715959,0.0,-0.007801831195924869
278,1542537830536,0.2907852,1.9059069,1.927962,8.671257,0.0,-0.0078018311959248965
279,1542537830570,0.28919809999999996,1.9054606,1.9272818999999999,8.626555999999999,0.0,-0.007801831195924869
280,1542537830603,0.28761104,1.9050141999999999,1.9266029999999998,8.581855000000001,0.0,-0.007801831195924924
281,1542537830636,0.2860239,1.9045676,1.9259251,8.537153,0.0,-0.0078018311959248965
282,1542537830670,0.28443685,1.9041211999999998,1.9252485000000001,8.492453,0.0,-0.0078018311959248965
283,1542537830703,0.2828498,1.9036748,1.9245732,8.447751,0.0,-0.0078018311959248965
284,1542537830736,0.2812627,1.9032282999999999,1.9238988000000001,8.403049000000001,0.0,-0.007801813742632391
285,1542537830770,0.27967559999999997,1.902782,1.9232258999999998,8.358349,0.0,-0.0078018311959248965
286,1542537830803,0.2780885,1.9023354,1.9225538,8.313647,0.0,-0.008654869594483361
287,1542537830836,0.27650142,1.9018887999999998,1.9218830000000002,8.268947,0.0,-0.010544010486183558
288,1542537830870,0.27491435,1.9014425,1.9212136000000002,8.224245,0.0,-0.01243311472596939
289,1542537830903,0.27332726,1.9009961,1.9205452,8.179544,0.0,-0.014322264344315827
290,1542537830936,0.27174017,1.9005497,1.919878,8.134843,0.0,-0.016211386037394193
291,1542537830970,0.2701531,1.9001032,1.9192121,8.090141000000001,0.0,-0.01810049551316785
292,1542537831003,0.26856599999999997,1.8996568,1.9185472,8.045441,0.0,-0.019989657348819023
293,1542537831036,0.26697892,1.8992103,1.9178836,8.000739,0.0,-0.021878766824592624
294,1542537831070,0.26539183,1.8987638999999998,1.9172212,7.956038,0.0,-0.023767888517671018
295,1542537831103,0.26380476,1.8983174999999999,1.9165598999999998,7.911337,0.0,-0.02565703813601744
296,1542537831136,0.26067814,1.8990148,1.916823,7.8177595,0.0,-0.02669310397724485
297,1542537831170,0.25568166,1.9011011999999998,1.9182177,7.6648197,0.0,-0.026693112703891075
298,1542537831203,0.25068516,1.9031876,1.9196266,7.511880000000001,0.0,-0.026693135393171363
299,1542537831236,0.24568863,1.9052741999999998,1.9210498,7.3589387,0.0,-0.026693105722574065
300,1542537831270,0.24069215,1.9073608,1.9224874,7.205999,0.0,-0.026693117939878844
301,1542537831303,0.23569566,1.9094471999999998,1.9239389,7.053058999999999,0.0,-0.02669312841185434
302,1542537831336,0.23069914,1.9115337,1.9254046999999999,6.900117999999999,0.0,-0.026693117939878816
303,1542537831370,0.22570264,1.9136201000000002,1.9268843999999998,6.747178,0.0,-0.026693112703891075
304,1542537831403,0.22070615,1.9157066000000003,1.9283782999999999,6.5942383,0.0,-0.026693130157183595
305,1542537831436,0.21570963,1.917793,1.9298862,6.4412970000000005,0.0,-0.026693112703891075
306,1542537831470,0.21071313,1.9198796000000002,1.9314082,6.2883572999999995,0.0,-0.026693114449220318
307,1542537831503,0.20571665,1.9219661,1.9329439999999998,6.1354169999999995,0.0,-0.026693130157183595
308,1542537831536,0.20072013,1.9240525000000002,1.9344938999999999,5.982476,0.0,-0.026693109213232577
309,1542537831570,0.19572362,1.9261389,1.9360574000000002,5.8295364,0.0,-0.02669311270389109
310,1542537831603,0.19072714,1.9282255000000001,1.9376353,5.676596,0.0,-0.026693126666525083
311,1542537831636,0.18573062,1.9303119999999998,1.9392267,5.5236554,0.0,-0.026693112703891075
312,1542537831670,0.18073413,1.9323983,1.9408318,5.370715000000001,0.0,-0.026693100486586324
313,1542537831703,0.17573765,1.9344849999999998,1.942451,5.2177753,0.0,-0.026693128411854353
314,1542537831736,0.17074111,1.9365716,1.9440839,5.0648346,0.0,-0.02669311270389109
315,1542537831770,0.16574462,1.9386580000000002,1.9457302,4.9118943,0.0,-0.026693109213232577
316,1542537831803,0.16074812,1.9407444,1.9473903000000001,4.7589545,0.0,-0.024909040633160975
317,1542537831836,0.15575160000000002,1.9428308,1.9490638999999998,4.6060133,0.0,-0.02242839718598444
318,1542537831870,0.1507551,1.9449173999999998,1.9507514,4.4530735,0.0,-0.01994777817341742
319,1542537831903,0.14575863,1.9470038,1.9524522000000002,4.3001337,0.0,-0.01746716614216741
320,1542537831936,0.1407621,1.9490901999999999,1.9541665000000001,4.1471925,0.0,-0.014986522694990859
321,1542537831970,0.13576561,1.9511769,1.9558946,3.9942527,0.0,-0.01250590717308233
322,1542537832003,0.13076912,1.9532633000000001,1.9576359,3.8413129999999995,0.0,-0.010025293396503064
323,1542537832036,0.1257726,1.9553498,1.9593906000000003,3.6883717000000003,0.0,-0.007544648203997258
324,1542537832070,0.1207761,1.9574362,1.9611588,3.5354318999999994,0.0,-0.0050640309367594935
325,1542537832103,0.115779616,1.9595227,1.9629401999999998,3.3824918,0.0,-0.0025834066882047257
326,1542537832136,0.11441145,1.9658418000000002,1.9691683,3.3317716,0.0,-0.0018868614916970547
327,1542537832170,0.11445988,1.9738131999999997,1.9771291000000002,3.3209608,0.0,-0.0018868632370263039
328,1542537832203,0.11450831,1.9817845,1.9850898999999997,3.31015,0.0,-0.001886863237026297
329,1542537832236,0.11455674,1.9897558999999998,1.9930508000000002,3.2993387999999997,0.0,-0.0018868580010385425
330,1542537832270,0.114605166,1.9977272000000001,2.0010118,3.288528,0.0,-0.001886863237026297
331,1542537832303,0.11465359,2.0056987,2.0089731,3.277717,0.0,-0.0018868597463678055
332,1542537832336,0.11470202,2.0136700000000003,2.0169342,3.266906,0.0,-0.0018868580010385425
333,1542537832370,0.11475046,2.0216415,2.0248956999999996,3.2560952000000003,0.0,-0.0018868580010385563
334,1542537832403,0.11479889,2.029613,2.032857,3.2452843,0.0,-0.0018868632370263039
335,1542537832436,0.11484732,2.0375843000000002,2.0408182,3.2344735,0.0,-0.001886863237026297
336,1542537832470,0.11489574599999999,2.0455556,2.0487797,3.2236624,0.0,-0.0018868580010385494
337,1542537832503,0.114944175,2.053527,2.0567415000000002,3.2128514999999997,0.0,-0.0018868614916970478
338,1542537832536,0.11499260000000001,2.0614984,2.0647032,3.2020407000000004,0.0,-0.0018868632370263178
339,1542537832570,0.11504103,2.06947,2.072665,3.1912298,0.0,-0.0018868614916970478
340,1542537832603,0.11508946,2.0774412,2.0806267,3.1804187,0.0,-0.0018868614916970478
341,1542537832636,0.11513789999999999,2.0854127,2.0885887,3.1696079,0.0,-0.0018868632370263039
342,1542537832670,0.11518632,2.093384,2.0965507,3.1587970000000003,0.0,-0.0018868614916970686
343,1542537832703,0.11523475,2.1013556,2.1045127,3.1479862,0.0,-0.0018868614916970478
344,1542537832736,0.11528318,2.1093268,2.112475,3.137175,0.0,-0.0018868614916970547
345,1542537832770,0.115331605,2.1172981,2.120437,3.1263642000000003,0.0,-0.0018868614916970547
346,1542537832803,0.11538004,2.1252697,2.1283993999999997,3.1155534,0.0,-0.0022823792801377404
347,1542537832836,0.11542848,2.1332412,2.1363618,3.1047423,0.0,-0.0032561508297029446
348,1542537832870,0.11547690000000001,2.1412125,2.144324,3.0939313999999998,0.0,-0.004229931105914388
349,1542537832903,0.11552533,2.149184,2.1522867999999997,3.0831206,0.0,-0.005203721854101381
350,1542537832936,0.11557376400000001,2.1571553,2.1602490000000003,3.0723095000000002,0.0,-0.0061774934036665785
351,1542537832970,0.11562219,2.1651266,2.1682117,3.0614986,0.0,-0.0071512736798780355
352,1542537833003,0.115670614,2.173098,2.1761744,3.0506877999999995,0.0,-0.008125062682735738
353,1542537833036,0.11571905,2.1810694,2.1841369999999998,3.039877,0.0,-0.00909884121361796
354,1542537833070,0.11576748,2.189041,2.1921,3.0290658,0.0,-0.010072614508512392
355,1542537833103,0.11581591,2.1970122,2.2000627999999995,3.018255,0.0,-0.011046405256699365
356,1542537833136,0.11487297,2.2056174,2.2086067000000003,2.9847827000000002,0.0,-0.011624664253811624
357,1542537833170,0.11248061,2.2151492000000004,2.218003,2.9181786,0.0,-0.011624671235128628
358,1542537833203,0.11008825,2.2246811,2.2274034,2.8515742000000004,0.0,-0.011624672980457884
359,1542537833236,0.10769587,2.2342129,2.2368069999999998,2.7849692999999998,0.0,-0.01162466599914086
360,1542537833270,0.10530352,2.2437446,2.2462144,2.7183652,0.0,-0.011624669489799379
361,1542537833303,0.10291115,2.2532763,2.2556252,2.6517607999999995,0.0,-0.011624674725787112
362,1542537833336,0.10051877,2.2628082999999997,2.26504,2.585156,0.0,-0.011624665999140867
363,1542537833370,0.09812642,2.2723400000000002,2.2744577,2.5185517999999996,0.0,-0.01162466599914086
364,1542537833403,0.09573405,2.2818718,2.283879,2.4519474999999997,0.0,-0.011624676471116372
365,1542537833436,0.09334168,2.2914038,2.2933042,2.3853426,0.0,-0.011624664253811614
366,1542537833470,0.09094933,2.3009355,2.3027322,2.3187385,0.0,-0.01162466774447012
367,1542537833503,0.08855695,2.3104669999999996,2.3121636000000003,2.252134,0.0,-0.011624671235128625
368,1542537833536,0.08616458,2.319999,2.3215985,2.1855295,0.0,-0.011624669489799375
369,1542537833570,0.08377223,2.3295307000000003,2.3310366,2.118925,0.0,-0.01162466599914087
370,1542537833603,0.08137986,2.3390627,2.340478,2.0523206999999997,0.0,-0.011624672980457867
371,1542537833636,0.07898748,2.3485942000000004,2.3499222,1.985716,0.0,-0.011624664253811617
372,1542537833670,0.07659513,2.3581262,2.3593697999999996,1.9191116999999998,0.0,-0.011624665999140863
373,1542537833703,0.07420276,2.367658,2.3688203999999997,1.8525075,0.0,-0.011624676471116379
374,1542537833736,0.07181038,2.3771896,2.378274,1.7859026000000002,0.0,-0.011624664253811624
375,1542537833770,0.06941802,2.3867216,2.387731,1.7192984,0.0,-0.01162466774447012
376,1542537833803,0.06702566,2.3962533,2.3971906,1.6526941000000002,0.0,-0.01049303290939129
377,1542537833836,0.06463329,2.4057853,2.4066534,1.5860893999999999,0.0,-0.008524238681288609
378,1542537833870,0.062240925,2.415317,2.4161189,1.519485,0.0,-0.006555449689173695
379,1542537833903,0.059848562,2.4248488,2.4255874,1.4528807,0.0,-0.004586657206400266
380,1542537833936,0.057456184,2.4343807999999996,2.4350588,1.386276,0.0,-0.0026178629782975978
381,1542537833970,0.055063825,2.4439123,2.4445326,1.3196718,0.0,-0.0006490774768411825
382,1542537834003,0.05267146599999999,2.4534439999999997,2.4540092999999996,1.2530674,0.0,0.0013197184965907487
383,1542537834036,0.05027909,2.462976,2.4634892999999995,1.1864626,0.0,0.003288514470022673
384,1542537834070,0.04788673,2.4725077,2.4729714,1.1198583999999998,0.0,0.005257299971479095
385,1542537834103,0.045494365999999994,2.4820395,2.4824564,1.0532540000000001,0.0,0.007226094199581767
386,1542537834136,0.0458198,2.4905565,2.4909779999999997,1.0514876,0.0,0.00806324661128861
387,1542537834170,0.04815578,2.4983222,2.4987862,1.0976865,0.0,0.0080632466112886
388,1542537834203,0.050491758,2.506088,2.5065966,1.1438853999999998,0.0,0.008063251847276357
389,1542537834236,0.052827753,2.5138542999999998,2.5144092999999996,1.1900846,0.0,0.008063248356617855
390,1542537834270,0.055163734000000006,2.52162,2.5222235,1.2362834999999999,0.0,0.008063246611288603
391,1542537834303,0.057499714,2.5293857999999996,2.5300392999999994,1.2824824,0.0,0.008063251847276364
392,1542537834336,0.05983571,2.5371517999999997,2.5378572999999998,1.3286817,0.0,0.008063246611288606
393,1542537834370,0.06217169,2.5449178,2.5456772,1.3748806,0.0,0.00806324661128861
394,1542537834403,0.06450768,2.5526836,2.5534985,1.4210795,0.0,0.00806325359260561
395,1542537834436,0.066843666,2.5604496,2.561322,1.4672787,0.0,0.008063246611288596
396,1542537834470,0.06917965400000001,2.5682156000000003,2.569147,1.5134776,0.0,0.008063248356617855
397,1542537834503,0.07151563,2.5759814,2.5769740000000003,1.5596765,0.0,0.008063251847276368
398,1542537834536,0.07385162,2.5837474,2.5848026,1.6058757,0.0,0.008063248356617855
399,1542537834570,0.07618761,2.5915133999999997,2.592633,1.6520747,0.0,0.008063246611288603
400,1542537834603,0.07852358,2.599279,2.6004647999999997,1.6982735,0.0,0.008063255337934862
401,1542537834636,0.08085959,2.6070452,2.6082987999999996,1.7444727,0.0,0.008063250101947101
402,1542537834670,0.08319557,2.614811,2.6161342,1.7906717,0.0,0.0080632466112886
403,1542537834703,0.08553154,2.6225767,2.623971,1.8368706000000001,0.0,0.00806325359260561
404,1542537834736,0.08786754,2.630343,2.6318102000000003,1.8830699,0.0,0.008063246611288606
405,1542537834770,0.09020352,2.6381087000000005,2.6396502999999996,1.9292686999999997,0.0,0.008063246611288613
406,1542537834803,0.0925395,2.6458744999999997,2.6474922000000003,1.9754677,0.0,0.007971327100903064
407,1542537834836,0.09487549,2.6536405,2.655336,2.0216668,0.0,0.007451939804789823
408,1542537834870,0.09721148,2.6614065,2.6631812999999998,2.0678658,0.0,0.006932559489993613
409,1542537834903,0.09954746,2.6691724999999997,2.6710281000000005,2.1140647,0.0,0.006413179175197362
410,1542537834936,0.10188345,2.6769382999999998,2.6788764,2.1602639999999997,0.0,0.005893791879084148
411,1542537834970,0.10421943,2.6847043,2.6867266,2.2064629,0.0,0.005374411564287911
412,1542537835003,0.10655542,2.6924702999999996,2.694578,2.2526617,0.0,0.004855034740150185
413,1542537835036,0.10889141,2.700236,2.7024310000000002,2.298861,0.0,0.004335647444036944
414,1542537835070,0.11122739,2.7080019,2.7102852000000004,2.3450599,0.0,0.003816263638582222
415,1542537835103,0.113563366,2.715768,2.7181412999999996,2.3912587000000003,0.0,0.003296890305103002
416,1542537835136,0.11565419,2.7227426,2.7251978,2.4321911,0.0,0.0028694242647045454
417,1542537835170,0.11660492,2.7260375,2.7285302000000002,2.4486315,0.0,0.0028694277553630576
418,1542537835203,0.11755565,2.7293327,2.731863,2.4650722000000003,0.0,0.0028694260100338015
419,1542537835236,0.11850638,2.7326276000000003,2.7351959999999997,2.4815127999999995,0.0,0.0028694260100338084
420,1542537835270,0.11945711,2.7359228,2.7385294,2.4979534,0.0,0.002869427755363037
421,1542537835303,0.120407835,2.7392178,2.741863,2.514394,0.0,0.0028694260100337945
422,1542537835336,0.12135857,2.742513,2.7451967999999995,2.5308347,0.0,0.002869422519375296
423,1542537835370,0.12230930000000001,2.7458080000000002,2.7485306,2.5472753,0.0,0.002869422519375296
424,1542537835403,0.12326003599999999,2.749103,2.751865,2.5637157000000004,0.0,0.002869427755363037
425,1542537835436,0.12421077,2.752398,2.7551994,2.5801566000000005,0.0,0.0028694225193752823
426,1542537835470,0.1251615,2.7556932,2.7585342,2.596597,0.0,0.0028694260100338015
427,1542537835503,0.12611222,2.758988,2.7618687,2.6130376,0.0,0.0028694260100338015
428,1542537835536,0.12706296,2.7622833,2.7652042000000003,2.6294782000000003,0.0,0.0028694277553630437
429,1542537835570,0.12801369,2.7655783,2.7685394,2.6459188,0.0,0.0028694242647045454
430,1542537835603,0.12896442,2.7688732000000003,2.771875,2.6623595,0.0,0.0028694260100338015
431,1542537835636,0.12991515,2.7721682,2.7752106,2.6788,0.0,0.0028694260100338084
432,1542537835670,0.13086587,2.7754630000000002,2.7785466,2.6952404999999997,0.0,0.0028694277553630507
433,1542537835703,0.1318166,2.7787583,2.781883,2.7116811000000003,0.0,0.0028694277553630507
434,1542537835736,0.13276735,2.7820535,2.7852197,2.7281218,0.0,0.0028694260100338015
435,1542537835770,0.13371807,2.7853484,2.7885562999999998,2.7445624,0.0,0.0028694260100337876
436,1542537835803,0.13466879999999998,2.7886433999999998,2.7918932,2.761003,0.0,0.0046871427927545894
437,1542537835836,0.13561954,2.7919388,2.7952306,2.7774436000000002,0.0,0.008383739676503063
438,1542537835870,0.13657026,2.7952337000000003,2.798568,2.7938842999999998,0.0,0.01208033132426379
439,1542537835903,0.13752098,2.7985287,2.8019056,2.8103247000000002,0.0,0.01577696136926806
440,1542537835936,0.13847172,2.8018236,2.8052433,2.8267655,0.0,0.019473551271699537
441,1542537835970,0.13942245,2.8051188,2.8085816,2.8432060000000003,0.0,0.023170153391435758
442,1542537836003,0.14037319,2.8084137000000005,2.8119197,2.8596466,0.0,0.026866767728476758
443,1542537836036,0.14132391,2.811709,2.8152583,2.8760872,0.0,0.03056336461222524
444,1542537836070,0.14227465,2.8150039000000002,2.818597,2.8925278,0.0,0.03425996498663223
445,1542537836103,0.14322537,2.8182987999999995,2.821936,2.9089683999999996,5.0,0.037956588050319505
446,1542537836136,0.14942305,2.82065,2.8246052,3.0295565,5.0,0.03983546815134715
447,1542537836170,0.16104421,2.8220255,2.8266169999999997,3.2577965,5.0,0.039835455934042384
448,1542537836203,0.17266539,2.823401,2.8286757000000002,3.4860363,5.0,0.03983549433128593
449,1542537836236,0.18428662,2.8247763999999997,2.8307812,3.7142779999999997,5.0,0.03983545942470089
450,1542537836270,0.19590782,2.826152,2.8329341,3.9425178,5.0,0.0398354629153594
451,1542537836303,0.20752898,2.8275275,2.8351330000000003,4.170758,5.0,0.03983549258595667
452,1542537836336,0.21915023,2.8289032000000005,2.8373792,4.398999,5.0,0.039835464660688644
453,1542537836370,0.23077141,2.8302786,2.8396711,4.627239,5.0,0.039835464660688644
454,1542537836403,0.24239257,2.831654,2.8420095,4.8554792,5.0,0.039835489095298146
455,1542537836436,0.2540138,2.8330295,2.8443942000000004,5.083720700000001,5.0,0.0398354629153594
456,1542537836470,0.265635,2.8344052000000004,2.8468254,5.3119607,5.0,0.0398354629153594
457,1542537836503,0.27725616,2.8357806,2.8493020000000002,5.5402,5.0,0.0398354995672737
458,1542537836536,0.28887740000000006,2.8371560000000002,2.8518248,5.768441999999999,5.0,0.039835464660688685
459,1542537836570,0.3004986,2.8385314999999998,2.8543932,5.9966817,5.0,0.03983546989667641
460,1542537836603,0.31211975,2.8399072,2.8570075,6.2249217,5.0,0.03983548734996893
461,1542537836636,0.32374102,2.8412827999999997,2.859667,6.4531636,5.0,0.03983545418871316
462,1542537836670,0.33536217,2.842658,2.862372,6.6814029999999995,5.0,0.03983546466068867
463,1542537836703,0.34698334,2.8440335,2.865122,6.909642999999999,5.0,0.03983549956727371
464,1542537836736,0.35860458,2.845409,2.867917,7.137884599999999,5.0,0.039835471642005696
465,1542537836770,0.3702258,2.8467846000000003,2.8707576,7.3661246,5.0,0.039835471642005627
466,1542537836803,0.38184696,2.8481603,2.873643,7.5943646,5.0,0.03910157814483459
467,1542537836836,0.39346820000000005,2.8495355,2.8765726000000003,7.8226059999999995,5.0,0.03796478586181609
468,1542537836870,0.40508935,2.8509111000000003,2.879547,8.050846,5.0,0.03682801801340713
469,1542537836903,0.41671053,2.8522863,2.8825657000000002,8.279086,5.0,0.03569126761829072
470,1542537836936,0.42833180000000004,2.853662,2.885629,8.507327,0.0,0.034554482316589225
471,1542537836970,0.43995297,2.8550377,2.8887365000000003,8.735567,0.0,0.03341773192147282
472,1542537837003,0.45157415,2.8564131,2.8918880000000002,8.963807000000001,0.0,0.03228098152635639
473,1542537837036,0.46319538,2.8577886,2.895083,9.192049,0.0,0.031144196224654946
474,1542537837070,0.47481653,2.859164,2.8983218999999996,9.420289,0.0,0.030007410922953448
475,1542537837103,0.48643770000000003,2.8605397,2.9016043999999996,9.648529,0.0,0.028870660527837072
476,1542537837136,0.49548206,2.8588047000000003,2.9014251,9.834719999999999,0.0,0.028467803629891708
477,1542537837170,0.50311184,2.855363,2.899348,9.997828,0.0,0.028467803629891736
478,1542537837203,0.51074165,2.8519206,2.8972933,10.160936,0.0,0.028467838536476747
479,1542537837236,0.51837146,2.8484787999999996,2.8952617999999997,10.324045,0.0,0.02846782108318424
480,1542537837270,0.5260012,2.8450367,2.8932528,10.487153,0.0,0.028467803629891736
481,1542537837303,0.5336311,2.8415947,2.8912666000000002,10.650262,0.0,0.02846782108318424
482,1542537837336,0.5412609,2.8381526000000004,2.8893032,10.813371,0.0,0.028467803629891708
483,1542537837370,0.54889065,2.8347106,2.887363,10.97648,0.0,0.028467786176599175
484,1542537837403,0.55652046,2.8312685,2.8854458,11.139586999999999,0.0,0.028467838536476775
485,1542537837436,0.5641503000000001,2.8278265,2.8835514,11.302696000000001,0.0,0.02846782108318424
486,1542537837470,0.5717800999999999,2.8243847,2.8816805,11.465805,0.0,0.02846779490324544
487,1542537837503,0.5794099,2.8209424,2.879832,11.628913,0.0,0.028467821083184214
488,1542537837536,0.5870396999999999,2.8175004,2.8780069999999998,11.792023,0.0,0.028467786176599202
489,1542537837570,0.5946695,2.8140585,2.8762054,11.955131,0.0,0.028467803629891736
490,1542537837603,0.60229933,2.8106165,2.8744267999999997,12.118238,0.0,0.028467838536476747
491,1542537837636,0.6099292,2.8071747000000005,2.8726717999999996,12.281348,0.0,0.02846780362989168
492,1542537837670,0.61755896,2.8037324,2.8709397,12.444456,0.0,0.028467812356537947
493,1542537837703,0.6251886999999999,2.8002903,2.869231,12.607564,0.0,0.028467821083184214
494,1542537837736,0.6328186,2.7968482999999997,2.867546,12.770674,0.0,0.028467803629891708
495,1542537837770,0.64044833,2.7934062,2.865884,12.933782,0.0,0.02846780362989168
496,1542537837803,0.6480781999999999,2.7899642000000004,2.8642461,13.0968895,0.0,0.028092008061998575
497,1542537837836,0.65570796,2.7865222000000003,2.8626313,13.259998999999999,0.0,0.02649216072980423
498,1542537837870,0.66333777,2.78308,2.8610404,13.423107,0.0,0.02489235703084114
499,1542537837903,0.6709676,2.7796383,2.859473,13.586216,0.0,0.02329253587858557
500,1542537837936,0.67859745,2.776196,2.8579292,13.749325,0.0,0.021692714726330053
501,1542537837970,0.6862272,2.7727542,2.8564092999999997,13.912432999999998,0.0,0.02009289357407451
502,1542537838003,0.69385695,2.7693121,2.8549127999999997,14.0755415,0.0,0.018493081148465235
503,1542537838036,0.7014868000000001,2.76587,2.8534403,14.23865,0.0,0.016893251269563397
504,1542537838070,0.70911664,2.762428,2.8519914,14.401759,0.0,0.015293430117307771
505,1542537838103,0.7167464,2.7589862000000003,2.8505666,14.564867000000001,0.0,0.013693626418344762
506,1542537838136,0.7233078000000001,2.7558634,2.8492029,14.706443,0.0,0.012469609560628592
507,1542537838170,0.72638935,2.7537808,2.847973,14.777888,0.0,0.012469627013921125
508,1542537838203,0.7294709,2.7516982999999997,2.8467474,14.849333999999999,0.0,0.012469627013921125
509,1542537838236,0.7325524999999999,2.7496157,2.8455262,14.920779999999999,0.0,0.012469627013921125
510,1542537838270,0.73563415,2.7475336,2.8443098,14.992226,0.0,0.012469609560628592
511,1542537838303,0.73871577,2.7454507,2.843097,15.063671,0.0,0.012469644467213659
512,1542537838336,0.7417974,2.7433681,2.841889,15.135117000000001,0.0,0.01246962701392107
513,1542537838370,0.744879,2.7412857999999996,2.8406851000000004,15.206562,0.0,0.012469644467213659
514,1542537838403,0.74796057,2.7392032000000004,2.8394856,15.278007999999998,0.0,0.012469644467213659
515,1542537838436,0.7510422,2.7371206000000003,2.8382907000000004,15.349454000000001,0.0,0.01246962701392107
516,1542537838470,0.7541238,2.7350380000000003,2.8370998,15.420898999999999,0.0,0.012469644467213659
517,1542537838503,0.75720537,2.7329555,2.8359137000000003,15.492345000000002,0.0,0.01246962701392107
518,1542537838536,0.7602869000000001,2.7308729,2.8347316000000005,15.563791,0.0,0.01246962701392118
519,1542537838570,0.7633686,2.7287904999999997,2.833554,15.635237,0.0,0.012469609560628592
520,1542537838603,0.76645017,2.7267080000000004,2.8323810000000003,15.706682,0.0,0.012469644467213659
521,1542537838636,0.7695318,2.7246256,2.8312123,15.778129000000002,0.0,0.01246962701392107
522,1542537838670,0.7726134,2.7225428,2.8300478,15.849573999999999,0.0,0.012469644467213714
523,1542537838703,0.77569497,2.7204604,2.828888,15.92102,0.0,0.01246962701392107
524,1542537838736,0.7787765999999999,2.718378,2.8277327999999997,15.992466,0.0,0.012469627013921125
525,1542537838770,0.7818582,2.7162955,2.8265815,16.063910999999997,0.0,0.01246962701392118
526,1542537838803,0.7849398,2.714213,2.8254347,16.135357,0.0,0.011748038087976587
527,1542537838836,0.7880214,2.7121303,2.8242927000000004,16.206802,0.0,0.009970943843596036
528,1542537838870,0.79110295,2.7100477,2.8231547000000004,16.278248,0.0,0.008193884505800386
529,1542537838903,0.79418457,2.7079651,2.8220212000000005,16.349693,0.0,0.006416790261419836
530,1542537838936,0.7972661999999999,2.7058825,2.8208922999999997,16.42114,0.0,0.004639696017039119
531,1542537838970,0.80034775,2.7038002,2.819768,16.492586,0.0,0.00286263667924358
532,1542537839003,0.80342937,2.7017176,2.818648,16.564032,0.0,0.001085524981570385
533,1542537839036,0.806511,2.699635,2.8175325,16.635476999999998,0.0,-0.0006915169029326207
534,1542537839070,0.8095926,2.6975527,2.8164217000000002,16.706923,0.0,-0.0024686286006058156
535,1542537839103,0.8126741,2.6954700000000003,2.815315,16.778368,0.0,-0.004245670485108932
536,1542537839136,0.814116,2.6950803,2.8153584,16.80847,0.0,-0.005301158350252522
537,1542537839170,0.81315935,2.697166,2.8170787999999995,16.778095,0.0,-0.005301158350252522
538,1542537839203,0.81220263,2.6992521000000003,2.8188004,16.747723,0.0,-0.005301158350252466
539,1542537839236,0.81124604,2.7013377999999997,2.8205223,16.717348,0.0,-0.005301158350252466
540,1542537839270,0.8102893,2.7034237,2.8222454,16.686975,0.0,-0.005301140896959933
541,1542537839303,0.80933267,2.7055097000000004,2.8239691000000002,16.656603,0.0,-0.005301158350252411
542,1542537839336,0.8083760999999999,2.7075953,2.8256936,16.626228,0.0,-0.005301140896959933
543,1542537839370,0.8074194,2.7096815,2.8274193,16.595856,0.0,-0.005301158350252522
544,1542537839403,0.80646276,2.7117672,2.8291454,16.565481,0.0,-0.005301158350252466
545,1542537839436,0.805506,2.7138531,2.8308725,16.535109,0.0,-0.005301158350252411
546,1542537839470,0.8045494000000001,2.715939,2.8326004,16.504735999999998,0.0,-0.005301158350252411
547,1542537839503,0.80359274,2.7180247000000004,2.834329,16.474361,0.0,-0.005301140896959877
548,1542537839536,0.80263615,2.720111,2.8360586,16.443989000000002,0.0,-0.005301158350252466
549,1542537839570,0.80167943,2.7221966,2.8377886,16.413614000000003,0.0,-0.005301158350252522
550,1542537839603,0.8007228,2.7242825,2.8395197,16.383242000000003,0.0,-0.005301158350252522
551,1542537839636,0.79976606,2.7263683999999997,2.8412516,16.352869000000002,0.0,-0.005301158350252522
552,1542537839670,0.79880947,2.728454,2.8429842,16.322495,0.0,-0.005301175803545
553,1542537839703,0.7978529000000001,2.7305403,2.8447177000000003,16.292122,0.0,-0.005301175803544944
554,1542537839736,0.7968960999999999,2.7326259999999998,2.8464517999999996,16.261747,0.0,-0.005301132170313694
555,1542537839770,0.7959395,2.734712,2.848187,16.231375,0.0,-0.005301158350252466
556,1542537839803,0.79498285,2.7367977999999997,2.8499227000000005,16.201002,0.0,-0.005669108663157951
557,1542537839836,0.7940262,2.7388837,2.8516595000000002,16.170628,0.0,-0.0062225874755503785
558,1542537839870,0.79306954,2.7409697,2.853397,16.140255,0.0,-0.006776066287942806
559,1542537839903,0.7921129,2.7430553,2.8551349999999998,16.10988,0.0,-0.007329527647042644
560,1542537839936,0.7911562,2.7451413,2.8568740000000004,16.079507999999997,0.0,-0.007883041366020194
561,1542537839970,0.7901996,2.7472272,2.8586137000000003,16.049135,0.0,-0.008436520178412621
562,1542537840003,0.78924286,2.7493129,2.860354,16.01876,0.0,-0.00898998153751257
563,1542537840036,0.78828627,2.7513987999999996,2.8620954,15.988387,0.0,-0.009543477803197531
564,1542537840070,0.7873296,2.7534847,2.8638375,15.958014499999999,0.0,-0.01009698279552873
565,1542537840103,0.7863729,2.7555707000000003,2.8655806,15.927641,0.0,-0.010650470334567397
566,1542537840136,0.7848475,2.7599607,2.8693847999999997,15.876185999999999,0.0,-0.010836016287346872
567,1542537840170,0.7830351999999999,2.7655122000000003,2.8742306,15.8141,0.0,-0.01083599883405445
568,1542537840203,0.78122294,2.7710642999999995,2.8790807999999997,15.752015,0.0,-0.010836016287346983
569,1542537840236,0.77941066,2.776616,2.8839345,15.689929000000001,0.0,-0.010836016287347039
570,1542537840270,0.77759844,2.7821677000000005,2.8887916000000002,15.627842999999999,0.0,-0.010835998834054394
571,1542537840303,0.77578616,2.7877195,2.8936523999999997,15.565757999999999,0.0,-0.010836016287346928
572,1542537840336,0.77397394,2.7932715,2.8985171000000003,15.503672,0.0,-0.010836016287346928
573,1542537840370,0.7721617,2.7988234,2.9033852,15.441586,0.0,-0.010836016287346983
574,1542537840403,0.7703494000000001,2.804375,2.9082565,15.3795,0.0,-0.010836016287346928
575,1542537840436,0.76853704,2.8099267000000006,2.913132,15.317414000000001,0.0,-0.01083599883405445
576,1542537840470,0.7667248000000001,2.8154787999999997,2.918011,15.255328,0.0,-0.01083599883405445
577,1542537840503,0.7649126,2.8210306,2.9228932999999997,15.193242999999999,0.0,-0.010836016287346928
578,1542537840536,0.76310027,2.8265824,2.927779,15.131157,0.0,-0.010835998834054394
579,1542537840570,0.76128805,2.832134,2.932668,15.069071,0.0,-0.010835998834054339
580,1542537840603,0.7594758,2.837686,2.9375612999999996,15.006985999999998,0.0,-0.010836033740639461
581,1542537840636,0.75766355,2.8432379,2.9424574,14.9449,0.0,-0.010836016287346928
582,1542537840670,0.75585127,2.8487897,2.947357,14.882814000000002,0.0,-0.010836016287346983
583,1542537840703,0.754039,2.8543412999999997,2.95226,14.820727999999999,0.0,-0.010836016287346872
584,1542537840736,0.7522267,2.859893,2.9571664,14.758642000000002,0.0,-0.010835998834054422
585,1542537840770,0.7504145000000001,2.8654450000000002,2.9620764,14.696557,0.0,-0.010836016287347011
586,1542537840803,0.7486022,2.8709967,2.9669898,14.634471,0.0,-0.010591809818407932
587,1542537840836,0.7467899,2.8765482999999996,2.9719062000000003,14.572385,0.0,-0.010070410157667131
588,1542537840870,0.74497765,2.8821003,2.9768262,14.5103,0.0,-0.009549027950218864
589,1542537840903,0.74316543,2.8876522000000002,2.9817495,14.448214000000002,0.0,-0.009027663196063157
590,1542537840936,0.7413531,2.893204,2.9866759999999997,14.386126999999998,0.0,-0.008506246082029822
591,1542537840970,0.7395409000000001,2.8987556,2.9916055,14.324042000000002,0.0,-0.00798486387458161
592,1542537841003,0.7377286,2.9043076,2.996539,14.261956,0.0,-0.007463464213840754
593,1542537841036,0.7359163000000001,2.9098593999999998,3.0014752999999996,14.19987,0.0,-0.006942099459685047
594,1542537841070,0.73410404,2.9154112000000003,3.0064151000000003,14.137785000000001,0.0,-0.0064207172522367795
595,1542537841103,0.7322918,2.9209628,3.0113575,14.075698999999998,0.0,-0.005899317591495923
596,1542537841136,0.7323745,2.9319236,3.0220105999999998,14.027605,0.0,-0.0056221243996942005
597,1542537841170,0.73460793,2.9490228,3.0391421000000003,13.995393,0.0,-0.00562215930627924
598,1542537841203,0.7368414000000001,2.966122,3.0562747000000003,13.963181,0.0,-0.005622159306279267
599,1542537841236,0.73907495,2.9832213,3.0734086,13.930967,0.0,-0.005622124399694228
600,1542537841270,0.74130833,3.0003207,3.090544,13.898755,0.0,-0.005622124399694173
601,1542537841303,0.74354184,3.0174198,3.1076803,13.866543,0.0,-0.005622159306279212
602,1542537841336,0.7457753,3.0345192,3.1248178,13.834331,0.0,-0.005622159306279267
603,1542537841370,0.7480087,3.0516186000000003,3.1419568,13.802117,0.0,-0.005622124399694228
604,1542537841403,0.75024223,3.0687177000000005,3.1590967,13.769905,0.0,-0.005622141852986734
605,1542537841436,0.75247574,3.0858173,3.176238,13.737693,0.0,-0.00562215930627924
606,1542537841470,0.7547092,3.1029167,3.1933804,13.705480999999999,0.0,-0.005622159306279267
607,1542537841503,0.75694263,3.1200156000000003,3.2105231,13.673267000000001,0.0,-0.005622124399694228
608,1542537841536,0.75917614,3.137115,3.2276678,13.641055,0.0,-0.005622141852986734
609,1542537841570,0.7614095999999999,3.1542144,3.2448132000000003,13.608842999999998,0.0,-0.00562215930627924
610,1542537841603,0.7636430000000001,3.1713138,3.2619597999999996,13.576630999999999,0.0,-0.005622159306279267
611,1542537841636,0.76587653,3.1884131,3.2791072999999997,13.544417000000001,0.0,-0.005622124399694228
612,1542537841670,0.7681100000000001,3.2055123,3.2962556000000003,13.512204999999998,0.0,-0.005622141852986734
613,1542537841703,0.7703434,3.2226114,3.3134050000000004,13.479992999999999,0.0,-0.005622159306279212
614,1542537841736,0.7725769,3.2397107999999997,3.3305557,13.447779999999998,0.0,-0.005622141852986734
615,1542537841770,0.7748104,3.2568102000000003,3.3477072999999997,13.415567000000001,0.0,-0.005622124399694228
616,1542537841803,0.7770438000000001,3.2739096,3.3648597999999996,13.383354999999998,0.0,-0.00584618976906523
617,1542537841836,0.7792774,3.291009,3.3820129999999997,13.351142999999999,0.0,-0.006218555764978206
618,1542537841870,0.7815108000000001,3.3081079,3.399167,13.318929999999998,0.0,-0.006590904307598677
619,1542537841903,0.7837441999999999,3.3252072,3.4163222,13.286717000000001,0.0,-0.006963235396926698
620,1542537841936,0.7859776999999999,3.3423065999999997,3.4334786,13.254504999999998,0.0,-0.007335601392839647
621,1542537841970,0.78821117,3.359406,3.4506354,13.222292999999999,0.0,-0.007707967388752651
622,1542537842003,0.7904445999999999,3.3765053999999997,3.4677935,13.190079999999998,0.0,-0.0080803333846656
623,1542537842036,0.7926780999999999,3.3936047999999994,3.4849522000000004,13.157867000000001,0.0,-0.008452681927286099
624,1542537842070,0.7949116,3.410704,3.5021117,13.125654999999998,0.0,-0.008825047923199048
625,1542537842103,0.79714507,3.4278032999999994,3.5192718999999997,13.093442999999999,0.0,-0.009197413919112107
626,1542537842136,0.7977420999999999,3.4431508,3.534357,13.048392999999999,0.0,-0.009345714545654055
627,1542537842170,0.79725575,3.4573379,3.5480702000000006,12.994846,0.0,-0.009345714545654082
628,1542537842203,0.7967695,3.4715254,3.5617876,12.941299,0.0,-0.009345731998946588
629,1542537842236,0.7962832,3.4857127999999995,3.5755084000000004,12.887753,0.0,-0.009345731998946533
630,1542537842270,0.7957969,3.4999002999999997,3.5892332000000002,12.834206,0.0,-0.009345731998946533
631,1542537842303,0.7953104999999999,3.5140877,3.6029612999999996,12.780659,0.0,-0.009345731998946533
632,1542537842336,0.79482424,3.5282753,3.6166935,12.727111,0.0,-0.009345714545654055
633,1542537842370,0.7943379,3.5424626000000004,3.6304288000000002,12.673564,0.0,-0.009345714545654027
634,1542537842403,0.7938516,3.5566502,3.6441681000000004,12.620017,0.0,-0.009345714545654055
635,1542537842436,0.79336524,3.5708375,3.6579102999999997,12.566469999999999,0.0,-0.009345731998946505
636,1542537842470,0.792879,3.585025,3.6716566,12.512922999999999,0.0,-0.009345731998946533
637,1542537842503,0.7923927,3.5992122,3.6854055,12.459375999999999,0.0,-0.009345731998946533
638,1542537842536,0.79190636,3.6134,3.6991587,12.405828,0.0,-0.009345714545654055
639,1542537842570,0.79142,3.6275873,3.7129147000000002,12.352282,0.0,-0.009345714545654055
640,1542537842603,0.7909337,3.6417747000000005,3.7266738,12.298735,0.0,-0.009345714545654082
641,1542537842636,0.79044735,3.655962,3.7404366000000002,12.245188,0.0,-0.009345714545654082
642,1542537842670,0.7899611,3.6701492999999994,3.7542023999999996,12.191641,0.0,-0.009345714545654
643,1542537842703,0.7894748,3.6843371,3.7679715,12.138094,0.0,-0.009345731998946588
644,1542537842736,0.7889885,3.6985245000000004,3.7817437999999997,12.084547,0.0,-0.009345731998946588
645,1542537842770,0.78850216,3.7127117999999997,3.795519,12.030999000000001,0.0,-0.009345714545654027
646,1542537842803,0.78801584,3.7268991000000002,3.8092973,11.977452,0.0,-0.009593900365287622
647,1542537842836,0.7875295,3.7410870000000003,3.823079,11.923905,0.0,-0.010420907178052635
648,1542537842870,0.7870431999999999,3.7552742999999995,3.8368635,11.870358,0.0,-0.011247931444110099
649,1542537842903,0.7865569,3.7694616,3.850651,11.816811999999999,0.0,-0.012074973163460151
650,1542537842936,0.7860706000000001,3.7836491999999997,3.8644413999999996,11.763264999999999,0.0,-0.012902006156163909
651,1542537842970,0.7855842,3.7978365,3.8782346,11.709717999999999,0.0,-0.013729039148867667
652,1542537843003,0.78509796,3.8120239000000002,3.892031,11.656171,0.0,-0.014556063414925269
653,1542537843036,0.7846116,3.8262115,3.9058300999999997,11.602623,0.0,-0.015383070227690226
654,1542537843070,0.7841253,3.8403987999999996,3.9196322,11.549076,0.0,-0.016210077040455184
655,1542537843103,0.78363895,3.8545864,3.9334369,11.495529,0.0,-0.017037118759805236
656,1542537843136,0.781513,3.8666756,3.9448627999999997,11.427762,0.0,-0.017615939752936682
657,1542537843170,0.7755625,3.8738718,3.9507443999999996,11.326831,0.0,-0.01761595720622916
658,1542537843203,0.76961213,3.881068,3.956639,11.225899,0.0,-0.017615965932875427
659,1542537843236,0.7636616,3.8882642,3.9625468,11.124967,0.0,-0.017615974659521694
660,1542537843270,0.7577111999999999,3.8954604,3.968468,11.0240345,0.0,-0.01761594847958295
661,1542537843303,0.75176084,3.9026566,3.9744022000000006,10.923102,0.0,-0.01761595720622916
662,1542537843336,0.74581033,3.9098525,3.9803492999999994,10.82217,0.0,-0.017615939752936627
663,1542537843370,0.7398599,3.917049,3.9863098,10.721238,0.0,-0.017615939752936627
664,1542537843403,0.7339095,3.9242449,3.9922826000000002,10.620307,0.0,-0.01761595720622916
665,1542537843436,0.727959,3.9314410000000004,3.9982687999999995,10.519374000000001,0.0,-0.017615939752936682
666,1542537843470,0.7220085999999999,3.9386375,4.004267700000001,10.418443,0.0,-0.017615974659521666
667,1542537843503,0.71605814,3.9458337,4.0102797,10.317511,0.0,-0.017615974659521694
668,1542537843536,0.7101076999999999,3.9530296000000003,4.0163035,10.2165785,0.0,-0.017615965932875455
669,1542537843570,0.70415723,3.9602256000000002,4.022341,10.115646,0.0,-0.017615939752936627
670,1542537843603,0.6982069000000001,3.967422,4.0283904,10.014714999999999,0.0,-0.017615974659521638
671,1542537843636,0.6922564,3.9746182,4.034453,9.913782000000001,0.0,-0.017615939752936682
672,1542537843670,0.68630594,3.9818144,4.0405273,9.812851,0.0,-0.017615957206229188
673,1542537843703,0.68035555,3.9890102999999995,4.046614,9.711919,0.0,-0.01761595720622916
674,1542537843736,0.6744051,3.9962068,4.052714,9.610987,0.0,-0.017615974659521694
675,1542537843770,0.66845465,4.0034027000000005,4.058825499999999,9.510055,0.0,-0.017615974659521694
676,1542537843803,0.6625042,4.010599,4.06495,9.409122,0.0,-0.018525500639320958
677,1542537843836,0.65655375,4.017795,4.071086,9.30819,0.0,-0.02047573154549942
678,1542537843870,0.6506033,4.0249915000000005,4.0772343,9.207258,0.0,-0.022425962451677883
679,1542537843903,0.6446529000000001,4.0321875,4.0833945,9.106327,0.0,-0.02437623699108768
680,1542537843936,0.6387024,4.039384,4.089567,9.005394,0.0,-0.02632645393463212
681,1542537843970,0.6327520000000001,4.0465800000000005,4.095752200000001,8.904463,0.0,-0.028276698803444578
682,1542537844003,0.62680155,4.053776,4.101948,8.803531,0.0,-0.030226955889561827
683,1542537844036,0.62085116,4.0609720000000005,4.1081567,8.702599000000001,0.0,-0.032177193777057356
684,1542537844070,0.6149007,4.0681686,4.114376999999999,8.601666,0.0,-0.03412740024862623
685,1542537844103,0.60895026,4.0753646,4.120609,8.500734,4.0,-0.03607766606138975
686,1542537844136,0.5987444000000001,4.0819836,4.125662,8.347689,4.0,-0.0371183535344764
687,1542537844170,0.5836695,4.0879416,4.129399299999999,8.135017,4.0,-0.037118353534476414
688,1542537844203,0.5685946999999999,4.093899700000001,4.133197,7.922345,4.0,-0.03711837971441517
689,1542537844236,0.5535197,4.099858,4.1370544,7.7096715,4.0,-0.0371183570251349
690,1542537844270,0.5384449,4.105816,4.140971700000001,7.496999300000001,4.0,-0.0371183500438179
691,1542537844303,0.52337,4.1117744,4.1449494,7.2843275,4.0,-0.03711837971441517
692,1542537844336,0.50829506,4.117732,4.1489854,7.071654,4.0,-0.037118360515793425
693,1542537844370,0.49322024,4.123690600000001,4.153082,6.858981599999999,4.0,-0.037118346553159376
694,1542537844403,0.47814540000000005,4.129648,4.1572366,6.646310000000001,4.0,-0.03711838844106145
695,1542537844436,0.46307045,4.135607,4.1614512999999995,6.433636,4.0,-0.037118353534476387
696,1542537844470,0.4479956,4.141565,4.1657243,6.220964,4.0,-0.037118353534476414
697,1542537844503,0.43292078,4.1475230000000005,4.170056,6.008292,4.0,-0.03711837796908592
698,1542537844536,0.4178458,4.153481,4.174446,5.7956185,4.0,-0.03711835178914716
699,1542537844570,0.40277097,4.1594396,4.178895,5.5829463,4.0,-0.037118348298488646
700,1542537844603,0.38769615,4.1653976,4.183401600000001,5.3702745,4.0,-0.03711837971441518
701,1542537844636,0.37262118,4.1713557,4.187966,5.1576010000000005,4.0,-0.03711835353447642
702,1542537844670,0.35754633,4.177314,4.192588,4.944928599999999,4.0,-0.03711834655315936
703,1542537844703,0.34247150000000004,4.1832724,4.197267500000001,4.732257,4.0,-0.037118383205073685
704,1542537844736,0.32739654,4.1892304,4.2020044,4.519583,4.0,-0.037118348298488646
705,1542537844770,0.31232170000000004,4.1951885,4.2067986,4.306911,4.0,-0.03711834829848865
706,1542537844803,0.29724684,4.2011465999999995,4.211649400000001,4.094239,4.0,-0.03659397634203173
707,1542537844836,0.28217190000000003,4.2071046999999995,4.2165565,3.8815656,0.0,-0.03435698434909209
708,1542537844870,0.26709706,4.213063,4.221521,3.6688936,0.0,-0.03212001679076197
709,1542537844903,0.25202220000000003,4.219021,4.2265415,3.4562216,0.0,-0.029882515161680754
710,1542537844936,0.23694727,4.2249794000000005,4.2316184,3.243548,0.0,-0.027645519678082618
711,1542537844970,0.22187242,4.2309375,4.236751,3.0308759999999997,0.0,-0.025408552119752497
712,1542537845003,0.20679757,4.2368955999999995,4.241939,2.818204,0.0,-0.023171582816093148
713,1542537845036,0.19172262,4.242853599999999,4.2471833,2.6055303,0.0,-0.020934585587165752
714,1542537845070,0.17664777,4.248812,4.2524824,2.3928583,0.0,-0.01869761802883565
715,1542537845103,0.16157293,4.254770300000001,4.257837,2.1801863,0.0,-0.016460650470505534
716,1542537845136,0.14854974,4.2604127,4.2630014,1.9975585999999999,0.0,-0.014748053123303104
717,1542537845170,0.14222518,4.2650239999999995,4.267395,1.9130554,0.0,-0.014748053123303108
718,1542537845203,0.13590062,4.269635,4.271797,1.8285522,0.0,-0.014748053123303104
719,1542537845236,0.12957601,4.274246700000001,4.2762103,1.7440796000000003,0.0,-0.014748586321389597
720,1542537845270,0.12325145,4.2788580000000005,4.280633,1.6595764,0.0,-0.014748585448724968
721,1542537845303,0.1169269,4.283469,4.2850647,1.5750732,0.0,-0.014748053123303108
722,1542537845336,0.110602304,4.288081,4.2895074,1.4905701,0.0,-0.014748053995967738
723,1542537845370,0.104277745,4.292692,4.2939587,1.4060669,0.0,-0.014748053123303106
724,1542537845403,0.09795319999999999,4.2973037000000005,4.29842,1.3215636999999998,0.0,-0.014748053123303104
725,1542537845436,0.09162859599999999,4.301915,4.302891000000001,1.2370605,0.0,-0.014748052599704332
726,1542537845470,0.08530404,4.306526,4.3073707,1.1525573999999998,0.0,-0.01474805399596773
727,1542537845503,0.07897948,4.3111377,4.311861,1.0680542,0.0,-0.014748053472368957
728,1542537845536,0.07265487,4.315748999999999,4.316361,0.9835510000000001,0.0,-0.014748053123303111
729,1542537845570,0.06633032,4.3203607,4.320869999999999,0.89904785,0.0,-0.014748053472368957
730,1542537845603,0.06000577,4.324972,4.3253884000000005,0.8145446999999999,0.0,-0.014748114209826468
731,1542537845636,0.053681165,4.329583,4.329916000000001,0.730072,0.0,-0.014748590684711793
732,1542537845670,0.047356613,4.3341947,4.334453599999999,0.64556885,0.0,-0.014748535706841537
733,1542537845703,0.041032057000000004,4.338806,4.3389999999999995,0.5610656999999999,0.0,-0.014748131663118613
734,1542537845736,0.034707457000000004,4.343418,4.343557,0.4765625,0.0,-0.014748075812582861
735,1542537845770,0.0283829,4.348029,4.348121599999999,0.39205933,0.0,-0.01474802048564694
736,1542537845803,0.022058342,4.3526406,4.352696400000001,0.30755615,0.0,-0.015853805598239568
737,1542537845836,0.015733741000000002,4.357252,4.3572803,0.22305298,0.0,-0.01884524460921977
738,1542537845870,0.009409184000000001,4.361863,4.361873,0.13854979999999997,0.0,-0.02183633437981758
739,1542537845903,0.0030846298,4.3664746,4.366475599999999,0.05404663,0.0,-0.024827598857874555
740,1542537845936,-0.0032399707000000002,4.371086,4.3710876,359.96954,0.0,-0.02781880294753858
741,1542537845970,-0.009564526,4.375697,4.375707599999999,359.88504,0.0,-0.03081064635130648
742,1542537846003,-0.01588908,4.380308599999999,4.380337,359.80054,0.0,-0.03380196615629938
743,1542537846036,-0.022213686,4.38492,4.3849764,359.71606,4.0,-0.036793635027144056
744,1542537846070,-0.028538237999999997,4.3895316,4.3896246,359.63156000000004,4.0,-0.03978495483213518
745,1542537846103,-0.034862794,4.3941426,4.394280999999999,359.54706,4.0,-0.042776798235904856
746,1542537846136,-0.045969552999999996,4.395719000000001,4.395959400000001,359.3992,4.0,-0.04466227742683326
747,1542537846170,-0.06523532,4.392117,4.3926015,359.1433,4.0,-0.04466210289391004
748,1542537846203,-0.08450107,4.388514499999999,4.389328,358.88742,4.0,-0.04466227742683504
749,1542537846236,-0.10376698,4.3849125,4.38614,358.63153,4.0,-0.044662801025609156
750,1542537846270,-0.123032734,4.3813105000000006,4.3830376,358.37564,4.0,-0.044662801025610044
751,1542537846303,-0.1422985,4.3777084,4.3800206,358.11972000000003,4.0,-0.04466227742683415
752,1542537846336,-0.1615644,4.374105999999999,4.377089,357.86383,4.0,-0.04466227742683415
753,1542537846370,-0.18083017,4.3705034000000005,4.374243,357.60794,4.0,-0.04466227742683415
754,1542537846403,-0.20009592,4.366901400000001,4.3714832999999995,357.35205,4.0,-0.04466280102561093
755,1542537846436,-0.21936181,4.363299400000001,4.36881,357.09612999999996,4.0,-0.04466227742683326
756,1542537846470,-0.23862757,4.359697,4.366223000000001,356.84024,4.0,-0.04466227742683504
757,1542537846503,-0.25789332,4.3560944,4.363722,356.58435,4.0,-0.04466210289390826
758,1542537846536,-0.27715924,4.3524923,4.361307599999999,356.32846,4.0,-0.044662801025609156
759,1542537846570,-0.296425,4.3488903,4.358981,356.07254,4.0,-0.04466227742683504
760,1542537846603,-0.31569076,4.3452873,4.35674,355.81665,4.0,-0.04466210289390826
761,1542537846636,-0.33495665,4.341686,4.3545875999999994,355.56076,4.0,-0.04466227742683415
762,1542537846670,-0.35422242,4.3380833,4.352521,355.30487,4.0,-0.04466245195975915
763,1542537846703,-0.3734882,4.334481200000001,4.3505425,355.04898,4.0,-0.044662626492683266
764,1542537846736,-0.39275408,4.330879,4.3486514000000005,354.79306,4.0,-0.04466227742683415
765,1542537846770,-0.41201985,4.3272767,4.3468475,354.53717,4.0,-0.04466245195975915
766,1542537846803,-0.4312856,4.323674,4.3451314000000005,354.28128,4.0,-0.039890896317731794
767,1542537846836,-0.45055148,4.320072,4.343503,354.0254,0.0,-0.032385806001230755
768,1542537846870,-0.46981722,4.3164697,4.3419623,353.76947,0.0,-0.024879144888403815
769,1542537846903,-0.48908302,4.3128676,4.3405104,353.51358,0.0,-0.017373880038975997
770,1542537846936,-0.50834894,4.3092656,4.3391459999999995,353.2577,0.0,-0.00986809159077584
771,1542537846970,-0.5276147,4.305663,4.337869599999999,353.0018,0.0,-0.0023628267413506876
772,1542537847003,-0.5468804,4.302061,4.336682,352.7459,0.0,0.005143485305627138
773,1542537847036,-0.5661463000000001,4.298458599999999,4.335582,352.49,0.0,0.01264875015505229
774,1542537847070,-0.5854121,4.2948565,4.3345704000000005,352.2341,0.0,0.020155062202030116
775,1542537847103,-0.60467786,4.291254,4.3336473,351.9782,0.0,0.027660327051457045
776,1542537847136,-0.6031478,4.286316,4.328543700000001,351.9957,0.0,0.030394559857630732
777,1542537847170,-0.5896996,4.280613,4.3210406,352.16983,0.0,0.030395257989331625
778,1542537847203,-0.57625145,4.2749095,4.3135734,352.344,0.0,0.030394559857629844
779,1542537847236,-0.5628032,4.269205599999999,4.306143,352.51813,0.0,0.030395083456405736
780,1542537847270,-0.5493551,4.263502,4.2987485,352.6923,0.0,0.030394559857630732
781,1542537847303,-0.5359069000000001,4.2577987,4.291392299999999,352.86642,0.0,0.030395257989332514
782,1542537847336,-0.52245873,4.2520957,4.284073,353.0406,0.0,0.03039438532470573
783,1542537847370,-0.50901055,4.246392299999999,4.276790599999999,353.21472,0.0,0.030395257989330737
784,1542537847403,-0.49556237,4.2406883,4.2695456,353.3889,0.0,0.03039438532470662
785,1542537847436,-0.48211414,4.234985,4.2623386,353.56302,0.0,0.030395083456405736
786,1542537847470,-0.46866599999999997,4.2292814000000005,4.25517,353.73717999999997,0.0,0.03039473439055751
787,1542537847503,-0.45521784,4.223578,4.2480392,353.91135,0.0,0.030394559857630732
788,1542537847536,-0.44176957,4.217874500000001,4.240946299999999,354.08547999999996,0.0,0.030395257989332514
789,1542537847570,-0.42832145,4.212171,4.2338924,354.25964,0.0,0.030394734390555733
790,1542537847603,-0.4148733,4.2064676,4.226877,354.43377999999996,0.0,0.030395257989332514
791,1542537847636,-0.40142506,4.2007637,4.2199,354.60794,0.0,0.030394734390555733
792,1542537847670,-0.38797688,4.1950607,4.212962999999999,354.78207000000003,0.0,0.03039543252225574
793,1542537847703,-0.37452877,4.189357299999999,4.2060657,354.95624,0.0,0.030394559857632508
794,1542537847736,-0.36108049999999997,4.183654,4.199207,355.13037,0.0,0.03039543252225574
795,1542537847770,-0.34763235,4.1779504,4.192387999999999,355.30453,0.0,0.030394734390555733
796,1542537847803,-0.3341842,4.1722470000000005,4.1856089999999995,355.47867,0.0,0.030468212752063906
797,1542537847836,-0.32073596,4.166544,4.1788707,355.65283,0.0,0.030878888725058395
798,1542537847870,-0.30728779999999994,4.16084,4.1721716,355.827,0.0,0.03128886656635377
799,1542537847903,-0.29383963,4.1551366000000005,4.1655135,356.00113,0.0,0.03169989160519826
800,1542537847936,-0.2803914,4.149433,4.1588955,356.1753,0.0,0.032110567578190974
801,1542537847970,-0.26694328,4.1437297,4.152319,356.34943,0.0,0.03252141808411224
802,1542537848003,-0.25349510000000003,4.138026,4.1457834,356.5236,0.0,0.03293191952418173
803,1542537848036,-0.24004687,4.132323,4.1392894,356.69772,0.0,0.03334329362887445
804,1542537848070,-0.22659871,4.1266193,4.1328363,356.8719,0.0,0.03375327147017071
805,1542537848103,-0.21315056,4.120916,4.126425,357.04602,0.0,0.03416447104193843
806,1542537848136,-0.19958079,4.11599,4.120826200000001,357.22437,0.0,0.03450166865342297
807,1542537848170,-0.18545055,4.114654,4.118831,357.42206,0.0,0.034501668653424744
808,1542537848203,-0.17132032,4.1133175,4.116883799999999,357.61972000000003,0.0,0.03450236678512297
809,1542537848236,-0.15719,4.111981,4.114984,357.8174,0.0,0.03450201771927297
810,1542537848270,-0.14305976,4.1106443,4.113133,358.0151,0.0,0.034501668653423856
811,1542537848303,-0.12892953,4.109307299999999,4.1113290000000005,358.21277000000003,0.0,0.03450229191049825
812,1542537848336,-0.11479921,4.1079707,4.109575,358.41046,0.0,0.03450180950149395
813,1542537848370,-0.10066897,4.106634,4.1078677,358.60815,0.0,0.034501859592444006
814,1542537848403,-0.08653874,4.1052976,4.1062093,358.80582000000004,0.0,0.034501726249287934
815,1542537848436,-0.07240841,4.103961,4.1045995,359.0035,0.0,0.03450195069863149
816,1542537848470,-0.058278172999999996,4.1026244,4.103038300000001,359.20117,0.0,0.03450234933183349
817,1542537848503,-0.044147953,4.101287999999999,4.1015253,359.39886,0.0,0.03450186762095875
818,1542537848536,-0.030017613999999998,4.0999513,4.100061,359.59656,0.0,0.03450174370258274
819,1542537848570,-0.015887387,4.098614700000001,4.0986457000000005,359.79422,0.0,0.034501783845155565
820,1542537848603,-0.0017571523999999998,4.0972786,4.097279,359.9919,0.0,0.034502008992628674
821,1542537848636,0.012373179,4.0959415,4.09596,0.18960571,0.0,0.03450178541595087
822,1542537848670,0.026503414,4.0946050000000005,4.094691,0.38726807,0.0,0.03450178436875332
823,1542537848703,0.04063365,4.0932684,4.09347,0.58496094,0.0,0.03450178489235209
824,1542537848736,0.05476398,4.091932,4.092298,0.7826233,0.0,0.03450231617057639
825,1542537848770,0.068894215,4.0905952,4.091175,0.98031616,0.0,0.03450178454328624
826,1542537848803,0.08302443,4.0892587,4.0901012,1.178009,0.0,0.034501785590483794
827,1542537848836,0.09715477,4.087922,4.0890765,1.3756714,0.0,0.03450178384515454
828,1542537848870,0.11128499,4.0865855,4.0881004,1.5733643,0.0,0.03450178559048378
829,1542537848903,0.12541522,4.085249,4.0871735000000005,1.7710266,0.0,0.03450231791590564
830,1542537848936,0.13954556,4.0839124,4.0862956,1.9687195,5.0,0.03645570437737173
831,1542537848970,0.15367578,4.082576,4.0854672999999995,2.1664124,5.0,0.038700531153323545
832,1542537849003,0.16780603,4.081239,4.084687000000001,2.3640747,5.0,0.04094594435990406
833,1542537849036,0.18193635,4.079902,4.0839567,2.5617676,5.0,0.04319077113585592
834,1542537849070,0.19606659,4.078566,4.0832763,2.7594604,5.0,0.04543560140246625
835,1542537849103,0.21019682,4.0772295,4.082644,2.9571228,5.0,0.04768100239174197
836,1542537849136,0.22432716,4.075893,4.0820620000000005,3.1548157000000003,5.0,0.049925829167693836
837,1542537849170,0.23845737,4.0745564,4.081528,3.352478,5.0,0.05217120223170154
838,1542537849203,0.25258762,4.0732193,4.0810437,3.5501709999999997,5.0,0.054416067404896934
839,1542537849236,0.26671794,4.071883000000001,4.0806093,3.7478637999999997,5.0,0.056660895926178026
840,1542537849270,0.28848675,4.0685544,4.078769,4.0574775,5.0,0.05695233624066379
841,1542537849303,0.31139427,4.064928500000001,4.0768379999999995,4.3837895,5.0,0.056952383364553605
842,1542537849336,0.334302,4.061303,4.0750383999999995,4.7101045,5.0,0.05695233624066377
843,1542537849370,0.35720956,4.0576777,4.0733705,5.0364165000000005,5.0,0.05695233624066377
844,1542537849403,0.3801171,4.0540514,4.071832700000001,5.3627286,5.0,0.056952369401919584
845,1542537849436,0.4030248,4.050426,4.0704274,5.689043,5.0,0.05695234496731007
846,1542537849470,0.42593235,4.0468006,4.069154,6.0153550000000005,5.0,0.056952344967310026
847,1542537849503,0.44883984,4.043174700000001,4.0680118,6.3416677,5.0,0.0569523676565903
848,1542537849536,0.4717476,4.039549,4.0670013,6.667982,5.0,0.056952327514017506
849,1542537849570,0.49465513,4.0359235,4.066123999999999,6.994294,5.0,0.05695232751401755
850,1542537849603,0.5175627,4.032297600000001,4.0653777,7.320606,5.0,0.056952379873895065
851,1542537849636,0.54047036,4.028672,4.064764,7.6469207,5.0,0.056952332750005275
852,1542537849670,0.5633779999999999,4.025047,4.0642830000000005,7.9732330000000005,5.0,0.05695233624066379
853,1542537849703,0.5862854999999999,4.0214214,4.0639343,8.299545,5.0,0.05695237987389509
854,1542537849736,0.6091932,4.0177955999999995,4.0637174,8.625859,5.0,0.056952353693956265
855,1542537849770,0.6321007,4.0141697,4.0636325,8.952172000000001,5.0,0.056952344967310026
856,1542537849803,0.65500826,4.010544,4.063680000000001,9.278483999999999,5.0,0.05193637341683349
857,1542537849836,0.677916,4.0069184,4.063861,9.604797999999999,5.0,0.04427984088113715
858,1542537849870,0.7008234999999999,4.003293,4.0641737000000004,9.93111,5.0,0.03662332579873326
859,1542537849903,0.72373104,3.9996671999999998,4.0646186,10.257422,0.0,0.028966810716329366
860,1542537849936,0.7466388,3.9960415,4.065196,10.583737,0.0,0.02131026072734052
861,1542537849970,0.7695463,3.9924157,4.065905,10.910049,0.0,0.013653745644936655
862,1542537850003,0.7924539,3.9887903,4.066747,11.236361500000001,0.0,0.005997239289179113
863,1542537850036,0.81536156,3.9851644,4.0677204,11.562676,0.0,-0.0016593019731635517
864,1542537850070,0.83826905,3.981539,4.0688260000000005,11.8889885,0.0,-0.009315825782213627
865,1542537850103,0.86117667,3.9779134,4.070064,12.215301,0.0,-0.016972349591263702
866,1542537850136,0.8645023000000001,3.9812307000000002,4.0740110000000005,12.254219,0.0,-0.019612875669898527
867,1542537850170,0.85751957,3.9882035000000005,4.079351399999999,12.141846000000001,0.0,-0.019612893123191005
868,1542537850203,0.85053676,3.9951758,4.084708,12.029472,0.0,-0.019612875669898444
869,1542537850236,0.8435539000000001,4.002148600000001,4.0900826,11.917098,0.0,-0.01961285821660594
870,1542537850270,0.83657116,4.0091209999999995,4.095473999999999,11.804725,0.0,-0.019612875669898472
871,1542537850303,0.82958835,4.016093700000001,4.100880999999999,11.692350999999999,0.0,-0.019612875669898444
872,1542537850336,0.8226056,4.0230665,4.106305600000001,11.579978,0.0,-0.0196128756698985
873,1542537850370,0.8156228,4.030039,4.111746,11.467605,0.0,-0.019612893123190978
874,1542537850403,0.8086399999999999,4.037011,4.1172028,11.355231,0.0,-0.019612875669898472
875,1542537850436,0.8016572,4.043984,4.1226764,11.242857,0.0,-0.019612866943252233
876,1542537850470,0.79467446,4.050956200000001,4.1281657,11.130484,0.0,-0.019612875669898444
877,1542537850503,0.78769165,4.057929,4.133672,11.01811,0.0,-0.0196128756698985
878,1542537850536,0.7807089,4.064901399999999,4.139194,10.905737,0.0,-0.019612884396544766
879,1542537850570,0.7737261,4.071874,4.1447330000000004,10.793364,0.0,-0.019612893123191005
880,1542537850603,0.7667433000000001,4.0788470000000006,4.1502876,10.68099,0.0,-0.019612875669898472
881,1542537850636,0.7597605,4.0858192,4.155858,10.568616,0.0,-0.019612875669898472
882,1542537850670,0.75277776,4.0927916,4.161444,10.456242999999999,0.0,-0.019612875669898444
883,1542537850703,0.745795,4.0997639999999995,4.167046,10.343869,0.0,-0.0196128756698985
884,1542537850736,0.7388121999999999,4.1067367,4.1726646,10.231496,0.0,-0.019612893123190978
885,1542537850770,0.7318294,4.113709399999999,4.1782985,10.119122500000001,0.0,-0.019612884396544766
886,1542537850803,0.7248465999999999,4.120682,4.183948,10.006749000000001,0.0,-0.018099186516228827
887,1542537850836,0.7178638,4.1276546000000005,4.1896133,9.894375,0.0,-0.012392605634030607
888,1542537850870,0.71088105,4.1346273,4.195294400000001,9.7820015,0.0,-0.00668601602518612
889,1542537850903,0.70389825,4.1415997,4.20099,9.669628,0.0,-0.0009794089630491276
890,1542537850936,0.69691545,4.1485724,4.206702,9.557255,0.0,0.004727154465856559
891,1542537850970,0.6899327,4.1555447999999995,4.212429,9.444881,0.0,0.010433752801347257
892,1542537851003,0.6829499,4.162517,4.218171,9.332508,0.0,0.01614035113683801
893,1542537851036,0.6759670999999999,4.169490000000001,4.223929,9.220134,0.0,0.021846949472328764
894,1542537851070,0.6689843000000001,4.1764627,4.229702,9.10776,0.0,0.027553530354526956
895,1542537851103,0.6620016,4.183435,4.23549,8.995387,0.0,0.033260128690017765
896,1542537851136,0.66139084,4.1891513,4.2410407,8.969742,5.0,0.03745303787183879
897,1542537851170,0.6784305,4.1913860000000005,4.245938,9.184331,5.0,0.037453037871838846
898,1542537851203,0.69547015,4.1936216,4.2508989999999995,9.398921000000001,5.0,0.037453055325131324
899,1542537851236,0.7125099,4.195857,4.2559237,9.613512,5.0,0.037453037871838846
900,1542537851270,0.7295495,4.198092,4.261011,9.828101,5.0,0.037453037871838846
901,1542537851303,0.7465892,4.200327400000001,4.266163,10.042691,5.0,0.037453072778423885
902,1542537851336,0.76362896,4.202563,4.271376999999999,10.257282,5.0,0.037453037871838846
903,1542537851370,0.7806685999999999,4.2047977,4.276654,10.471872,5.0,0.037453037871838846
904,1542537851403,0.7977083,4.207033,4.2819934,10.686461,5.0,0.03745307277842394
905,1542537851436,0.81474805,4.209268,4.2873944999999996,10.901052,5.0,0.037453037871838846
906,1542537851470,0.8317877,4.211504,4.2928586,11.115642999999999,5.0,0.03745302041854634
907,1542537851503,0.84882736,4.213739,4.2983839999999995,11.330232,5.0,0.03745305532513135
908,1542537851536,0.86586714,4.215974299999999,4.303971,11.544823,5.0,0.03745302041854634
909,1542537851570,0.8829068000000001,4.2182097,4.3096190000000005,11.759413,5.0,0.03745302914519255
910,1542537851603,0.89994645,4.2204447,4.315328,11.974002,5.0,0.03745306405177762
911,1542537851636,0.9169861999999999,4.22268,4.3210983,12.188594,5.0,0.03745302041854631
912,1542537851670,0.93402594,4.2249155,4.326929,12.403183,5.0,0.03745303787183882
913,1542537851703,0.95106554,4.2271504,4.33282,12.617773,5.0,0.03745305532513138
914,1542537851736,0.9681053,4.229386,4.3387709999999995,12.832364,5.0,0.03745303787183882
915,1542537851770,0.985145,4.231621,4.3447814000000005,13.046953,5.0,0.03745303787183887
916,1542537851803,1.0021845999999999,4.233855999999999,4.350852,13.261543,5.0,0.038393281646473265
917,1542537851836,1.0192244000000001,4.236092,4.356982,13.476134,5.0,0.04021404402873874
918,1542537851870,1.0362641,4.238327,4.3631706,13.690723,5.0,0.042034806411004266
919,1542537851903,1.0533037,4.2405624,4.3694185999999995,13.9053135,5.0,0.043855629879793634
920,1542537851936,1.0703435,4.2427980000000005,4.375725,14.1199045,5.0,0.04567639226205916
921,1542537851970,1.0873832,4.245033,4.382089,14.334494,5.0,0.04749718082426346
922,1542537852003,1.1044228,4.2472677,4.3885117,14.549083999999999,5.0,0.04931797811311406
923,1542537852036,1.1214626,4.2495036,4.394993,14.763675,5.0,0.05113872304208694
924,1542537852070,1.1385021999999998,4.2517385,4.40153,14.978264999999999,5.0,0.052959485424352526
925,1542537852103,1.1555419,4.2539735,4.4081254,15.192854,5.0,0.05478031761978813
926,1542537852136,1.1774280000000001,4.2544947,4.4144154,15.461316,5.0,0.055660853680711775
927,1542537852170,1.2038528999999998,4.2534103,4.4204935999999995,15.780229,5.0,0.0556608362274193
928,1542537852203,1.2302777,4.2523254999999995,4.4267205999999995,16.09914,5.0,0.05566090604058932
929,1542537852236,1.2567028,4.2512407,4.433097,16.418056,5.0,0.05566083622741924
930,1542537852270,1.2831275,4.250156,4.439622,16.736969000000002,5.0,0.05566083622741924
931,1542537852303,1.3095523,4.249071,4.4462943,17.055882,5.0,0.05566085368071183
932,1542537852336,1.3359773000000001,4.247987,4.4531145,17.374796,5.0,0.055660836227419186
933,1542537852370,1.3624022,4.2469019999999995,4.4600800000000005,17.693707999999997,5.0,0.05566085368071183
934,1542537852403,1.388827,4.245817,4.467192,18.012620000000002,5.0,0.0556608885872969
935,1542537852436,1.415252,4.2447324,4.4744487,18.331535000000002,5.0,0.05566083622741924
936,1542537852470,1.4416768999999998,4.243648,4.48185,18.650448,5.0,0.05566083622741924
937,1542537852503,1.4681017,4.2425632,4.4893947,18.96936,5.0,0.05566087113400431
938,1542537852536,1.4945266000000001,4.241478400000001,4.497082,19.288275,5.0,0.0556608362274193
939,1542537852570,1.5209515,4.240394,4.5049124,19.607187,5.0,0.05566083622741935
940,1542537852603,1.5473763999999999,4.2393093,4.512883,19.9261,5.0,0.05566085368071183
941,1542537852636,1.5738013000000002,4.2382245,4.520995,20.245014,5.0,0.05566083622741924
942,1542537852670,1.6002261999999998,4.2371397,4.529247,20.563927,5.0,0.055660818774126875
943,1542537852703,1.6266508999999998,4.236055400000001,4.5376377,20.882839999999998,5.0,0.05566085368071183
944,1542537852736,1.6530758999999997,4.2349706,4.546167400000001,21.201754,5.0,0.05566081877412665
945,1542537852770,1.6795008000000002,4.233886,4.554834,21.520666000000002,5.0,0.0556608362274193
946,1542537852803,1.7059256,4.232801,4.5636373,21.839579,5.0,0.05378499125396086
947,1542537852836,1.7323506000000002,4.2317165999999995,4.572577,22.158493,5.0,0.051055924622372406
948,1542537852870,1.7587755,4.230632,4.581652,22.477406,5.0,0.048326875444076545
949,1542537852903,1.7852002,4.229547,4.590861299999999,22.796318,5.0,0.045597843719073106
950,1542537852936,1.8116252,4.228462,4.600204,23.115232000000002,5.0,0.04286881199406972
951,1542537852970,1.8380501,4.227378,4.60968,23.434145,5.0,0.04013976281577386
952,1542537853003,1.8644749,4.226293,4.619288,23.753057000000002,5.0,0.03741073109077042
953,1542537853036,1.8908999,4.2252083,4.6290264,24.071972,0.0,0.03468164700588955
954,1542537853070,1.9173248,4.224124,4.638896,24.390884,0.0,0.03195265018747134
955,1542537853103,1.9437494999999998,4.223039,4.6488949999999996,24.709797000000002,0.0,0.02922360100917526
956,1542537853136,1.9632317,4.224076999999999,4.6580153,24.921232,0.0,0.02837039680433784
957,1542537853170,1.9795557000000001,4.226081,4.6667333,25.083782,0.0,0.02837039680433784
958,1542537853203,1.9958798999999998,4.2280846,4.6754932,25.246332000000002,0.0,0.02837043171092296
959,1542537853236,2.0122042,4.2300878,4.6842937000000004,25.408882000000002,0.0,0.02837043171092296
960,1542537853270,2.0285282,4.232091400000001,4.693136,25.571434,0.0,0.02837039680433795
961,1542537853303,2.0448523,4.2340946,4.702018700000001,25.733984,0.0,0.02837043171092296
962,1542537853336,2.0611768,4.2360983,4.710942299999999,25.896534,0.0,0.028370431710923016
963,1542537853370,2.0775008,4.238102,4.7199063,26.059084,0.0,0.028370431710923016
964,1542537853403,2.0938249,4.2401056,4.728911,26.221636,0.0,0.028370414257630316
965,1542537853436,2.1101491,4.2421093,4.737955,26.384186,0.0,0.028370414257630427
966,1542537853470,2.1264734,4.2441125,4.747039,26.546736,0.0,0.028370414257630427
967,1542537853503,2.1427975,4.2461157,4.756162000000001,26.709286,0.0,0.028370449164215494
968,1542537853536,2.1591215,4.2481194,4.765325,26.871838,0.0,0.028370414257630372
969,1542537853570,2.1754456,4.2501225,4.7745266,27.034388,0.0,0.028370414257630427
970,1542537853603,2.1917698,4.2521260000000005,4.7837677,27.196938,0.0,0.02837044916421544
971,1542537853636,2.2080941000000003,4.25413,4.7930470000000005,27.35949,0.0,0.028370414257630483
972,1542537853670,2.2244184,4.256133599999999,4.802365,27.522040000000004,0.0,0.028370414257630372
973,1542537853703,2.2407424,4.2581367,4.8117209999999995,27.684590000000004,0.0,0.028370414257630427
974,1542537853736,2.2570667,4.2601404,4.821114499999999,27.847140999999997,0.0,0.028370431710923016
975,1542537853770,2.2733908,4.262144,4.830546400000001,28.009690999999997,0.0,0.02837043171092296
976,1542537853803,2.2897147999999996,4.264147299999999,4.8400154,28.172240999999996,0.0,0.027212510471979923
977,1542537853836,2.3060389999999997,4.266151,4.849521599999999,28.334792999999998,0.0,0.02442405028594602
978,1542537853870,2.3223634,4.268154,4.859065,28.497343,0.0,0.021635625006497294
979,1542537853903,2.3386874,4.270158,4.868645,28.659893,0.0,0.018847199727048514
980,1542537853936,2.3550117000000004,4.2721615,4.8782625,28.822445000000002,0.0,0.016058756994307255
981,1542537853970,2.3713357000000004,4.274165,4.887916000000001,28.984995,0.0,0.013270331714858474
982,1542537854003,2.3876597999999998,4.2761683,4.897605,29.147545,0.0,0.010481906435409805
983,1542537854036,2.403984,4.2781720000000005,4.9073305,29.310095,0.0,0.007693463702668435
984,1542537854070,2.4203080000000003,4.280175700000001,4.917092299999999,29.472647,0.0,0.004905003516634809
985,1542537854103,2.4366322,4.282179,4.9268885000000004,29.635196999999998,0.0,0.0021165782371860287
986,1542537854136,2.4481285,4.2865543,4.9363832,29.731403000000004,0.0,0.0004860741966804527
987,1542537854170,2.452826,4.294269,4.945412,29.734188,0.0,0.0004860567433879748
988,1542537854203,2.457523,4.3019843,4.954441,29.736973,0.0,0.0004860567433879748
989,1542537854236,2.4622207,4.309699,4.96347,29.739758000000002,0.0,0.0004860567433879748
990,1542537854270,2.466918,4.317414299999999,4.9724994,29.742544,0.0,0.0004860218368029079
991,1542537854303,2.4716153,4.3251290000000004,4.9815283,29.745328999999998,0.0,0.0004860218368029079
992,1542537854336,2.4763126,4.3328443,4.990557,29.748114,0.0,0.00048600438351031894
993,1542537854370,2.48101,4.340559,4.999586,29.750898,0.0,0.00048603929009549685
994,1542537854403,2.4857072999999996,4.348274,5.008615499999999,29.753683000000002,0.0,0.00048602183680279687
995,1542537854436,2.4904048,4.3559895,5.017645,29.756467999999998,0.0,0.0004860218368030189
996,1542537854470,2.4951024,4.3637046999999995,5.0266743,29.759253,0.0,0.00048602183680279687
997,1542537854503,2.4997995,4.371419400000001,5.035703,29.762037,0.0,0.0004860392900952748
998,1542537854536,2.504497,4.3791347,5.0447326,29.764822,0.0,0.0004860392900953858
999,1542537854570,2.5091944,4.386849400000001,5.0537615,29.767607,0.0,0.00048605674338786375
1000,1542537854603,2.5138917000000003,4.394564599999999,5.062791000000001,29.770390999999996,0.0,0.0004860567433879748
1001,1542537854636,2.518589,4.40228,5.07182,29.773176,0.0,0.00048605674338786375
1002,1542537854670,2.5232862999999996,4.409994999999999,5.0808496,29.775959999999998,0.0,0.0004860741966804527
1003,1542537854703,2.5279837000000005,4.417709400000001,5.089878,29.778746,0.0,0.00048605674338786375
1004,1542537854736,2.532681,4.4254245999999995,5.0989075,29.78153,0.0,0.0004860741966803417
1005,1542537854770,2.5373783,4.43314,5.107937000000001,29.784315000000003,0.0,0.00048605674338786375
1006,1542537854803,2.5420759,4.4408544999999995,5.116966000000001,29.7871,0.0,0.0006918834220756009
1007,1542537854836,2.5467732000000005,4.44857,5.125995,29.789884999999998,0.0,0.002291303148603263
1008,1542537854870,2.5514705,4.4562845,5.135024,29.79267,0.0,0.003890740328423292
1009,1542537854903,2.556168,4.4639997000000005,5.144054,29.795456,0.0,0.005490177508243432
1010,1542537854936,2.5608654,4.4717150000000006,5.1530833,29.798240000000003,0.0,0.007089614688063461
1011,1542537854970,2.5655627,4.4794297,5.1621120000000005,29.801025,0.0,0.008689034414591235
1012,1542537855003,2.5702597999999997,4.487145,5.1711415999999994,29.80381,0.0,0.010288454141118897
1013,1542537855036,2.5749574,4.49486,5.180171,29.806595,0.0,0.011887873867646337
1014,1542537855070,2.5796547000000003,4.502575,5.1892004,29.809379999999997,0.0,0.013487311047466699
1015,1542537855103,2.584352,4.5102897,5.1982292999999995,29.812164000000003,0.0,0.015086783133871573
1016,1542537855136,2.5899549,4.517323,5.2071176,29.826742,0.0,0.016480376181711498
1017,1542537855170,2.6016867,4.5197400000000005,5.2150574,29.921166999999997,0.0,0.01648037618171161
1018,1542537855203,2.613419,4.5221577,5.2230134,30.015593,0.0,0.01648035872841902
1019,1542537855236,2.6251516,4.5245748,5.230983999999999,30.110020000000002,0.0,0.016480341275126542
1020,1542537855270,2.6368834999999997,4.526992,5.2389703,30.204445,0.0,0.016480341275126653
1021,1542537855303,2.6486158,4.529408999999999,5.246971599999999,30.29887,0.0,0.016480376181711498
1022,1542537855336,2.6603482000000005,4.531826000000001,5.254988,30.393295000000002,0.0,0.016480376181711498
1023,1542537855370,2.67208,4.534243,5.263019,30.48772,0.0,0.01648037618171172
1024,1542537855403,2.6838124,4.5366607000000005,5.271066,30.582146,0.0,0.016480376181711498
1025,1542537855436,2.6955447,4.5390778,5.2791276,30.676572999999998,0.0,0.016480341275126653
1026,1542537855470,2.7072768,4.541494999999999,5.287204,30.770998,0.0,0.016480341275126653
1027,1542537855503,2.7190090000000002,4.543912000000001,5.2952943,30.865423,0.0,0.016480376181711498
1028,1542537855536,2.7307415,4.5463295,5.303401,30.959847999999997,0.0,0.016480376181711498
1029,1542537855570,2.7424734,4.5487459999999995,5.3115206,31.054274,0.0,0.016480376181711498
1030,1542537855603,2.7542057,4.5511637,5.319656,31.148699,0.0,0.016480341275126542
1031,1542537855636,2.7659377999999997,4.5535803,5.327805000000001,31.243126,0.0,0.016480341275126542
1032,1542537855670,2.7776701,4.555998000000001,5.335969400000001,31.337551,0.0,0.01648037618171161
1033,1542537855703,2.7894022,4.558415,5.344147,31.431976000000002,0.0,0.016480376181711498
1034,1542537855736,2.8011346,4.5608319999999996,5.35234,31.526402,0.0,0.01648035872841913
1035,1542537855770,2.8128667000000003,4.5632496,5.360547,31.620827000000002,0.0,0.016480376181711498
1036,1542537855803,2.8245988,4.565666,5.3687677,31.715252000000003,0.0,0.015982765358675488
1037,1542537855836,2.8363311,4.568084,5.377003,31.809679,0.0,0.014038224225858542
1038,1542537855870,2.8480632000000004,4.570501,5.3852525,31.904103999999997,0.0,0.012093665639749118
1039,1542537855903,2.8597956,4.572918,5.3935156,31.99853,0.0,0.010149089600347105
1040,1542537855936,2.8715277,4.575335,5.4017925,32.092953,0.0,0.00820453101423746
1041,1542537855970,2.88326,4.577751999999999,5.4100833,32.18738,0.0,0.00625992006825038
1042,1542537856003,2.894992,4.580169000000001,5.418387999999999,32.281807,0.0,0.004315326575555889
1043,1542537856036,2.9067242,4.5825863,5.426706299999999,32.376232,0.0,0.00237082034932401
1044,1542537856070,2.9184566000000003,4.5850040000000005,5.435039,32.470657,0.0,0.00042626176321447495
1045,1542537856103,2.9301887000000004,4.587421,5.4433846,32.565083,0.0,-0.0015183142761874269
1046,1542537856136,2.9385432999999996,4.589399299999999,5.4495525,32.630997,0.0,-0.0029652969458459078
1047,1542537856170,2.9370756,4.590101,5.4493523,32.61401,0.0,-0.0029653667590159305
1048,1542537856203,2.9356081,4.590802,5.4491525,32.59702,0.0,-0.0029653842123085195
1049,1542537856236,2.9341404,4.5915029999999994,5.448951999999999,32.58003,0.0,-0.0029653143991382747
1050,1542537856270,2.9326727000000004,4.5922055,5.4487543,32.563038,0.0,-0.002965279492553319
1051,1542537856303,2.9312053,4.592907,5.4485555,32.546046999999994,0.0,-0.002965262039260619
1052,1542537856336,2.9297376,4.5936084,5.4483576,32.529057,0.0,-0.0029652969458457967
1053,1542537856370,2.9282699,4.59431,5.44816,32.51207,0.0,-0.0029653667590159305
1054,1542537856403,2.9268022,4.595011,5.4479628,32.49508,0.0,-0.0029653842123084084
1055,1542537856436,2.9253347,4.5957127,5.4477663,32.47809,0.0,-0.0029653143991383857
1056,1542537856470,2.9238672,4.596414599999999,5.447571,32.461098,0.0,-0.0029652794925532078
1057,1542537856503,2.9223995,4.597116000000001,5.447375,32.444107,0.0,-0.0029652969458457967
1058,1542537856536,2.9209318,4.5978174,5.44718,32.427116,0.0,-0.0029652969458457967
1059,1542537856570,2.919464,4.5985192999999995,5.4469857,32.41013,0.0,-0.0029653667590159305
1060,1542537856603,2.9179964,4.5992203,5.4467907,32.39314,0.0,-0.0029653842123085195
1061,1542537856636,2.9165292000000003,4.599922,5.446598000000001,32.37615,0.0,-0.0029653143991384967
1062,1542537856670,2.9150612000000002,4.6006236,5.446404,32.359158,0.0,-0.002965279492553319
1063,1542537856703,2.9135937999999997,4.601325,5.446212,32.342166999999996,0.0,-0.0029652969458457967
1064,1542537856736,2.9121259999999998,4.602027,5.4460196,32.325176,0.0,-0.0029652969458457967
1065,1542537856770,2.9106586,4.602728400000001,5.445828,32.30819,0.0,-0.0029653667590159305
1066,1542537856803,2.9091911,4.60343,5.4456367,32.2912,0.0,-0.0028136452871402318
1067,1542537856836,2.9077234,4.6041317,5.4454465,32.274208,0.0,-0.0025170789406412375
1068,1542537856870,2.9062555,4.604832599999999,5.4452553,32.257217,0.0,-0.002220530047434832
1069,1542537856903,2.904788,4.6055345999999995,5.445066000000001,32.240227000000004,0.0,-0.0019239986075211268
1070,1542537856936,2.9033203,4.6062365,5.4448767,32.223236,0.0,-0.0017315987467690142
1071,1542537856970,2.9018528,4.6069379999999995,5.444687999999999,32.20625,0.0,-0.0015391988860169016
1072,1542537857003,2.9003851000000003,4.6076393,5.4444995,32.18926,0.0,-0.001346799025264789
1073,1542537857036,2.8989177,4.6083407,5.4443116,32.172268,0.0,-0.0011543991645126764
1074,1542537857070,2.89745,4.609042,5.4441237000000005,32.155277000000005,0.0,-0.0009619993037605637
1075,1542537857103,2.8959825,4.6097436,5.4439373,32.138287,0.0,-0.000769599443008451
1076,1542537857136,2.8952656,4.6100864,5.443846,32.12999,0.0,-0.0005771995822563383
1077,1542537857170,2.8952656,4.6100864,5.443846,32.12999,0.0,-0.00038479972150422563
1078,1542537857203,2.8952656,4.6100864,5.443846,32.12999,0.0,-0.00019239986075211295
1079,1542537857236,2.8952656,4.6100864,5.443846,32.12999,0.0,-2.710505431213761e-19
