,timestamp,speed_x,speed_y,linear_speed,course,gps_lat,gps_long,acceleration_x,acceleration_y,acceleration_z,gyro_x,gyro_y,gyro_z,steer,steer_angle
0,1503542205928.0,-23.879646,-1.204409,23.91,267.11264,40.60482,-74.02664,1.159,-0.042,-0.129,0.0281,0.0575,-0.0334,0.0,0.005928708936098204
1,1503542206027.0,-23.871283,-1.1903102,23.90094,267.1458,40.60482,-74.02664,1.0542942,-0.018694902,-0.08828331,0.008964864,0.023903906000000003,0.011955176,0.0,0.0073558646654561235
2,1503542206127.0,-23.842295,-1.1414462,23.869602,267.26074,40.60482,-74.02664,1.0334344000000002,-0.0071007814,-0.14793946,0.0013060546,-0.0026369141,-0.040094726,0.0,0.007356213731306126
3,1503542206227.0,-23.813309,-1.0925819,23.83836,267.3757,40.60482,-74.02664,0.9771592,-0.020350233,-0.10026776,0.009221328,-0.015172278,-0.0032296216,0.0,0.007355690132530234
4,1503542206327.0,-23.78432,-1.0437176,23.80721,267.49062999999995,40.60482,-74.02664,1.0436832,-0.031537697,-0.12136024,0.026985236,0.073680624,0.026650129,0.0,0.007356039198381127
5,1503542206426.0,-23.755333,-0.9948535,23.776155,267.6056,40.60482,-74.02664,0.92161345,0.023488281,-0.07303789999999999,0.0067975940000000006,-0.07872032400000001,0.032161284,0.0,0.007355515599604345
6,1503542206526.0,-23.726349,-0.9459894,23.745201,267.72052,40.60482,-74.02664,1.0379968000000002,-0.027672583,-0.14375478,0.024174998,0.003961289000000001,-0.028184686,0.0,0.007356213731305239
7,1503542206626.0,-23.697361,-0.8971251,23.714336,267.83548,40.60482,-74.02664,1.0469388000000002,-0.036857154,-0.1639796,0.0022402075,0.008812044,-0.013209593,0.0,0.007355690132530234
8,1503542206726.0,-23.668373000000006,-0.8482608,23.683569,267.9504,40.60482,-74.02664,1.1930408,-0.024344238,-0.12854439,0.027846742,0.09305467,0.012407368,0.0,0.005481555581738462
9,1503542206826.0,-23.639387,-0.79939663,23.652899,268.06537000000003,40.60482,-74.02664,1.0765943999999998,-0.02744524,-0.17829221,0.00049520505,0.013767168,0.07904792,0.0,0.0034749505407205557
10,1503542206925.0,-23.610401,-0.7505324999999999,23.622328,268.1803,40.60482,-74.02664,0.7018899000000001,-0.03512119,0.27849156,0.07984817,-0.24070248,0.053269323,0.0,0.001469043631404432
11,1503542207025.0,-23.584633,-0.7146158,23.595457,268.26447,40.604816,-74.02691999999998,1.1049597,-0.11469502,-0.19396578,-0.041016966,0.17845687,-0.106299765,0.0,0.0
12,1503542207125.0,-23.567677,-0.7141021,23.578493,268.26447,40.604816,-74.02691999999998,0.75878066,-0.06100659,-0.116529174,-0.038002044,-0.06803886599999999,-0.05832737,0.0,0.0
13,1503542207225.0,-23.55072,-0.7135883000000001,23.56153,268.26447,40.604816,-74.02691999999998,1.119385,-0.015469299999999997,-0.12708265,0.047860444,0.11586633,-0.01785542,0.0,0.0
14,1503542207325.0,-23.533762,-0.71307445,23.544563,268.26447,40.604816,-74.02691999999998,1.0236455,-0.035230162999999995,-0.17819226,-0.03435184,0.037118834,-0.01409737,0.0,0.0
15,1503542207424.0,-23.516806,-0.71256065,23.5276,268.26447,40.604816,-74.02691999999998,1.0265676,-0.08127955,-0.103336155,0.030592594,0.018825283,-0.022391662000000003,0.0,0.0
16,1503542207524.0,-23.499847,-0.71204686,23.510633,268.26447,40.604816,-74.02691999999998,1.040917,0.0042338255,-0.13737646,-0.0064391517,0.058031566,0.005633408,0.0,0.0
17,1503542207624.0,-23.482891,-0.71153307,23.493668,268.26447,40.604816,-74.02691999999998,0.93232185,0.00035563964,0.0021214234,0.03252707,-0.09863045,0.017702255,0.0,0.0
18,1503542207724.0,-23.465935,-0.7110193,23.476704,268.26447,40.604816,-74.02691999999998,0.89619815,-0.017054882,-0.071560934,0.048283808,-0.09435253,0.028649073,0.0,0.0032094859614923976
19,1503542207824.0,-23.448978,-0.7105055,23.459742,268.26447,40.604816,-74.02691999999998,0.9585201,0.026869977000000003,-0.07064537,0.056615744,-0.049792305,0.06297224,0.0,0.006722310146980881
20,1503542207923.0,-23.43202,-0.7099916999999999,23.442774,268.26447,40.604816,-74.02691999999998,1.0617813,0.016608741,-0.07315811,0.008471391,0.05155423,-0.042818755,0.0,0.010235134332470251
21,1503542208023.0,-23.418032,-0.6892826,23.428173,268.31418,40.604805,-74.0272,1.1588854,-0.037416063,-0.16908531,0.009805586,0.15656067,-0.060190722,0.0,0.012880006280941993
22,1503542208123.0,-23.41309,-0.60702103,23.420958,268.51544,40.604805,-74.0272,0.7905937,-0.025762793,0.015237207,-0.027942764,-0.30564496,0.07041998,0.0,0.012880180813866993
23,1503542208223.0,-23.408144,-0.5247593,23.414026,268.7167,40.604805,-74.0272,0.8293094000000001,-0.047366176,-0.006563916,0.061209597,-0.13820855,0.054267682000000005,0.0,0.012879657215091987
24,1503542208323.0,-23.403202,-0.44249782,23.407385,268.91797,40.604805,-74.0272,0.947639,-0.11851624,-0.020297742,0.062304057,-0.04417172,-0.036863968,0.0,0.01287930814924021
25,1503542208422.0,-23.398258,-0.36023635,23.401031,269.11923,40.604805,-74.0272,1.0221494,-0.08481583,-0.14876847,0.006745129399999999,0.090999015,0.0008173278999999999,0.0,0.012879657215092877
26,1503542208522.0,-23.393314,-0.27797487,23.394966,269.3205,40.604805,-74.0272,1.0583565,-0.08211975,-0.101416446,0.054325927,0.055197757,0.015654658999999998,0.0,0.012879482682167877
27,1503542208622.0,-23.38837,-0.19571334,23.38919,269.52176000000003,40.604805,-74.0272,1.0637339,-0.038120363,-0.10373743,0.0060444763,-0.04674353,-0.02143591,0.0,0.012879482682166987
28,1503542208722.0,-23.38343,-0.11345166,23.383707,269.72302,40.604805,-74.0272,0.9450635,-0.08249207,-0.05903528,0.035588603,-0.06412459,0.024049407,0.0,0.011994949817255574
29,1503542208821.0,-23.378487,-0.031190164,23.378508,269.9243,40.604805,-74.0272,0.92581797,-0.064993896,-0.056011595,0.023644133,-0.108506866,0.045800373,0.0,0.011003428269198423
30,1503542208921.0,-23.373543,0.051071327,23.3736,270.12555,40.604805,-74.0272,1.0284898,-0.07990374,-0.059842896,0.036035847,0.028340725,-0.05285599,0.0,0.010012430319916277
31,1503542209021.0,-23.3661,0.12794831,23.366451,270.31393,40.60481,-74.02747,1.0134621,-0.06221257,-0.12770058,-0.00022417237,-0.0031332031,-0.027910657,0.0,0.009246230778290787
32,1503542209121.0,-23.350103,0.18641649,23.350847,270.45844,40.60481,-74.02747,1.0951111,-0.028641773,-0.1746435,0.010698363999999998,0.10608905,-0.0062372927,0.0,0.0092460562453649
33,1503542209221.0,-23.334106,0.24488482,23.335392,270.6029,40.60481,-74.02747,0.95871663,-0.052917674000000005,-0.11315487,0.04358464,0.06722078,-0.0029742736,0.0,0.0092460562453649
34,1503542209320.0,-23.318111,0.30335300000000004,23.320086,270.74738,40.604813,-74.02747,0.9913456,-0.13079381,-0.17992529999999998,-6.231079e-05,0.036413923,-0.06264856,0.0,0.009245881712439894
35,1503542209420.0,-23.302114000000003,0.36182117,23.304924,270.89188,40.604813,-74.02747,1.0665739,-0.08230224,-0.12055615,0.06789327,0.18523371,-0.037850376,0.0,0.009245881712440784
36,1503542209520.0,-23.286118,0.42028934,23.28991,271.03635,40.604813,-74.02747,1.1961434,-0.051417712,-0.19355719,0.015770545,0.13568117,0.0004750415,0.0,0.009245881712439008
37,1503542209620.0,-23.270123,0.4787575,23.275047,271.18082000000004,40.604813,-74.02747,1.01607,-0.09061109,-0.08898151,0.026805278,-0.04321393,0.027557138,0.0,0.009245881712439008
38,1503542209720.0,-23.254128,0.53722584,23.260332,271.3253,40.604813,-74.02747,0.93776876,-0.08562559,-0.021774512000000003,0.050016876,-0.09124768,0.0031710644,0.0,0.012784536770857002
39,1503542209819.0,-23.23813,0.595694,23.245766,271.4698,40.604816,-74.02747,0.992556,-0.06376572,-0.14176573,0.041483127,0.0361479,0.002460537,0.0,0.01684155461711878
40,1503542209919.0,-23.222136,0.65416217,23.231348,271.61426,40.604816,-74.02747,0.9122827,-0.11915137,-0.12674952,0.041614413,0.04438008,-0.003228789,0.0,0.020898921529229675
41,1503542210019.0,-23.20377,0.7315906,23.2153,271.80652000000003,40.604816,-74.02775,0.9243924,-0.07929727,-0.1282497,0.023509238,-0.017475499,-0.04007125,0.0,0.02412237012473817
42,1503542210119.0,-23.176254,0.88229465,23.19304,272.18344,40.604816,-74.02775,1.0543673,-0.04234209,-0.14250802,0.029681602,0.028493408,-0.060391486,0.0,0.02412237012473817
43,1503542210219.0,-23.148737,1.032999,23.171774,272.5604,40.60482,-74.02775,1.0796449,-0.034669900000000003,-0.14683495,0.033456452000000005,0.034965366,0.012198928,0.0,0.024122195591812282
44,1503542210318.0,-23.12122,1.1837031,23.1515,272.93732,40.60482,-74.02775,1.1251985,-0.062387366,-0.12571618,0.053085458,0.013018091,0.054369245,0.0,0.02412237012473817
45,1503542210418.0,-23.093704,1.3344071000000002,23.132225,273.31427,40.60482,-74.02775,1.0017686,-0.08721872,-0.0713504,0.03214857,0.033533197,0.046431966,0.0,0.02412237012473817
46,1503542210518.0,-23.066185,1.485111,23.113945,273.6912,40.60482,-74.02775,0.8702549999999999,-0.050991505,-0.033351317000000005,0.04179651,-0.0608612,-0.004337262,0.0,0.02412219559181405
47,1503542210618.0,-23.03867,1.6358151,23.09667,274.06815,40.604824,-74.02775,0.8616304,-0.1906397,-0.23654565,0.0152232675,0.009503079,-0.104317516,0.0,0.024122370124739057
48,1503542210718.0,-23.011154,1.7865195,23.0804,274.44507000000004,40.604824,-74.02775,0.9981584,-0.027109083,-0.11726496,0.039919935,0.025416065,-0.05133617,0.0,0.02072037434675167
49,1503542210817.0,-22.983637,1.9372234,23.065134,274.82202,40.60482800000001,-74.02775,0.98506004,-0.07877185,-0.12060107,0.06657617,0.037127282000000005,0.020432467,0.0,0.016725141156011425
50,1503542210917.0,-22.956121,2.0879276,23.050877,275.19894,40.60482800000001,-74.02775,1.0902946000000002,-0.10931834,-0.16568166,0.043920677000000005,0.08983334,-0.0013809741,0.0,0.012729733432345292
51,1503542211017.0,-22.925169,2.2208164,23.032484,275.53357,40.60483,-74.02802,1.0252821,-0.092644386,-0.07456819,0.043907914000000006,-0.05378592,0.02046283,0.0,0.009473298113975126
52,1503542211117.0,-22.87907,2.2751286,22.991913,275.6816,40.60483,-74.02802,0.9409789,-0.09715005,-0.07866707,0.033539608,-0.054956462000000005,-0.008462253000000001,0.0,0.009473123581049236
53,1503542211217.0,-22.832972,2.329441,22.95149,275.82965,40.604836,-74.02802,1.0848036,-0.06233153,-0.10464264,0.039349593,0.06558791,-0.06457452,0.0,0.009472774515200122
54,1503542211316.0,-22.786873,2.3837535,22.911217,275.97766,40.604836,-74.02802,1.0726607,-0.122171156,-0.12846899,0.03342868,0.082766116,-0.061957948,0.0,0.009472949048125123
55,1503542211416.0,-22.740776,2.438066,22.871096,276.1257,40.60484,-74.02802,1.0340775,-0.09953992,-0.12346236,0.0405024,0.085968696,0.012676428,0.0,0.009472949048123349
56,1503542211516.0,-22.694675,2.4923782,22.831125,276.2737,40.604843,-74.02802,1.0690958000000002,-0.100789174,-0.15575722,0.056148764,0.092472,0.004842544,0.0,0.009473123581049236
57,1503542211616.0,-22.648579,2.5466907,22.79131,276.42175,40.604843,-74.02802,1.012142,-0.18894,-0.13363715,0.05150322,-0.04427156,-0.0005463805999999999,0.0,0.009472774515200122
58,1503542211715.0,-22.602478,2.6010032,22.751642,276.56976000000003,40.604847,-74.02802,0.9757416,-0.1884288,-0.057606593,0.047351222000000005,-0.021006802,-0.011694966,0.0,0.017128486746146976
59,1503542211815.0,-22.55638,2.6553154,22.712132,276.7178,40.60485,-74.02802,0.9335377,-0.092,-0.13911255,-0.0042220606,-0.14549807,0.015195796,0.0,0.026342952532049324
60,1503542211915.0,-22.51028,2.7096276,22.672777,276.8658,40.604855,-74.02802,0.92744243,-0.16739893,-0.039246436,0.028378516,-0.01650979,-0.037941016,5.0,0.0355588145813579
61,1503542212015.0,-22.458767,2.7968686000000003,22.632248,277.1005,40.604855,-74.02828000000002,0.8650165999999999,-0.12384131,-0.03194336,0.06452302,-0.038231652000000005,-0.007244595,5.0,0.04326077803748252
62,1503542212115.0,-22.379665,3.0518665,22.586796,277.7765,40.60486,-74.02828000000002,0.96762,-0.16401534,-0.08104321,0.046135806,0.048468556,-0.026173325,5.0,0.04326077803748252
63,1503542212214.0,-22.300566,3.3068652000000003,22.544415,278.45248,40.604862,-74.02828000000002,1.0464514,-0.06581964,-0.13133954,0.04656208,0.06140898,-0.010736612,5.0,0.043260952570408406
64,1503542212314.0,-22.221464,3.5618632000000003,22.505117,279.12848,40.604862,-74.02828000000002,0.96781015,-0.11584175,-0.06549845,0.055733886,-0.0030759168,-0.005597532,5.0,0.04326147616918341
65,1503542212414.0,-22.142365,3.8168614,22.468927,279.8045,40.604866,-74.02828000000002,1.064107,-0.10494842,-0.106562704,0.047179803,0.050960742,0.012174962,5.0,0.043260952570408406
66,1503542212514.0,-22.063263,4.0718594,22.435856,280.4805,40.60487,-74.02828000000002,1.1235155,-0.108719066,-0.082930066,0.048899565,0.03909491,-0.028609427000000007,5.0,0.043260952570408406
67,1503542212614.0,-21.984161,4.3268575999999985,22.405916,281.1565,40.604874,-74.02828000000002,0.9963349,-0.11634529,-0.07701509,0.025408313,-0.019570936,-0.023276983,5.0,0.04326077803748163
68,1503542212713.0,-21.90506,4.581856,22.37912,281.8325,40.604877,-74.02828000000002,0.9504124,-0.08598421,-0.09569541,0.034331847,-0.02399044,-0.031727128,5.0,0.03870965747998323
69,1503542212813.0,-21.825958,4.836854,22.355484,282.5085,40.60488,-74.02828000000002,0.9785774,-0.08844661,-0.12125078,0.04080471,0.0031686157,-0.013951392,0.0,0.033091093551961485
70,1503542212913.0,-21.746857,5.0918519999999985,22.335012,283.1845,40.604885,-74.02828000000002,1.0979197,-0.08281348,-0.21913683,0.04580771,0.102494374,-0.0094021065,0.0,0.027472180558090642
71,1503542213013.0,-21.671476,5.3286204,22.316969,283.81436,40.60489000000001,-74.02855,1.1382192,-0.13030455,-0.16150188,0.053122472,0.05331079,-0.009199116,0.0,0.022659260612790888
72,1503542213113.0,-21.618338,5.456442,22.296307,284.16843,40.604893,-74.02855,0.84498435,-0.03666455,-0.025902832,0.043476515,-0.15578826,0.020106882,0.0,0.02265908607986677
73,1503542213212.0,-21.5652,5.5842633,22.276487,284.5225200000001,40.604897,-74.02855,0.91268456,-0.10876432,-0.0902217,0.066289864,0.034312233,0.011015412,0.0,0.022658737014015884
74,1503542213312.0,-21.512064,5.712085,22.257511,284.8766,40.604904,-74.02855,1.1434852,-0.13362002,-0.24129009,0.05721281,0.15059978,-0.005554014,0.0,0.022658562481091767
75,1503542213412.0,-21.458923,5.8399057,22.239376,285.23065,40.604908,-74.02855,1.0558279,-0.13197382,-0.07493262,0.058527755999999986,0.053568613,0.0067975214,0.0,0.022659260612790888
76,1503542213512.0,-21.405785,5.9677267,22.222092,285.58472,40.60491,-74.02855,1.1617984,-0.13076724,-0.15177132,0.03730484,0.101153076,-0.0543453,0.0,0.022659260612791776
77,1503542213612.0,-21.352648,6.0955477,22.205658,285.93878,40.604916,-74.02855,1.1359515,-0.09134514,-0.11784319,0.027739495,0.083624326,-0.10453977,0.0,0.022659260612791776
78,1503542213711.0,-21.29951,6.2233696,22.190075,286.29288,40.60492,-74.02855,1.0939912,-0.085283205,-0.1451416,0.061410565,0.07267336,-0.059208456,0.0,0.017781414419317798
79,1503542213811.0,-21.246368,6.3511906,22.175343,286.64694,40.604927,-74.02855,0.9724754,-0.05976992,-0.05598789,0.06294117,-0.082378514,0.006564844,0.0,0.011601901669706649
80,1503542213911.0,-21.193233,6.4790125,22.16147,287.001,40.60493,-74.02855,0.86270314,-0.088791795,-0.04633789,0.05759711,-0.122034945,0.014980019,0.0,0.0054223889200955
81,1503542214011.0,-21.144272,6.590434599999999,22.147552,287.31168,40.604935,-74.02881,0.94138205,-0.094528124,-0.06808828,0.06298867,-0.005489844,0.020190235,0.0,0.0
82,1503542214111.0,-21.12522,6.5844955,22.127596,287.31168,40.604942,-74.02881,0.9889121,-0.11944922,-0.113333985,0.04525301,-0.014946914,0.0076743164,0.0,0.0
83,1503542214210.0,-21.106163,6.578557000000001,22.107635,287.31168,40.60494600000001,-74.02881,0.93433964,-0.08893606,-0.11627604,0.0633938,0.015794946,-0.01922508,0.0,0.0
84,1503542214310.0,-21.087109,6.5726175000000016,22.087677,287.31168,40.604954,-74.02881,0.981943,-0.05472754,-0.057391785,0.044004224,-0.029579109,-0.015900362,0.0,0.0
85,1503542214410.0,-21.068054,6.566678,22.067719,287.31168,40.604958,-74.02881,0.9614114,-0.045665845,-0.05374065,0.057665065,-0.04887354,0.049057476,0.0,0.0
86,1503542214510.0,-21.049,6.5607395,22.04776,287.31168,40.60496,-74.02881,0.9945007,-0.0007411011,-0.09317965,0.045824665999999986,-0.034801856,0.056093156,0.0,0.0
87,1503542214609.0,-21.029945,6.5548,22.027802,287.31168,40.60497,-74.02881,0.87009805,-0.10630076,-0.044564,0.050937843,-0.10195676,0.030414948,0.0,0.0
88,1503542214709.0,-21.010891,6.5488615,22.007843,287.31168,40.604973,-74.02881,0.8876069999999999,-0.10766062,0.004535791,0.047384217,-0.06558446,-0.012199018,0.0,0.0019722220547535585
89,1503542214809.0,-20.991837,6.542922,21.987885,287.31168,40.60498,-74.02881,1.1132855,-0.07830188,-0.1823396,0.017988618,0.17663531,-0.08580953,0.0,0.004538554186886756
90,1503542214909.0,-20.972782,6.5369835,21.967926,287.31168,40.604984,-74.02881,1.1166857,-0.02377705,-0.13276859,0.052858863,0.096008375,-0.021408118,0.0,0.007104711786094065
91,1503542215009.0,-20.951294,6.53622,21.947184,287.32666,40.604992,-74.02906,1.0187784,-0.07030759,-0.09924177,0.022800617,0.0038980835,-0.014641135,0.0,0.00940941906335091
92,1503542215108.0,-20.908333,6.581100500000002,21.91961,287.4737,40.604996,-74.02906,0.90275913,-0.030940527,-0.0031189453,0.046735454,-0.11364926,0.029589461,0.0,0.009409419063352686
93,1503542215208.0,-20.865374,6.625981,21.892178,287.62073,40.605003,-74.02906,0.91701615,-0.07775366,-0.12356451,0.020751318,-0.028252205,0.009765299,0.0,0.009409419063352686
94,1503542215308.0,-20.82241,6.670861,21.864885,287.76776,40.605007,-74.02906,0.9749029,-0.14108065,-0.13053694,0.05705187,0.057132125,-0.016181046,0.0,0.0094097681292018
95,1503542215408.0,-20.77945,6.715741,21.837736,287.9148,40.605015,-74.02906,1.0313345,-0.04467898,0.06394523,0.055889033,-0.010891919,-0.04219607,0.0,0.00940994266212769
96,1503542215508.0,-20.736492,6.760621,21.810734,288.06183,40.605022,-74.02906,0.9384472,-0.05993152,0.039153688,0.103080586,-0.10945568,0.031323027,0.0,0.009409942662126802
97,1503542215607.0,-20.693531,6.8055015,21.783873,288.20886,40.605026,-74.02906,1.0310546,-0.08693889999999999,-0.15058494,0.02271826,0.11630168,-0.013069613999999998,0.0,0.009410117195051805
98,1503542215707.0,-20.65057,6.8503814,21.757154,288.35593,40.605034,-74.02906,1.2126912,-0.10582519,-0.23185523,0.027783394,0.25103533,-0.053747028,0.0,0.011130313705817407
99,1503542215807.0,-20.60761,6.895262,21.730583,288.5029600000001,40.605038,-74.02906,0.994763,-0.05467534,-0.14085083,-0.0048171096,-0.09141125,-0.0107100345,0.0,0.013431355791647448
100,1503542215907.0,-20.56465,6.940142,21.704155,288.65,40.605045,-74.02906,0.95710284,-0.16216104,-0.17695737,0.05476035,0.08397194,-0.030330766,0.0,0.015732397877477492
101,1503542216007.0,-20.516726,6.9872413,21.673891,288.8077,40.60505,-74.02930500000002,1.1377537,-0.1363579,-0.17707159,0.044203788,0.07043710000000003,-0.04043849,0.0,0.01784773693089381
102,1503542216106.0,-20.41258,7.0594845,21.598837,289.0866,40.605057,-74.02930500000002,1.0597486,-0.07797593,-0.19598657,-0.011144043,0.06776028,-0.014749976,0.0,0.017847038799194692
103,1503542216206.0,-20.308434,7.131728,21.524265,289.36548,40.605064,-74.02930500000002,1.0776589,-0.08529359,-0.112744324,0.08330638,-0.0060032676,-0.0028642248,0.0,0.01784738786504292
104,1503542216306.0,-20.204285,7.203971000000001,21.450182,289.64438,40.60507,-74.02930500000002,0.8942299000000001,-0.10510802,-0.13280839,0.020783631,-0.12146727,0.0048793214,0.0,0.017846864266268803
105,1503542216406.0,-20.10014,7.2762145999999985,21.376598,289.92325,40.605076,-74.02930500000002,1.0198141,-0.07851941,-0.05658679,0.08340231,0.060763124,-0.03517315,0.0,0.0178473878650447
106,1503542216506.0,-19.995993,7.3484573000000015,21.30351,290.2021200000001,40.605083,-74.02930500000002,0.9611712,-0.07539364,-0.11772262,0.048519645,0.03779432,-0.020798247,0.0,0.01784738786504292
107,1503542216605.0,-19.891846,7.4207,21.230928,290.48102,40.605087,-74.02930500000002,0.9593007,-0.10984901,-0.13711166,0.07317228,0.05438706,-0.0013690589,0.0,0.01784738786504381
108,1503542216705.0,-19.7877,7.4929447,21.15886,290.7599,40.605095,-74.02930500000002,1.0938061,-0.09791472,-0.122695096,0.04000377,0.05501829,-0.04068465,0.0,0.016413076285754613
109,1503542216805.0,-19.683554,7.5651875,21.087303,291.0388,40.605103,-74.02930500000002,0.97262895,-0.17196152,-0.12417077,-0.036772877,-0.066564135,-0.11838873,0.0,0.014440505165150162
110,1503542216905.0,-19.579407,7.63743,21.016268,291.31766,40.605106,-74.02930500000002,1.0736235,-0.08416504,-0.124787234,0.05681331,0.087311,-0.044974893,0.0,0.012468283110398382
111,1503542217005.0,-19.479765,7.70853,20.949528,291.58972,40.605114,-74.02954,0.97809464,-0.06798755,-0.0255386,0.038801882,-0.030737465,-0.01571649,0.0,0.010614743444778972
112,1503542217104.0,-19.450226,7.761839,20.941763,291.75558,40.60512,-74.02954,1.032471,-0.05790979,-0.12779966,0.060031205,0.016831685,-0.013182061,0.0,0.010614917977704865
113,1503542217204.0,-19.420685,7.8151474,20.934172,291.92145,40.60513,-74.02954,0.95384175,-0.07275547,-0.14108896,0.055235285,-0.020661231,0.025994409,0.0,0.010614743444778972
114,1503542217304.0,-19.391146,7.868456,20.926756,292.0873,40.605137,-74.02954,0.9596418,-0.1123379,-0.08175447,0.056018405,-0.055052232,0.014504476,0.0,0.010615092510628088
115,1503542217404.0,-19.361607,7.9217644,20.919516,292.25317,40.605145,-74.02954,1.0183436,-0.034839,-0.12000745,0.06656712,-0.020980755,0.0023180982000000003,0.0,0.010614917977703977
116,1503542217503.0,-19.332067,7.975072999999999,20.91245,292.41904,40.605156,-74.02954,1.1385305,-0.096505,-0.13823204,0.052513544,0.11848319999999997,-0.063299,0.0,0.010614743444778972
117,1503542217603.0,-19.302528,8.028381,20.905563,292.5849,40.605164,-74.02954,1.1019747,-0.07516937,-0.14320691,0.045814708,0.04784361,-0.028310377,0.0,0.010614743444778972
118,1503542217703.0,-19.27299,8.08169,20.898848,292.75076,40.60517,-74.02954,0.98585427,-0.12300332,-0.08043877,0.050229933,-0.023643995,-0.037414696,0.0,0.012548917321839605
119,1503542217803.0,-19.24345,8.134999,20.89231,292.91663,40.60518,-74.02954,0.959957,-0.108242676,-0.09811377,0.06456813,0.0022141212,-0.009607041,0.0,0.01528681531944276
120,1503542217903.0,-19.213911,8.188307,20.885946,293.0825,40.605186,-74.02954,1.0765136,-0.08002168,-0.13787559,0.025565293,-0.0010826074,-0.04482743,0.0,0.01802506238289681
121,1503542218002.0,-19.182875,8.24338,20.87908,293.25458,40.605194,-74.02977,1.0724201999999998,-0.12752129,-0.15680439999999998,0.05292702,0.020610234,-0.02954962,0.0,0.02065492449980244
122,1503542218102.0,-19.11557,8.341189,20.856186,293.57733,40.605206,-74.02977,1.058378,-0.04196377,-0.12764883,0.03418907,0.011195606,0.0067750877,0.0,0.020654924499803332
123,1503542218202.0,-19.048264,8.439,20.83394,293.9001,40.605213,-74.02977,1.0272268,-0.06745874,-0.09785146,0.07505736,-0.029491995,-0.002694109,0.0,0.020654749966875663
124,1503542218302.0,-18.980959,8.536810000000001,20.812351,294.22284,40.60522,-74.02977,0.93136805,-0.10516644,-0.10266846,0.05035925,-0.0134130465,0.03093208,0.0,0.020654924499801552
125,1503542218402.0,-18.913654,8.63462,20.791416,294.5456,40.605232,-74.02977,1.0239594,-0.092150204,-0.14316185,0.049666174,0.015445203,0.0072684693,0.0,0.020654749966875663
126,1503542218501.0,-18.84635,8.7324295,20.77114,294.86835,40.60524,-74.02977,0.9839912,-0.10252877,-0.0985521,0.07384678,-0.01803265,-0.02205435,0.0,0.020655099032726557
127,1503542218601.0,-18.779045,8.830239,20.751522,295.19113,40.60525,-74.02977,0.9564311,-0.08200121,-0.07956648,0.024859589,-0.05117694,-0.06934772,0.0,0.02065440090102566
128,1503542218701.0,-18.711742,8.92805,20.732569,295.5139,40.60526,-74.02977,1.0073292,-0.04476897,-0.099737376,0.039890494,0.036239468,-0.06204147,0.0,0.02286939825473233
129,1503542218801.0,-18.644436,9.02586,20.714273,295.83664,40.60527,-74.02977,0.960949,-0.037648655,-0.13788912,0.0060651805000000005,-0.023533592,-0.056032516,0.0,0.026100700831875656
130,1503542218901.0,-18.577131,9.123671,20.696646,296.1594,40.60527800000001,-74.02977,0.99910694,0.027619971,-0.14914387,0.030235961,-0.0144310305,0.0002682617,0.0,0.029331479810241312
131,1503542219000.0,-18.50918,9.222512,20.679567,296.48563,40.60529,-74.02999,1.0422902,0.027403321,-0.14019018,-0.0013319873,-0.028216416,0.0320123,0.0,0.032501695863563995
132,1503542219100.0,-18.407526,9.374917,20.657349,296.9935,40.605297,-74.02999,1.0713848999999998,-0.056795776,-0.095256224,0.02381207,0.05499084,0.023024416,0.0,0.032501521330638994
133,1503542219200.0,-18.305872,9.527323,20.636734,297.5014,40.605305,-74.02999,0.962305,-0.12765002,-0.11957715,0.012747432,0.008566706,-0.04254801,0.0,0.032501870396489
134,1503542219300.0,-18.204218,9.679729,20.617727,298.00928,40.605312,-74.02999,0.90848404,0.00936239,-0.04964404,0.042658642,-0.02257097,-0.07433567,0.0,0.032501870396489
135,1503542219400.0,-18.102566,9.832134,20.600334,298.51715,40.605324,-74.02999,1.0385389,0.007706945799999998,-0.11282582,0.0024617834,0.037500713,-0.0050504506,0.0,0.032501695863563995
136,1503542219499.0,-18.000912,9.98454,20.584555,299.0250200000001,40.60533,-74.02999,0.9972245,0.102406114,-0.16886598,0.028967181,-0.023702037,0.056080442,0.0,0.03250187039648722
137,1503542219599.0,-17.89926,10.136946,20.570395,299.5329,40.60534000000001,-74.02999,0.9583911,0.046814013,-0.10222037,-0.018408246,-0.03102392,0.07631984,0.0,0.032501521330638994
138,1503542219699.0,-17.797606,10.289351,20.557858,300.04077,40.60535,-74.02999,0.97873217,0.011236865,-0.023103662,0.018320626,-0.04259796,0.054412697,0.0,0.02660876617713015
139,1503542219799.0,-17.695953,10.441757,20.546947,300.54865,40.60536,-74.02999,1.0501163,-0.04392627,-0.06347041,0.009732471,0.03881531,-0.032036696,0.0,0.017744587972100767
140,1503542219899.0,-17.5943,10.594163,20.537664000000003,301.0565200000001,40.605366,-74.02999,1.0519775,-0.004826416,-0.14731519,-0.010985601,0.024342725,0.02342271,0.0,0.008880584299997274
141,1503542219998.0,-17.492645,10.746569,20.530012,301.5644,40.605377,-74.02999,0.97916996,0.047155373,-0.09496665,-0.0020828175,-0.03450308,0.05154832,0.0,1.6406094969667606e-05
142,1503542220098.0,-17.475482999999997,10.736423,20.510077,301.56534,40.605385,-74.03020500000002,0.890128,-0.0055223634,0.0033059083000000003,-0.00025280763,-0.046073105,0.034210615,0.0,0.0
143,1503542220198.0,-17.458479,10.725975,20.49012,301.56534,40.605392,-74.03020500000002,0.8797816999999999,0.009617261,-0.036013465,0.015273573,-0.06745631,0.05671823400000001,0.0,0.0
144,1503542220298.0,-17.441473000000002,10.715528,20.470161,301.56534,40.605404,-74.03020500000002,0.8593430000000001,-0.03968596,-0.072581895,0.012685503999999998,-0.07381348,0.0037478942,0.0,0.0
145,1503542220397.0,-17.424469000000002,10.70508,20.450205,301.56534,40.60541,-74.03020500000002,0.93149376,-0.04248132,-0.12686431,0.0018472997,-0.026110787000000003,-0.012494085,0.0,0.0
146,1503542220497.0,-17.407463,10.694632,20.430246,301.56534,40.60542,-74.03020500000002,0.9963319,-0.016131751,-0.101107396,0.012513193,0.0062549305,-0.029191986,0.0,0.0
147,1503542220597.0,-17.390457,10.684184,20.410286,301.56534,40.605427,-74.03020500000002,1.0932044,-0.020111097,-0.104433715,0.009912162,0.030726742,-0.022820922,0.0,0.0
148,1503542220697.0,-17.373451,10.673737,20.390327,301.56534,40.60544,-74.03020500000002,1.2619747,-0.06249653,-0.25985482,0.027651424,0.089393884,-0.0140121365,0.0,0.002438923096736545
149,1503542220797.0,-17.356445,10.663288,20.370369,301.56534,40.605446,-74.03020500000002,0.9828004,-0.002303369,-0.060973976,0.046847902,-0.042859815,0.024276476,0.0,0.0062254149089380215
150,1503542220896.0,-17.33944,10.65284,20.350409,301.56534,40.605453,-74.03020500000002,0.90201896,-0.13584134,-0.056668457,0.048337176,-0.011817334,0.02197033,0.0,0.010012255786990387
151,1503542220996.0,-17.322433,10.642392999999998,20.330452,301.56534,40.60546,-74.03020500000002,0.94786793,-0.06982192400000001,-0.040096898,0.055771656,-0.023557337,0.016698852,0.0,0.013798922132116864
152,1503542221096.0,-17.279833,10.704421,20.326761,301.7774,40.605473,-74.0304,0.95754653,-0.11804614,-0.07349243,0.056757525,-0.010446172,-0.032376945,0.0,0.013884094199615228
153,1503542221196.0,-17.236639999999998,10.768126,20.323738,301.99435,40.605484,-74.0304,1.0333295,-0.13773039,-0.06020974,0.047814477,0.05016015,-0.025492065,0.0,0.013884966864240234
154,1503542221296.0,-17.193447,10.83183,20.321003,302.2113,40.60549,-74.0304,1.0105493,-0.04460614,-0.044,0.0395,0.020392241,-0.0006756139999999999,0.0,0.01388479233131523
155,1503542221395.0,-17.150254999999998,10.8955345,20.318562,302.42828,40.60550300000001,-74.0304,1.1314521999999998,-0.076108225,-0.18523799,0.03989209,0.062901415,-0.04968591,0.0,0.01388444326546612
156,1503542221495.0,-17.107060999999998,10.959238,20.316408,302.64523,40.605515,-74.0304,1.0381635,-0.06609748,-0.06512736,0.033291068,0.024927177,-0.019968554,0.0,0.013884792331317009
157,1503542221595.0,-17.06387,11.022942,20.314548,302.8622,40.605526,-74.0304,1.0801041,-0.00020247803,-0.09570614,0.03850078,0.07150545,-0.04255925,0.0,0.013884094199615228
158,1503542221695.0,-17.020678,11.086646,20.31298,303.07916,40.605537,-74.0304,1.1582656,-0.12308984,-0.30067188,0.00623125,0.1520871,-0.084801175,0.0,0.011592825957596808
159,1503542221795.0,-16.977484,11.15035,20.311703,303.2961,40.60555,-74.0304,1.1171125,-0.07470215,-0.12788223,0.032998417,0.06175832,-0.023063144,0.0,0.007916813487046426
160,1503542221894.0,-16.934292000000006,11.214054,20.310717,303.5131,40.605556,-74.0304,0.8821492,0.055096485,-0.0019867187,0.03887027,-0.15807529,-0.04473055,0.0,0.004239055687243365
161,1503542221994.0,-16.891098,11.277758,20.310022,303.73004,40.605568,-74.0304,0.98045546,-0.07828594,-0.16284473,0.016520273000000002,0.0708493,-0.06890944,0.0,0.0005630432166929822
162,1503542222094.0,-16.877724,11.2753935,20.297586,303.74548,40.60558,-74.03062,0.8423671999999999,-0.06842031,0.034407812999999995,0.026299687,-0.079798594,-0.043883905,0.0,0.0004038691889114432
163,1503542222194.0,-16.865702,11.270036,20.284615,303.7518,40.60559,-74.03062,1.0602553999999995,-0.12273954,-0.11788816,0.051926885,0.086646475,-0.041174494,0.0,0.0004036946559864417
164,1503542222294.0,-16.853678,11.264677,20.27164,303.7581,40.6056,-74.03062,1.0552671999999998,0.10627466,-0.08004619,0.009437165,-0.10393374,0.045004454000000006,0.0,0.0004040437218364446
165,1503542222393.0,-16.841654000000002,11.259319,20.258667000000006,303.7644,40.60561,-74.03062,0.8796236999999999,-0.102990806,0.09726527,0.06622458,-0.19387832,0.08815113,0.0,0.00040386918891055496
166,1503542222493.0,-16.829632,11.253961,20.245693,303.7707200000001,40.60562,-74.03062,0.88869226,-0.071999386,-0.06125635,0.051005226,-0.04441602,0.053262085,0.0,0.0004036946559864417
167,1503542222593.0,-16.817608,11.248603999999998,20.232721,303.77704,40.60563,-74.03062,0.9695754,-0.08147018,-0.06176247400000001,0.07190321400000001,-0.011697711,0.011469282,0.0,0.00040369465598732995
168,1503542222693.0,-16.805584,11.243246,20.219748000000006,303.78333,40.60564,-74.03062,0.9826928,-0.09502319,-0.12863575,0.011051929,-0.024246497,-0.015189299,0.0,0.003280695394973776
169,1503542222793.0,-16.79356,11.237887,20.206776,303.78964,40.60565,-74.03062,0.93942994,-0.12754203,-0.05505205,0.062393446,-0.02951756,-0.079096906,0.0,0.008055741695504716
170,1503542222892.0,-16.781538,11.23253,20.193804,303.7959600000001,40.60566,-74.03062,1.0055237,0.09958857,-0.1154813,0.038857743,-0.059409063,-0.03899223,0.0,0.012829566265559757
171,1503542222992.0,-16.769514,11.227172,20.180832,303.80228,40.60567,-74.03062,1.0628581,0.03697898,-0.23683889,0.045049425,0.02725025,0.010652727,0.0,0.017603739901465687
172,1503542223092.0,-16.672829,11.270454,20.12477,304.0646,40.605682,-74.030815,1.0139275,-0.14463802,-0.08496306,0.049811218,0.0022186767,0.059258875,0.0,0.017909870652265347
173,1503542223192.0,-16.570347,11.317066,20.0662,304.34445,40.605694,-74.030815,0.9348515,-0.14935371,-0.115290396,0.04810513,-0.075949326,-0.022140393,0.0,0.017909696119340346
174,1503542223291.0,-16.467867000000002,11.363679,20.008095,304.62433,40.605705,-74.030815,1.0270373,-0.06405405,-0.17304564,0.027016608,0.032382708,-0.01924032,0.0,0.01790969611933857
175,1503542223391.0,-16.365382999999998,11.410291,19.95045,304.90417,40.605717,-74.030815,1.0533037,0.17004761,-0.13439289,-0.0344885,-0.20419852,-0.05554172,0.0,0.01790987065226446
176,1503542223491.0,-16.262903,11.456903,19.893282,305.18405,40.60573,-74.030815,0.6888228,-0.07411073,-0.0907823,-0.0020883107,-0.29337168,-0.022399127,0.0,0.017909696119340346
177,1503542223591.0,-16.160421,11.503515,19.836584,305.4639,40.60574,-74.030815,0.8665159,0.049875744000000014,-0.14992592,-0.008529696,0.0020026416,0.113562874,0.0,0.01790969611933857
178,1503542223691.0,-16.05794,11.550127,19.780367,305.7437700000001,40.605755,-74.030815,0.9924918,-0.07704023,-0.15719838,0.016465748,0.15363738,0.056546807,0.0,0.015067951031241478
179,1503542223790.0,-15.95546,11.596739,19.72463,306.02362,40.605766,-74.030815,1.0726556,-0.04140249,-0.17432778,0.00054616696,0.05327683,-0.019296363,0.0,0.01018364711953623
180,1503542223890.0,-15.852979,11.643352,19.669382,306.3035,40.605778,-74.030815,1.1089082,-0.07061475,-0.26254126,-0.01717376,0.0798175,-0.048535787,0.0,0.0052988196090550934
181,1503542223990.0,-15.750497,11.689963,19.614622,306.58334,40.60579,-74.030815,0.89318824,-0.01580874,-0.19446689,-0.02130877,-0.024085118,-0.0017241504000000002,0.0,0.00041469023027485013
182,1503542224090.0,-15.6838875,11.650892,19.537851,306.6071,40.6058,-74.031,0.8918734,0.055306982000000005,-0.086762644,0.020924048,-0.08083875,0.0042977394,0.0,0.0
183,1503542224190.0,-15.620601999999998,11.60388,19.459013,306.6071,40.605812,-74.031,0.8725094000000001,0.09716265,-0.13593818,0.012501389,0.007812202,0.003251074,0.0,0.0
184,1503542224289.0,-15.557316,11.556868,19.380177,306.6071,40.605824,-74.031,0.97897613,0.021189868,-0.15288463,0.06143605,-0.05538684,-0.04379967,0.0,0.0
185,1503542224389.0,-15.49403,11.509855,19.30134,306.6071,40.605835,-74.031,0.9726517,-0.0018187134,-0.30142236,-0.01979781,0.042930584,-0.05929042,0.0,0.0
186,1503542224489.0,-15.430744,11.462843,19.222504,306.6071,40.605846,-74.031,0.9917329,0.031995118,-0.2783319,-0.024738409,0.06179107,-0.007575452,0.0,0.0
187,1503542224589.0,-15.367458,11.415832,19.143667,306.6071,40.60585800000001,-74.031,0.9283538,-0.05589691,-0.21744153,0.018198397,0.010811265,-0.07143484,0.0,0.0
188,1503542224689.0,-15.3041725,11.368818,19.064829,306.6071,40.60587,-74.031,1.0948015,0.021023657,-0.2884545,0.0042621093,0.06158556,0.0012883423,0.0,0.0011332422833199018
189,1503542224788.0,-15.240888,11.321808,18.985994,306.6071,40.60588,-74.031,1.4327811,-0.012218872,-0.47091407,0.04088275,0.35759377,-0.03933331,0.0,0.003152937293728009
190,1503542224888.0,-15.177603,11.274795,18.907158,306.6071,40.605892,-74.031,0.99659854,0.07575869,-0.30311698,0.01460222,0.017039174,0.09158876,0.0,0.0051726323041361155
191,1503542224988.0,-15.114316,11.227783,18.828321,306.6071,40.6059,-74.031,0.7972442,-0.061476,-0.04638059,-0.056238834,-0.1977267,-0.007252295,0.0,0.0071925018474683355
192,1503542225088.0,-14.899397,11.104493,18.582298,306.7106,40.60591,-74.031166,0.564426,0.0037592528,-0.19918525,0.0010499756,-0.23101549,-0.019524047,0.0,0.007405781082062469
193,1503542225188.0,-14.666579999999998,10.972201,18.316599,306.82632,40.60592000000001,-74.031166,0.79693663,0.016684387,-0.29328358,0.016522147,-0.15176289,-0.018108917,0.0,0.00740578108206158
194,1503542225287.0,-14.433765,10.839909,18.050962,306.94205,40.60593,-74.031166,1.1864918,0.0018081787,-0.50707275,-0.002375464,0.15422991,-0.04648083,0.0,0.007405606549136578
195,1503542225387.0,-14.200951000000002,10.707618,17.785389000000006,307.05777,40.605938,-74.031166,1.232286,0.08510362,-0.42613086,-0.022437293,0.2525217,-0.006422742,0.0,0.007405955614987469
196,1503542225487.0,-13.968135,10.575327,17.519884,307.1735,40.60595,-74.031166,1.0060823,0.027895179,-0.32962844,0.006261156,-0.007884704000000001,-0.04112902,0.0,0.007405432016212465
197,1503542225587.0,-13.735320000000002,10.443035,17.254448,307.2892,40.605957,-74.031166,0.8267486,-0.03725868,-0.36477137,0.020045355,-0.14665654,-0.004202848,0.0,0.007405955614988358
198,1503542225687.0,-13.502504,10.310743,16.989086,307.40494,40.60596500000001,-74.031166,0.70259696,0.0061228517,-0.4775617,-0.030249307000000007,-0.16403985,-0.04054366,0.0,0.007304028386670325
199,1503542225786.0,-13.26969,10.178452,16.723803,307.52066,40.605976,-74.031166,0.817693,0.011179785,-0.47907674,0.03970694,0.006086904000000001,0.0015761621,0.0,0.007115358294529806
200,1503542225886.0,-13.036875,10.046161,16.458597,307.63638,40.605984,-74.031166,1.1139146999999998,0.039339647,-0.6361502,-0.038530663,0.08872754,-0.016198145,0.0,0.0069275608670160685
201,1503542225986.0,-12.804059,9.913869,16.193478,307.7521,40.60599000000001,-74.031166,0.92944777,0.009071289,-0.55142385,0.03607633,0.20448706,0.061105136,0.0,0.006738716241949661
202,1503542226086.0,-12.758633,9.917456,16.159784,307.8584,40.606,-74.03132,1.0549306,-0.10447578,-0.63772655,-0.0013230175,0.13171054,-0.024411993,0.0,0.006714805231197829
203,1503542226185.0,-12.7402935,9.940682,16.159588,307.96332,40.60601,-74.03132,0.94560105,-0.030155372000000007,-0.57265097,0.033501778,-0.016794413,-0.018526416,0.0,0.006715328829973721
204,1503542226285.0,-12.721954,9.96391,16.159443,308.0682700000001,40.606018,-74.03132,0.9059785,0.008732690500000001,-0.5134772,-0.0050205076,-0.017525521999999998,0.014190863,0.0,0.0067148052311960535
205,1503542226385.0,-12.703615,9.987138,16.159354999999998,308.1732,40.60603,-74.03132,0.8255924000000001,0.046117432,-0.24078862,0.015676241,-0.21491563,0.036488034,0.0,0.00671515429704872
206,1503542226485.0,-12.685276,10.010365,16.15932,308.27814,40.60604,-74.03132,0.58889467,0.046435412,-0.17636729999999998,0.024704691,-0.18846159,0.08165565,0.0,0.006714805231197829
207,1503542226585.0,-12.666937,10.033592,16.15934,308.38306,40.60605,-74.03132,1.08101,0.0134736085,-0.47758535,-0.017741937,0.17481688,-0.038876567,0.0,0.0067149797641237186
208,1503542226684.0,-12.648598,10.056821,16.159414,308.48798,40.60606,-74.03132,1.1274841999999998,-0.14642127,-0.46761024,0.028543722,0.22585356,-0.07668142,0.0,0.0057634262559354
209,1503542226784.0,-12.630258,10.080049,16.159542000000002,308.59293,40.606068,-74.03132,1.1008373,0.037066724,-0.43494827,0.006923266700000001,0.011633545,-0.03882749,0.0,0.003931703205967807
210,1503542226884.0,-12.611919,10.103276,16.159725,308.69785,40.60608,-74.03132,0.7885118,-0.055345826,-0.43885633,-0.03975064,0.070848405,-0.021095121,0.0,0.00210050375477433
211,1503542226984.0,-12.593579,10.126504,16.15996,308.8027600000001,40.606087,-74.03132,0.8461001,0.010134668,-0.29228935,-0.0022347241,-0.28752884,0.08275358,0.0,0.00026947883650674237
212,1503542227084.0,-12.232756,9.841789,15.700354999999998,308.8182,40.606094,-74.03147,1.1074191,0.0945813,-0.41644862,0.020422213,0.08117057,-0.10569954,0.0,0.0
213,1503542227183.0,-11.812891,9.50399,15.161471,308.8182,40.6061,-74.03147,1.1298668,-0.017002052,-0.5342216,0.037159324,0.16918844,-0.045757458,0.0,0.0
214,1503542227283.0,-11.393026,9.16619,14.622589,308.8182,40.606102,-74.03147,0.92435354,-0.13227694,-0.24331719,-0.0011451233,0.08930185,-0.015138,0.0,0.0
215,1503542227383.0,-10.973162,8.828392,14.083706,308.8182,40.606106,-74.03147,1.1460103,0.08212835,-0.324755,-0.0053282348,0.03864834,-0.027939666,0.0,0.0
216,1503542227483.0,-10.553299,8.490592999999999,13.544825,308.8182,40.60611,-74.03147,0.88039577,0.040312476,-0.20528159,0.0006972058299999999,-0.08196907,0.008907667,0.0,0.0
217,1503542227583.0,-10.133434,8.152794,13.005942,308.8182,40.606113,-74.03147,0.8233713,-0.061019517,-0.31371304,0.03594572,-0.09466381,0.058676545,0.0,0.0
218,1503542227682.0,-9.713571,7.814995,12.46706,308.8182,40.606117,-74.03147,0.85283804,0.118277356,-0.21958049,-0.017881215,-0.20103866,0.009147786,0.0,0.0
219,1503542227782.0,-9.293705,7.477195299999999,11.928177,308.8182,40.60612,-74.03147,0.9326102,0.00756958,-0.24654189,0.017235737,0.037968457,0.012479092,0.0,0.0
220,1503542227882.0,-8.873842,7.1393960000000005,11.389296,308.8182,40.606125,-74.03147,1.1424125,0.09170444,-0.24027178,0.025200132000000004,0.07022804,-0.03869022,0.0,0.0
221,1503542227982.0,-8.453978,6.801597,10.850413,308.8182,40.60613,-74.03147,1.0110464,0.07354917,-0.2410164,0.028021093,0.014121094,-0.0036706543,0.0,0.0
222,1503542228082.0,-8.322708,6.6959853,10.681933,308.8182,40.606133,-74.03154,0.8581386999999999,0.020215333,-0.26657470000000005,-0.01473896,-0.005207427,0.013778413,0.0,0.0
223,1503542228181.0,-8.24962,6.637183,10.588127,308.8182,40.60614,-74.03154,0.93944407,0.020842774,-0.25231764,0.0081078615,-0.052373227,-0.00082934083,0.0,0.0
224,1503542228281.0,-8.176534,6.5783806,10.494322,308.8182,40.606144,-74.03154,0.96330714,-0.046682008,-0.35293305,0.0040245885,0.029060561,-0.03264906,0.0,0.0
225,1503542228381.0,-8.103446,6.519579,10.4005165,308.8182,40.606148,-74.03154,0.9714236,0.020914208,-0.39889276,-0.005980913000000001,0.07954059,-0.012440725,0.0,0.0
226,1503542228481.0,-8.030358999999999,6.4607773,10.306712,308.8182,40.60615,-74.03154,0.95675457,0.044733692,-0.30925655,-0.0030808703000000004,0.101422034,0.0074219774,0.0,0.0
227,1503542228581.0,-7.9572716,6.4019747,10.212906,308.8182,40.606155,-74.03154,0.9529896,-0.0649099,-0.18595457,0.005645587,0.03488144,-0.030185085,0.0,0.0
228,1503542228680.0,-7.8841839999999985,6.343172,10.119101,308.8182,40.60616,-74.03154,0.91945064,0.05634585,-0.17123145,0.009634039,-0.056414083,-0.0010145203,0.0,0.001017526953913439
229,1503542228780.0,-7.811096000000001,6.28437,10.025294,308.8182,40.606167,-74.03154,0.9479546999999998,0.06343882,-0.109196775,0.015845348999999998,-0.024056258,0.012554114,0.0,0.0031450833120940658
230,1503542228880.0,-7.738009,6.225568,9.931489,308.8182,40.60617,-74.03154,1.004031,0.02381787,-0.2297886,0.012569898,0.06702523,0.010728272,0.0,0.005273163269050585
231,1503542228980.0,-7.6649213,6.1667657,9.837684,308.8182,40.606174,-74.03154,0.99430203,0.06280569,-0.20102139,0.0011899042,0.07451551,-0.025393507000000003,0.0,0.0074010686930821015
232,1503542229079.0,-7.516997999999999,6.065106,9.658715,308.91714,40.606182,-74.03161999999998,0.9187998,0.049998194,-0.23744765,-0.010012163,0.14805914,0.041212987,0.0,0.00780214535518997
233,1503542229179.0,-7.3516892999999985,5.95349,9.459989,309.03906,40.606186,-74.03161999999998,1.0437181,-0.038237914,-0.17915915,-0.011684631,0.06279204,0.01195083,0.0,0.0078019708222640816
234,1503542229279.0,-7.186379400000001,5.8418730000000005,9.261292,309.16098,40.606194,-74.03161999999998,0.9951056,0.025047729,-0.14597873,-0.012011824,-0.05555185,-0.0067643714,0.0,0.007801970822264971
235,1503542229379.0,-7.0210705,5.730257,9.062631,309.2829,40.6062,-74.03161999999998,0.93367785,0.24600679,-0.29439783,0.011278125,-0.028709607,0.005948285,0.0,0.007801970822265858
236,1503542229479.0,-6.855761500000002,5.618641,8.864005,309.4048,40.606205,-74.03161999999998,0.7734531,0.03342395,-0.1315307,2.2473145e-05,-0.057543863,0.05125376,0.0,0.007801621756414967
237,1503542229578.0,-6.6904526,5.5070242999999985,8.665419,309.5267,40.606213,-74.03161999999998,0.88258463,-0.04416704,-0.10229794,-0.018817978,-0.013426469,-0.027461423,0.0,0.007801970822264971
238,1503542229678.0,-6.5251436,5.395407700000002,8.466872,309.64862,40.60622,-74.03161999999998,0.98581046,-0.0042355224,-0.16731298,-0.0031654346,-0.030396773,-0.020367611,0.0,0.006829124297203393
239,1503542229778.0,-6.3598337,5.283791000000001,8.268369,309.77054,40.606224,-74.03161999999998,1.042575,0.033582814,-0.2155203,-5.84375e-05,0.014663125,-0.021665469,0.0,0.004701218873170987
240,1503542229878.0,-6.194525,5.172175,8.069915,309.89246,40.60623,-74.03161999999998,1.0288266,0.023313867,-0.22546464,-0.004555664,0.08479383,-0.008252596999999999,0.0,0.0025733134491385807
241,1503542229978.0,-6.0292153,5.060559,7.8715115,310.0143700000001,40.606236,-74.03161999999998,0.9641355,0.008582422,-0.114223436,0.0022261718,0.012472696,-0.025878165,0.0,0.0004455825580329531
242,1503542230077.0,-5.9801235,5.025018,7.811062,310.0399,40.60624,-74.031715,1.008299,0.016885351,-0.10222695,0.047051463,-0.009767286,-0.025886426,0.0,0.0
243,1503542230177.0,-5.961787,5.00961,7.7871112999999985,310.0399,40.606247,-74.031715,1.0432695,0.046273436,-0.12608203,0.011945468,-0.011811953,-0.0044478904,0.0,0.0
244,1503542230277.0,-5.9434510000000005,4.9942026,7.763161,310.0399,40.60625,-74.031715,0.960557,0.07989341,-0.085358426,-0.0051610596,-0.053440199999999986,0.0004564026,0.0,0.0
245,1503542230377.0,-5.9251146,4.978795,7.739211,310.0399,40.606255,-74.031715,0.9791239,0.015640564,-0.04179309,0.036865287,-0.0047779786,0.0072060376,0.0,0.0
246,1503542230477.0,-5.906778299999999,4.9633865,7.715260000000002,310.0399,40.606262,-74.031715,0.9803446,0.013606958,-0.087507285,-0.0032160485,-0.039609343,-0.022178924,0.0,0.0
247,1503542230576.0,-5.888442,4.947979,7.6913095,310.0399,40.606266,-74.031715,1.0272266,0.003292688,-0.12616315,0.008821891,0.044500392,-0.022678344,0.0,0.0
248,1503542230676.0,-5.8701057,4.9325714000000005,7.6673594,310.0399,40.60627,-74.031715,1.0150034,0.052192114000000005,-0.13640279,0.037879698,0.020879522,-0.016066357,0.0,0.0013585642897524508
249,1503542230776.0,-5.8517694,4.917164,7.643409299999999,310.0399,40.606277,-74.031715,1.0451530999999998,0.004961865,-0.1932684,0.016030066000000003,0.15021126,-0.033066906,0.0,0.0044697882143580605
250,1503542230876.0,-5.833433,4.901756,7.6194587,310.0399,40.60628,-74.031715,0.98084605,0.058124147,-0.08200610400000001,-0.022894055,0.002041975,0.014500787,0.0,0.007581186671889562
251,1503542230976.0,-5.8150973,4.8863487,7.595509,310.0399,40.606285,-74.031715,0.9247337,0.029218946000000006,-0.02659607,0.03502469,-0.11045128,0.011452163,0.0,0.010692410596492508
252,1503542231075.0,-5.745143,4.8483730000000005,7.517539,310.17715,40.606293,-74.03179,0.94930756,0.062295802,-0.052003346,0.009773831,-0.050041515,0.008193821,0.0,0.01140834465566165
253,1503542231175.0,-5.6597705000000005,4.8036566,7.423484299999998,310.3554,40.606297,-74.03179,0.9465316,0.03563003,-0.06394668,0.008335828,-0.04220223,0.00892438,0.0,0.011408519188586652
254,1503542231275.0,-5.574398,4.75894,7.32949,310.5337,40.6063,-74.03179,1.0364081,0.03675735,-0.17288242,0.016390331,0.055394623,0.0016057348000000002,0.0,0.011408344655659873
255,1503542231375.0,-5.489025,4.714223400000002,7.235558,310.71194,40.606308,-74.03179,1.0585586,0.026336621,-0.23088779,0.0078087426,0.06940684,-0.029954167,0.0,0.011408519188586652
256,1503542231475.0,-5.403652,4.669507,7.141691000000002,310.89023,40.60631,-74.03179,1.0642138,0.05418568,-0.28984544,0.0022221985,0.09758399,0.0029605834000000003,0.0,0.011408344655660764
257,1503542231574.0,-5.3182800000000015,4.6247907,7.047892999999998,311.06848,40.606316,-74.03179,1.0470701,0.008951355,-0.29947242,0.021032574,0.051096488,-0.026733128,0.0,0.011408519188585764
258,1503542231674.0,-5.232908,4.5800743,6.9541645,311.24677,40.606323,-74.03179,0.9859856,0.018821692,-0.27328274,0.0026342347,-0.024891943,-0.008461991,0.0,0.010114008482380754
259,1503542231774.0,-5.147535,4.5353575,6.860509,311.42502,40.606327,-74.03179,0.9456504,0.08144019,-0.25098705,0.010123779,-0.01770523,0.016721313999999998,0.0,0.007002959090701033
260,1503542231874.0,-5.0621624,4.4906416,6.7669305999999985,311.6033,40.60633,-74.03179,0.97424245,0.02807163,-0.27735537,0.021129047,0.04521891,0.008472011,0.0,0.003891386100246308
261,1503542231973.0,-4.97679,4.4459257,6.673432000000001,311.78156,40.60634,-74.03179,1.0132642,0.024518507,-0.34519613,0.0017033642999999998,0.09818887,0.03898764,0.0,0.0007801621756406972
262,1503542232073.0,-4.8879660000000005,4.374379,6.559528,311.82626,40.606342,-74.03187,0.96699417,0.040460646,-0.273227,-0.0004455468700000001,-0.1001653,-0.016461601,0.0,0.0
263,1503542232173.0,-4.797987,4.2938547,6.438779,311.82626,40.606346,-74.03187,0.8952879000000001,0.112655126,-0.21994297,0.029416798,-0.21211395,0.02243357,0.0,0.0
264,1503542232273.0,-4.708008,4.21333,6.3180285000000005,311.82626,40.60635,-74.03187,0.907214,0.0664809,-0.28305286,-0.0053429957,-0.11620001,0.021752546,0.0,0.0
265,1503542232373.0,-4.6180286,4.132805,6.197279,311.82626,40.606354,-74.03187,0.946449,0.020806799,-0.29632926,0.017774353,0.047008123,0.012511157,0.0,0.0
266,1503542232472.0,-4.52805,4.0522804,6.0765295,311.82626,40.606358,-74.03187,0.93553525,-0.12860614,-0.39973608,-0.025361072,0.088243596,-0.063385144,0.0,0.0
267,1503542232572.0,-4.4380713,3.9717555,5.95578,311.82626,40.60636,-74.03187,1.1318734,-0.028379321,-0.3882183,0.011098098,0.19855581,-0.07336289,0.0,0.0
268,1503542232672.0,-4.3480919999999985,3.891231,5.835031,311.82626,40.606365,-74.03187,1.0475972,0.11666359,-0.26650432,-0.00934107,0.00016051026,0.022858344,0.0,0.0
269,1503542232772.0,-4.258113,3.8107057,5.7142806,311.82626,40.606365,-74.03187,0.8677933000000001,0.063349515,-0.10873786,0.030364236,-0.11332808,0.036546405,0.0,0.0
270,1503542232872.0,-4.1681339999999985,3.730181200000001,5.5935316,311.82626,40.60637,-74.03187,0.9409878,0.08675419999999999,-0.09773769,0.06199623,-0.05476262,0.09279457,0.0,0.0
271,1503542232971.0,-4.0781550000000015,3.6496565,5.4727817000000005,311.82626,40.606373,-74.03187,1.006891,-0.049626097,-0.2177661,-0.016695267,0.122027405,-0.098630525,0.0,0.0
272,1503542233071.0,-3.9892597,3.5701015,5.3534865,311.82626,40.606377,-74.03192,1.0667919,0.03007483,-0.25590885,0.00438636,0.09879548,-0.010391362,0.0,0.0
273,1503542233171.0,-3.900768,3.4909077000000006,5.234732599999999,311.82626,40.60638,-74.03192,1.0765698,0.049106274000000005,-0.2275419,-0.012209478,-0.022538044,-0.010694981,0.0,0.0
274,1503542233271.0,-3.812276,3.4117136,5.1159787,311.82626,40.60638400000001,-74.03192,0.9435271,0.03882949,-0.20620911,-0.016400201,-0.06401575,0.023801532,0.0,0.0
275,1503542233371.0,-3.7237842,3.33252,4.997225299999998,311.82626,40.606388,-74.03192,0.9768498,0.0077258423,-0.15183194,0.006268948000000001,0.0036779675,0.013719493,0.0,0.0
276,1503542233470.0,-3.6352925,3.2533264,4.8784714000000005,311.82626,40.606388,-74.03192,0.85891706,-0.017212927,-0.17090651,-0.003898888,0.041637674,0.03516489,0.0,0.0
277,1503542233570.0,-3.5468009,3.1741326,4.759718,311.82626,40.60639000000001,-74.03192,0.96133703,0.019666845,-0.12699261,0.0064328737,0.02149353,0.0006088989299999999,0.0,0.0
278,1503542233670.0,-3.4583087,3.0949388,4.6409636,311.82626,40.606396,-74.03192,1.0401359,0.033728395,-0.18638532,0.0032468506,0.021013843,-0.04250637,0.0,0.0
279,1503542233770.0,-3.3698173,3.015745,4.52221,311.82626,40.6064,-74.03192,1.0604292,0.043816503,-0.20355673,-0.00659458,0.02168252,-0.0049305176,0.0,0.0
280,1503542233870.0,-3.2813253,2.936551,4.4034559999999985,311.82626,40.606403,-74.03192,0.9990034,0.038955078,-0.21093604,0.004624951,-0.012716797,0.0013454199,0.0,0.0
281,1503542233969.0,-3.1928337000000004,2.8573575,4.284703,311.82626,40.606403,-74.03192,0.9855405,0.0477459,-0.16062705,0.009306045,0.018256104,-0.008328418,0.0,0.0
282,1503542234069.0,-3.1201317000000004,2.7922943,4.1871386,311.82626,40.606407,-74.03197,0.94455373,0.071650684,-0.10976748,0.020342149,-0.030261856,0.027567774,0.0,0.0
283,1503542234169.0,-3.0539489,2.7330654,4.0983230000000015,311.82626,40.60641,-74.03197,0.9031022,0.02703379,-0.12156016,-0.008239336,-0.054202735,-0.0063112304,0.0,0.0
284,1503542234269.0,-2.9877658,2.6738362,4.0095067,311.82626,40.60641,-74.03197,0.98668206,0.023265112,-0.1901566,0.032796025,0.060467746,-0.025017042000000003,0.0,0.0
285,1503542234369.0,-2.9215827,2.6146073,3.9206908,311.82626,40.60641500000001,-74.03197,1.090539,0.007824524,-0.24134344,-0.0039145593,0.043050587,-0.028438399,0.0,0.0
286,1503542234468.0,-2.8554,2.5553784,3.8318753,311.82626,40.60642,-74.03197,0.93554294,0.025436426,-0.13716266,0.02216925,-0.027325217,-0.0006088147,0.0,0.0
287,1503542234568.0,-2.789217,2.4961495,3.7430594,311.82626,40.60642,-74.03197,0.99368685,0.045684863,-0.16941811,0.00094094116,0.027153216,-0.006551609,0.0,0.0
288,1503542234668.0,-2.7230343999999995,2.4369204,3.6542437,311.82626,40.606422,-74.03197,1.0188639000000002,0.026744483,-0.18835557,0.007734686,0.025839742,-0.020171123,0.0,5.93411945715161e-06
289,1503542234768.0,-2.6568513,2.3776915,3.565428,311.82626,40.606422,-74.03197,1.0319986,0.047226805,-0.20949829,0.02689929,0.0027728784000000005,-0.005872424,0.0,2.3038346125936467e-05
290,1503542234867.0,-2.5906684,2.3184626,3.4766120000000003,311.82626,40.606426,-74.03197,1.021405,0.020760156,-0.21420643,-0.0036771607,0.03299246,0.0006630737299999999,0.0,3.9444441096492255e-05
291,1503542234967.0,-2.5244856,2.2592335,3.3877962,311.82626,40.60643,-74.03197,0.94650877,0.057463866,-0.18066084,0.0118425535,-0.031608608,0.013084302,0.0,5.654866776527712e-05
292,1503542235067.0,-2.4342752,2.1785328,3.266757,311.82693,40.606434,-74.032005,0.9369148000000002,0.022024414,-0.16427454,0.020343896,-0.0031987329,-0.0045956713,0.0,6.178465551975877e-05
293,1503542235167.0,-2.3331194,2.0880508,3.1310384,311.82788,40.606438,-74.032005,0.9937655,0.0469416,-0.20235129,0.009629714,0.012955296000000002,-0.01707287,0.0,6.17846555215351e-05
294,1503542235267.0,-2.2319632,1.9975686,2.9953196,311.82886,40.606445,-74.032005,1.0310951,0.033570558,-0.20093249,0.002567505,0.006616383000000001,-0.018676706,0.0,6.178465552064694e-05
295,1503542235366.0,-2.1308074,1.9070866,2.8596013,311.82983,40.60645,-74.032005,0.90686506,0.04164187,-0.1999329,3.986572e-05,-0.05672268,0.0035146924,0.0,6.178465552064694e-05
296,1503542235466.0,-2.0296516,1.8166046,2.7238830000000003,311.83078,40.606453,-74.032005,0.9845543,0.022559838,-0.21844016,0.008211858,-0.022538818,0.032621022,0.0,6.178465551975877e-05
297,1503542235566.0,-1.9284956,1.7261226000000005,2.5881642999999994,311.8317600000001,40.606457,-74.032005,0.9551205,0.03161847,-0.23244981,0.001992539,-0.022644948,0.0005321814,0.0,6.178465551975877e-05
298,1503542235666.0,-1.8273399,1.6356406,2.452446,311.83273,40.60646,-74.032005,1.0155704,0.026934046,-0.25214258,0.0048014220000000005,0.013068933,0.008192877,0.0,5.602506898938486e-05
299,1503542235766.0,-1.7261838,1.5451583999999998,2.3167272,311.83368,40.60647,-74.032005,0.97888875,0.024612842000000003,-0.18811552,0.0011086036,-0.009698926,-4.0561525e-05,0.0,3.9444441096492255e-05
300,1503542235865.0,-1.625028,1.4546764,2.1810088,311.83466,40.606472,-74.032005,0.97353894,0.022954736,-0.17881055,0.014064112,-0.008536451,0.009993628,0.0,2.234021442593104e-05
301,1503542235965.0,-1.523872,1.3641945,2.0452905,311.8356,40.606472,-74.032005,0.9739975,0.020063989,-0.21823275,0.003843335,-0.003549551,-0.010369824,0.0,5.93411945715161e-06
302,1503542236065.0,-1.4311632,1.2812239,1.9208754,311.83594,40.606476,-74.03196,1.0370412,0.029356152000000007,-0.24182193,0.007058765,0.047368407,-0.007749120999999999,0.0,0.0
303,1503542236165.0,-1.3426847,1.2020152,1.8021218,311.83594,40.606476,-74.03196,0.98732424,0.059463135999999986,-0.17846958,0.009139843,-0.013704981,0.0043475586,0.0,0.0
304,1503542236265.0,-1.2542063,1.1228063,1.6833678,311.83594,40.60648,-74.03196,0.98852384,0.03680061,-0.23669349,-0.014472342,-0.0025408557,-0.012674582,0.0,0.0
305,1503542236364.0,-1.1657281000000002,1.0435976,1.5646143,311.83594,40.60648,-74.03196,0.98956484,0.014129639,-0.23001668,0.010982227,0.004452063,0.0053218505,0.0,0.0
306,1503542236464.0,-1.0772498,0.96438897,1.4458607,311.83594,40.60648,-74.03196,0.98046035,0.021133667,-0.24959148,0.0024397997,0.014465241,-0.0056112646,0.0,0.0
307,1503542236564.0,-0.9887713,0.88518023,1.327107,311.83594,40.606483,-74.03196,0.99560386,0.035996594,-0.25361067,-0.003108065,0.022526992000000003,-0.005472815,0.0,0.0
308,1503542236664.0,-0.9002931000000001,0.8059715999999999,1.2083534,311.83594,40.606483,-74.03196,0.9684881,0.035137977,-0.23683827,0.0026511732,-0.0070048375,-0.0010475073,0.0,0.0
309,1503542236764.0,-0.81181455,0.7267627,1.0895993999999998,311.83594,40.606483,-74.03196,0.9796722,0.032119117999999995,-0.23928072,-0.0012951782,0.002967693,-0.0047546728,0.0,0.0
310,1503542236863.0,-0.72333616,0.64755404,0.9708457,311.83594,40.606483,-74.03196,0.9772165,0.03443291,-0.24297404,-0.0020845556,0.0038891162,-0.0028494946000000004,0.0,0.0
311,1503542236963.0,-0.6348579000000001,0.56834537,0.85209215,311.83594,40.606483,-74.03196,0.99588144,0.031762842,-0.24476284,-0.002945437,0.007765845,0.00097196776,0.0,0.0
312,1503542237063.0,-0.57901794,0.51835567,0.777145,311.83594,40.606483,-74.03198,0.9960975,0.017902513999999998,-0.24454717,-0.010749401499999998,0.016906068,0.0015578613,0.0,0.0
313,1503542237163.0,-0.5410986999999999,0.48440912,0.72625065,311.83594,40.606483,-74.03198,0.99408925,0.03230359,-0.23627856,-0.0028892823,0.0025425074,-0.00019391357,0.0,0.0
314,1503542237263.0,-0.5031793999999999,0.4504625,0.67535615,311.83594,40.606483,-74.03198,0.9865985,0.021551136,-0.21324432,0.00025841064,0.011651978,-0.0054784487,0.0,0.0
315,1503542237362.0,-0.46526006,0.4165159000000001,0.6244616999999999,311.83594,40.606483,-74.03198,1.0040803,0.033639893,-0.214,-0.005881941,0.008984772,-0.0077090295999999985,0.0,0.0
316,1503542237462.0,-0.4273408,0.38256937,0.57356733,311.83594,40.606483,-74.03198,0.995511,0.036170326,-0.1830439,-0.0022796753,0.014897799,-0.0031179676,0.0,0.0
317,1503542237562.0,-0.38942152,0.3486228,0.5226729,311.83594,40.606483,-74.03198,1.0000125,0.037638646,-0.1597227,-0.002,0.014713744,-0.0045555797,0.0,0.0
318,1503542237662.0,-0.35150224,0.31467623,0.47177848,311.83594,40.606483,-74.03198,0.99861795,0.044853833,-0.12562953,0.0016071863,0.01101642,-0.0009158972,0.0,0.0
319,1503542237761.0,-0.31358287,0.28072956,0.42088395,311.83594,40.606483,-74.03198,1.0022393,0.05128181,-0.065,0.00094428944,0.016103217,-0.0042557106,0.0,0.0
320,1503542237861.0,-0.27566358,0.24678299,0.36998954,311.83594,40.606483,-74.03198,0.9954297,0.045785155,-0.08207422,-0.0021,0.022713829,-9.421875e-05,0.0,0.0
321,1503542237961.0,-0.2377443,0.21283641,0.3190951,311.83594,40.606483,-74.03198,0.98672795,0.05282344,-0.08481621,0.001359668,0.0010754297,-0.003950625,0.0,0.0
322,1503542238061.0,-0.22165912,0.19843645,0.29750597,311.83594,40.60648,-74.03199000000002,1.0044352,0.046046093,-0.10515273,-0.0038905079,0.0014580078,-0.012076914,0.0,0.0
323,1503542238161.0,-0.21868506,0.19577397,0.29351422,311.83594,40.60648,-74.03199000000002,0.99883264,0.049707225999999986,-0.0849543,0.0033144532000000003,-0.010537051,-0.0017394726,0.0,0.0
324,1503542238260.0,-0.21571098,0.1931115,0.2895225,311.83594,40.60648,-74.03199000000002,1.0014844,0.047,-0.089606225,-0.0030968483,0.006856108499999999,0.00090153684,0.0,0.0
325,1503542238360.0,-0.21273693,0.19044903,0.2855308,311.83594,40.60648,-74.03199000000002,0.9836865,0.045686535999999986,-0.094313465,-0.0030232752,-0.0054121837,-0.0010926928,0.0,0.0
326,1503542238460.0,-0.20976287,0.18778653,0.28153905,311.83594,40.60648,-74.03199000000002,0.9994095,0.045028552,-0.10064763,0.00091882935,0.0105450135,-0.00095760496,0.0,0.0
327,1503542238560.0,-0.20678881,0.18512405,0.27754736,311.83594,40.60648,-74.03199000000002,0.9933341999999998,0.047331665,-0.09432416,-0.0032,0.004318744,0.0,0.0,0.0
328,1503542238660.0,-0.20381474,0.18246156,0.27355559999999995,311.83594,40.60648,-74.03199000000002,0.9998233,0.04421029,-0.097268455,-0.006283009,-0.0010060291,-0.0010830091,0.0,0.0
329,1503542238759.0,-0.20084067,0.17979908,0.26956385,311.83594,40.60648,-74.03199000000002,1.0049354,0.04,-0.11216113,-0.0051897974,0.005284453299999999,-0.0053,0.0,0.0
330,1503542238859.0,-0.1978666,0.1771366,0.26557216,311.83594,40.60648,-74.03199000000002,0.9978434000000002,0.04292168,-0.10574773,-0.005266538,0.0022292847,-3.194092e-05,0.0,0.0
331,1503542238959.0,-0.19489256,0.17447414,0.26158044,311.83594,40.60648,-74.03199000000002,0.99873763,0.041502245,-0.10037107,-0.003102556,0.0051108445,-0.00094887696,0.0,0.0
332,1503542239059.0,-0.18203755,0.16296591,0.24432674,311.83594,40.606476,-74.03199000000002,0.9937887,0.03884226,-0.103087306,-0.0030245825,-0.0037079907,-0.006320991,0.0,0.0
333,1503542239159.0,-0.16270615,0.14565982,0.21838057,311.83594,40.606476,-74.03199000000002,0.9958859,0.053622413,-0.09241494,-0.003149109,0.0089124385,0.0021971557,0.0,0.0
334,1503542239258.0,-0.14337471,0.12835369,0.19243434,311.83594,40.606476,-74.03199000000002,0.9999453,0.041626416,-0.09325283,-0.0029811317,0.002762267,-0.0043509435,0.0,0.0
335,1503542239358.0,-0.12404331,0.111047596,0.16648817,311.83594,40.606476,-74.03199000000002,1.0036644,0.038583044,-0.10108825,-0.0040330444,0.0074,-0.0072790469999999986,0.0,0.0
336,1503542239458.0,-0.104711905,0.09374149,0.14054199,311.83594,40.606476,-74.03199000000002,0.998,0.042418458,-0.10729962,-0.004447383,0.00242469,-0.003037655,0.0,0.0
337,1503542239558.0,-0.08538051,0.07643539999999999,0.11459582,311.83594,40.606476,-74.03199000000002,0.99446297,0.047925953,-0.10236424,-0.0025195312,0.0028246825,0.00013110352,0.0,0.0
338,1503542239658.0,-0.066049114,0.05912931,0.08864965,311.83594,40.606476,-74.03199000000002,0.9920199,0.04350995,-0.09851791,-0.0048263674,-0.00045883178,-0.0012480102,0.0,0.0
339,1503542239757.0,-0.04671767,0.04182317,0.062703416,311.83594,40.606476,-74.03199000000002,1.0021335999999998,0.04049165,-0.10062525,-0.0015067188,0.004794341,-0.0021,0.0,0.0
340,1503542239857.0,-0.027386272000000003,0.024517078,0.036757246,311.83594,40.606476,-74.03199000000002,0.9974813,0.050443895,-0.0934813,0.0010168701,0.0065058838,-0.00033395996,0.0,0.0
341,1503542239957.0,-0.008054875,0.007210985,0.010811074,311.83594,40.606476,-74.03199000000002,1.0062324,0.042819582,-0.10365137,-0.002903042,0.010796958,-0.0045760106,0.0,0.0
342,1503542240057.0,-0.0,0.0,0.0,311.83594,40.606476,-74.03199000000002,0.9944606,0.04307881,-0.106012255,-0.005508344599999999,-0.0008105957,0.0003788086,0.0,0.0
343,1503542240157.0,-0.0,0.0,0.0,311.83594,40.606476,-74.03199000000002,0.9961517,0.04225122,-0.10440293,-0.0042,0.0033610254,-0.0025394629,0.0,0.0
344,1503542240256.0,-0.0,0.0,0.0,311.83594,40.606476,-74.03199000000002,0.9953221,0.046319716,-0.095800474,-0.0012311047,-0.0015663049,-0.0013100952,0.0,0.0
345,1503542240356.0,-0.0,0.0,0.0,311.83594,40.606476,-74.03199000000002,0.99701375,0.044,-0.09271134,-0.001416615,0.0049111852,-0.0018575086,0.0,0.0
346,1503542240456.0,-0.0,0.0,0.0,311.83594,40.606476,-74.03199000000002,0.9982272,0.045131177,-0.09893441,-0.0018461219,0.0027309875,0.0012538781,0.0,0.0
347,1503542240556.0,-0.0,0.0,0.0,311.83594,40.606476,-74.03199000000002,0.9985911,0.04740885,-0.09868495,-0.0047305296,0.0020369445,0.0015177001,0.0,0.0
348,1503542240655.0,-0.0,0.0,0.0,311.83594,40.606476,-74.03199000000002,0.9913835,0.04299249,-0.09857898,-0.0031,-0.0026096094,-0.0018484986,0.0,0.0
349,1503542240755.0,-0.0,0.0,0.0,311.83594,40.606476,-74.03199000000002,0.99389476,0.043328956,-0.09911841,-0.0021,-0.00047631835,-0.0012882935,0.0,0.0
350,1503542240855.0,-0.0,0.0,0.0,311.83594,40.606476,-74.03199000000002,0.9972893,0.04586658,-0.09448877,0.00015620361999999998,0.0069141723,-0.0012266309,0.0,0.0
351,1503542240955.0,-0.0,0.0,0.0,311.83594,40.606476,-74.03199000000002,1.0003858,0.044795264,-0.094734915,-0.0021091748,0.0007708519999999999,-0.0028609473,0.0,0.0
352,1503542241055.0,-0.0,0.0,0.0,311.83594,40.606476,-74.03199000000002,1.0019995000000002,0.041357104,-0.10671475,-0.0030372657,0.008269839000000001,-0.0010292896,0.0,0.0
353,1503542241154.0,-0.0,0.0,0.0,311.83594,40.606476,-74.03199000000002,0.993774,0.04081428,-0.10485454,-0.0075296094,0.0039960374,-0.002896753,0.0,0.0
354,1503542241254.0,-0.0,0.0,0.0,311.83594,40.606476,-74.03199000000002,0.9966451,0.043345653,-0.1,-0.0027585316,0.0039515784,-0.0021,0.0,0.0
355,1503542241354.0,-0.0,0.0,0.0,311.83594,40.606476,-74.03199000000002,0.98890156,0.04610425,-0.09476062,-0.0013147303,0.005183846,-0.0019407922,0.0,0.0
356,1503542241454.0,-0.0,0.0,0.0,311.83594,40.606476,-74.03199000000002,1.0060143,0.045405738,-0.09306284,-0.0006157104499999999,0.0071486330000000015,-0.003161571,0.0,0.0
357,1503542241554.0,-0.0,0.0,0.0,311.83594,40.606476,-74.03199000000002,1.0025536,0.041510716,-0.10616962,-0.0053,0.008903043000000001,-0.0014341051999999998,0.0,0.0
358,1503542241653.0,-0.0,0.0,0.0,311.83594,40.606476,-74.03199000000002,0.99498004,0.04071505,-0.10267511,-0.005908047,0.0,-0.0013554773,0.0,0.0
359,1503542241753.0,-0.0,0.0,0.0,311.83594,40.606476,-74.03199000000002,1.0016026,0.042938672,-0.09771465,-0.0012875292,-2.5283203e-05,-0.0021,0.0,0.0
360,1503542241853.0,-0.0,0.0,0.0,311.83594,40.606476,-74.03199000000002,0.9959161,0.044672947000000005,-0.09610274,0.0,0.0054560057,-0.0033060645,0.0,0.0
361,1503542241953.0,-0.0,0.0,0.0,311.83594,40.606476,-74.03199000000002,0.99721843,0.04900449,-0.09520947,-0.0021,0.0011266602,0.00012792968,0.0,0.0
362,1503542242053.0,-0.0,0.0,0.0,311.83594,40.606476,-74.03199000000002,0.9969819,0.04279639,-0.10953858,-0.0042,0.002258623,0.0020446386,0.0,0.0
363,1503542242152.0,-0.0,0.0,0.0,311.83594,40.606476,-74.03199000000002,0.99009216,0.041546095,-0.09735283,-0.0037841112,-0.0019183008,-0.0032951757000000003,0.0,0.0
364,1503542242252.0,-0.0,0.0,0.0,311.83594,40.606476,-74.03199000000002,1.0031707,0.04626831,-0.10026831,-0.003238274,0.008822219000000001,-0.0028244886,0.0,0.0
365,1503542242352.0,-0.0,0.0,0.0,311.83594,40.606476,-74.03199000000002,1.0015532,0.044,-0.10213715,-0.0010973987,0.0135637345,-0.002047743,0.0,0.0
366,1503542242452.0,-0.0,0.0,0.0,311.83594,40.606476,-74.03199000000002,1.0035133,0.043188903,-0.10027107,-0.0036634412,0.007348679,-0.0021,0.0,0.0
367,1503542242552.0,-0.0,0.0,0.0,311.83594,40.606476,-74.03199000000002,1.0063294,0.04415187,-0.112266384,-0.0057940236,0.0068704905000000005,-0.0021460778,0.0,0.0
368,1503542242651.0,-0.0,0.0,0.0,311.83594,40.606476,-74.03199000000002,0.99840575,0.041273646,-0.10485848,-0.0036728515,0.012118555,-0.0025915161,0.0,0.0
369,1503542242751.0,-0.0,0.0,0.0,311.83594,40.606476,-74.03199000000002,1.0079011999999998,0.045294702,-0.09757412,0.00057070557,0.009139292,-0.0058188234,0.0,0.0
370,1503542242851.0,-0.0,0.0,0.0,311.83594,40.606476,-74.03199000000002,1.0023959,0.04275835,-0.10618762,-0.0042641847,0.0068820924,-0.0021,0.0,0.0
371,1503542242951.0,-0.0,0.0,0.0,311.83594,40.606476,-74.03199000000002,0.9962095,0.041441895,-0.10110474,-0.0040669944,0.009753552,-0.0046735154,0.0,0.0
372,1503542243051.0,-0.0,0.0,0.0,311.83594,40.606476,-74.03199000000002,1.0094988,0.04505012,-0.105,-0.0024401343,0.013999083999999998,-0.0043597436,0.0,0.0
373,1503542243150.0,-0.0,0.0,0.0,311.83594,40.606476,-74.03199000000002,1.0067216,0.039437477,-0.10920459,-0.0024287475,0.0138684325,-0.0028917114,0.0,0.0
374,1503542243250.0,-0.0,0.0,0.0,311.83594,40.606476,-74.03199000000002,1.0027057,0.03726488,-0.10191171,-0.0054141795,0.0036812243,-0.0034411377,0.0,0.0
375,1503542243350.0,-0.0,0.0,0.0,311.83594,40.606476,-74.03199000000002,1.0049618,0.045904603,-0.10894276,-0.0026940124,0.010518946,-0.0046059876,0.0,0.0
376,1503542243450.0,-0.0,0.0,0.0,311.83594,40.606476,-74.03199000000002,1.0022007,0.037122194,-0.102,-0.0017533288,0.015351705,-0.006412056700000001,0.0,0.0
377,1503542243549.0,-0.0,0.0,0.0,311.83594,40.606476,-74.03199000000002,1.0059692,0.041006494,-0.100001626,-0.004583214,0.01406841,-0.0031348376,0.0,0.0
378,1503542243649.0,-0.0,0.0,0.0,311.83594,40.606476,-74.03199000000002,1.0058204,0.04597605,-0.09873655,0.0003901477,0.007046493000000002,-0.008080295,0.0,0.0
379,1503542243749.0,-0.0,0.0,0.0,311.83594,40.606476,-74.03199000000002,1.0058438,0.042111572,-0.107866116,-0.0013604541,0.014488139,-0.0016881396,0.0,0.0
380,1503542243849.0,-0.0,0.0,0.0,311.83594,40.606476,-74.03199000000002,1.0008366,0.047706004,-0.09555532,-0.006119995,0.009182666,0.00034906738,0.0,0.0
381,1503542243949.0,-0.0,0.0,0.0,311.83594,40.606476,-74.03199000000002,0.99995697,0.052526806,-0.061430175,-0.0059930175,0.009144663,-0.0025246388,0.0,0.0
382,1503542244048.0,-0.015997155,0.014321174,0.021471025,311.83594,40.606476,-74.03199000000002,1.0101994,0.05110674,-0.034800537,0.00055751955,0.013272144,-0.004577075,0.0,0.0
383,1503542244148.0,-0.047968313,0.042942792,0.06438200000000001,311.83594,40.606476,-74.03199000000002,1.0086176,0.049382325,-0.058406983,-0.0043839063,0.01438272,-0.001,0.0,0.0
384,1503542244248.0,-0.079939544,0.07156448,0.107293084,311.83594,40.606476,-74.03199000000002,0.9997778,0.04777782,-0.05655564,-0.004113458,0.007733984399999999,0.00072406005,0.0,0.0
385,1503542244348.0,-0.1119107,0.1001861,0.15020406,311.83594,40.606476,-74.03199000000002,1.0111558,0.044168822,-0.04251941,-0.0011154712,0.0098847635,-0.0005577356,0.0,0.0
386,1503542244448.0,-0.14388186,0.12880772,0.19311504,311.83594,40.606476,-74.03199000000002,1.0078529,0.048,-0.05305237,-0.002308766,0.0060472446,-0.0042,0.0,0.0
387,1503542244547.0,-0.17585301,0.15742934,0.23602602,311.83594,40.606476,-74.03199000000002,1.0026847,0.054105114,-0.045525573,-0.0034448854,0.006616367,0.00048574098,0.0,0.0
388,1503542244647.0,-0.20782419,0.18605097,0.278937,311.83594,40.606476,-74.03199000000002,1.0067298,0.052960802,-0.044461865,-0.0045494920000000005,0.0021,0.0012430286,0.0,0.0
389,1503542244747.0,-0.23979542,0.21467265,0.3218481,311.83594,40.606476,-74.03199000000002,0.9998871,0.041867748,-0.053616136,-0.0036409618,0.005358384,-0.0027067724,0.0,0.0
390,1503542244847.0,-0.27176657,0.24329427,0.36475906,311.83594,40.606476,-74.03199000000002,1.0009308,0.048675414000000014,-0.036467772,-0.0005242969,0.0036757032,0.002839546,0.0,0.0
391,1503542244947.0,-0.30373773,0.27191588,0.40767002,311.83594,40.606476,-74.03199000000002,1.005607,0.043572072,-0.029751124,-0.003338142,0.010226484,-0.0013200244,0.0,0.0
392,1503542245046.0,-0.32037485,0.28680998,0.43,311.83594,40.60647,-74.03199000000002,0.9895852,0.061034303,0.008551978,0.0024395802,0.007997034,0.011955278,0.0,0.0
393,1503542245146.0,-0.32037485,0.28680998,0.43,311.83594,40.60647,-74.03199000000002,1.016877,0.057565577,0.02764751,0.005508179,0.033349533,-0.0043227808,0.0,0.0
394,1503542245246.0,-0.32037485,0.28680998,0.43,311.83594,40.60647,-74.03199000000002,1.0630836,0.048910204000000006,0.007006128,-0.012320409,0.06466941,-0.012069391,0.0,0.0
395,1503542245346.0,-0.32037485,0.28680998,0.43,311.83594,40.60647,-74.03199000000002,1.0424274,0.05795161,0.06190726,0.005142176500000001,0.042383373,-0.0070341895,0.0,0.0
396,1503542245446.0,-0.32037485,0.28680998,0.43,311.83594,40.60647,-74.03199000000002,1.0004616,0.06402793,0.07448953,-0.012395911,0.0027845886,-0.006591571,0.0,0.0
397,1503542245545.0,-0.32037485,0.28680998,0.43,311.83594,40.60647,-74.03199000000002,0.97174054,0.057844665,0.07012091,-0.002331223,-0.048053306,0.017233357,0.0,0.0
398,1503542245645.0,-0.32037485,0.28680998,0.43,311.83594,40.60647,-74.03199000000002,1.0319585999999998,0.05084834,0.029765405,-0.006959622,0.031692468,-0.008892180999999999,0.0,0.0
399,1503542245745.0,-0.32037485,0.28680998,0.43,311.83594,40.60647,-74.03199000000002,1.0186738000000002,0.038910158,0.04924414,0.010689961,0.054377656,-0.015389844,0.0,0.0
400,1503542245845.0,-0.32037485,0.28680998,0.43,311.83594,40.60647,-74.03199000000002,0.99583477,0.06323457,0.06128965,-0.004393125,0.0003802148600000001,-0.0021663867,0.0,0.0
